Date,Close,Volume,Company,Ticker,Close_Normalised,YearMonth
2018-01-02,21.368667602539062,65283000,Tesla,TSLA,100.0,2018-01
2018-01-03,21.149999618530277,67822500,Tesla,TSLA,98.97668872914284,2018-01
2018-01-04,20.974666595458984,149194500,Tesla,TSLA,98.1561741966857,2018-01
2018-01-05,21.10533332824707,68868000,Tesla,TSLA,98.76766170362113,2018-01
2018-01-08,22.42733383178711,147891000,Tesla,TSLA,104.9542921858275,2018-01
2018-01-09,22.246000289916992,107199000,Tesla,TSLA,104.10569673175918,2018-01
2018-01-10,22.31999969482422,64648500,Tesla,TSLA,104.45199536995051,2018-01
2018-01-11,22.530000686645508,99682500,Tesla,TSLA,105.4347472931277,2018-01
2018-01-12,22.4146671295166,72376500,Tesla,TSLA,104.8950151990443,2018-01
2018-01-16,22.67066764831543,97114500,Tesla,TSLA,106.09303336077754,2018-01
2018-01-17,23.143999099731445,106552500,Tesla,TSLA,108.30810572850802,2018-01
2018-01-18,22.971332550048828,85287000,Tesla,TSLA,107.50006962211968,2018-01
2018-01-19,23.334667205810547,73324500,Tesla,TSLA,109.20038459972994,2018-01
2018-01-22,23.437332153320312,93156000,Tesla,TSLA,109.68083078111735,2018-01
2018-01-23,23.519332885742188,81981000,Tesla,TSLA,110.06457362342788,2018-01
2018-01-24,23.05933380126953,79312500,Tesla,TSLA,107.91189338604144,2018-01
2018-01-25,22.50933265686035,101104500,Tesla,TSLA,105.33802610222527,2018-01
2018-01-26,22.856666564941406,68091000,Tesla,TSLA,106.96346159750989,2018-01
2018-01-29,23.302000045776367,71206500,Tesla,TSLA,109.04751049151788,2018-01
2018-01-30,23.05466651916504,70765500,Tesla,TSLA,107.89005167746464,2018-01
2018-01-31,23.62066650390625,93211500,Tesla,TSLA,110.53878951769364,2018-01
2018-02-01,23.28333282470703,62965500,Tesla,TSLA,108.96015258312346,2018-02
2018-02-02,22.916667938232425,55572000,Tesla,TSLA,107.2442529617964,2018-02
2018-02-05,22.208667755126957,66961500,Tesla,TSLA,103.93098984088311,2018-02
2018-02-06,22.264667510986328,76326000,Tesla,TSLA,104.1930546401536,2018-02
2018-02-07,23.0,104538000,Tesla,TSLA,107.63422609122854,2018-02
2018-02-08,21.01533317565918,154719000,Tesla,TSLA,98.34648358310417,2018-02
2018-02-09,20.69466781616211,194005500,Tesla,TSLA,96.84585020033319,2018-02
2018-02-12,21.048667907714844,93417000,Tesla,TSLA,98.50248176078982,2018-02
2018-02-13,21.577333450317383,68403000,Tesla,TSLA,100.97650378422998,2018-02
2018-02-14,21.48733329772949,59260500,Tesla,TSLA,100.555325663713,2018-02
2018-02-15,22.271333694458008,88693500,Tesla,TSLA,104.22425070532564,2018-02
2018-02-16,22.36599922180176,84639000,Tesla,TSLA,104.66726160850664,2018-02
2018-02-20,22.31800079345703,60141000,Tesla,TSLA,104.4426410133553,2018-02
2018-02-21,22.21999931335449,48294000,Tesla,TSLA,103.98401868871913,2018-02
2018-02-22,23.077999114990234,104547000,Tesla,TSLA,107.9992423685231,2018-02
2018-02-23,23.46999931335449,87261000,Tesla,TSLA,109.83370488932937,2018-02
2018-02-26,23.827999114990234,65100000,Tesla,TSLA,111.50905408888924,2018-02
2018-02-27,23.39933204650879,71961000,Tesla,TSLA,109.50299982076768,2018-02
2018-02-28,22.87066650390625,91045500,Tesla,TSLA,107.02897779732751,2018-02
2018-03-01,22.062000274658203,103284000,Tesla,TSLA,103.24462285162205,2018-03
2018-03-02,22.341333389282227,76392000,Tesla,TSLA,104.55183170441376,2018-03
2018-03-05,22.22333335876465,57357000,Tesla,TSLA,103.99962118426154,2018-03
2018-03-06,21.8799991607666,64285500,Tesla,TSLA,102.39290332808014,2018-03
2018-03-07,22.15333366394043,75109500,Tesla,TSLA,103.67204018517342,2018-03
2018-03-08,21.940000534057617,53493000,Tesla,TSLA,102.67369469236662,2018-03
2018-03-09,21.81133270263672,82602000,Tesla,TSLA,102.07156154202642,2018-03
2018-03-12,23.03400039672852,123960000,Tesla,TSLA,107.79333941247502,2018-03
2018-03-13,22.78933334350586,89487000,Tesla,TSLA,106.64835902449057,2018-03
2018-03-14,21.775333404541016,119511000,Tesla,TSLA,101.90309386418474,2018-03
2018-03-15,21.706666946411133,98472000,Tesla,TSLA,101.581752078131,2018-03
2018-03-16,21.42333221435547,91759500,Tesla,TSLA,100.25581666032333,2018-03
2018-03-19,20.90399932861328,112264500,Tesla,TSLA,97.82546912812397,2018-03
2018-03-20,20.703332901000977,71464500,Tesla,TSLA,96.88640062210042,2018-03
2018-03-21,21.101999282836918,89376000,Tesla,TSLA,98.75205920807876,2018-03
2018-03-22,20.606666564941406,74097000,Tesla,TSLA,96.43402643641143,2018-03
2018-03-23,20.1026668548584,99823500,Tesla,TSLA,94.07543431706414,2018-03
2018-03-26,20.27866744995117,125628000,Tesla,TSLA,94.89907291899482,2018-03
2018-03-27,18.61199951171875,208080000,Tesla,TSLA,87.09948536757265,2018-03
2018-03-28,17.185333251953125,315021000,Tesla,TSLA,80.4230454214709,2018-03
2018-03-29,17.742000579833984,227560500,Tesla,TSLA,83.02810877045908,2018-03
2018-04-02,16.832000732421875,241710000,Tesla,TSLA,78.76953793048784,2018-04
2018-04-03,17.8353328704834,282666000,Tesla,TSLA,83.46488046060566,2018-04
2018-04-04,19.12933349609375,298450500,Tesla,TSLA,89.52047854317678,2018-04
2018-04-05,20.381332397460938,286816500,Tesla,TSLA,95.37951910038225,2018-04
2018-04-06,19.953332901000977,202804500,Tesla,TSLA,93.37658890173427,2018-04
2018-04-09,19.310667037963867,153747000,Tesla,TSLA,90.36907399724511,2018-04
2018-04-10,20.31333351135254,164847000,Tesla,TSLA,95.06130138380212,2018-04
2018-04-11,20.062000274658203,112243500,Tesla,TSLA,93.88512493064566,2018-04
2018-04-12,19.60533332824707,114132000,Tesla,TSLA,91.74803826288884,2018-04
2018-04-13,20.022666931152344,109908000,Tesla,TSLA,93.70105475726159,2018-04
2018-04-16,19.41399955749512,95077500,Tesla,TSLA,90.85264424810612,2018-04
2018-04-17,19.179332733154297,105000000,Tesla,TSLA,89.75446242083608,2018-04
2018-04-18,19.55666732788086,98365500,Tesla,TSLA,91.52029359826395,2018-04
2018-04-19,20.005332946777344,91359000,Tesla,TSLA,93.61993606190157,2018-04
2018-04-20,19.34933280944824,84418500,Tesla,TSLA,90.55002010115557,2018-04
2018-04-23,18.891332626342773,73401000,Tesla,TSLA,88.40669422036437,2018-04
2018-04-24,18.8973331451416,85279500,Tesla,TSLA,88.43477514197556,2018-04
2018-04-25,18.71266746520996,60204000,Tesla,TSLA,87.57058611827763,2018-04
2018-04-26,19.03199958801269,65340000,Tesla,TSLA,89.0649802880142,2018-04
2018-04-27,19.60533332824707,65469000,Tesla,TSLA,91.74803826288884,2018-04
2018-04-30,19.59333229064941,63423000,Tesla,TSLA,91.69187641966641,2018-04
2018-05-01,19.994667053222656,69384000,Tesla,TSLA,93.57002235762634,2018-05
2018-05-02,20.07666778564453,134556000,Tesla,TSLA,93.95376519993688,2018-05
2018-05-03,18.96333312988281,260281500,Tesla,TSLA,88.74363850196048,2018-05
2018-05-04,19.606000900268555,128541000,Tesla,TSLA,91.75116233236244,2018-05
2018-05-07,20.184667587280277,130173000,Tesla,TSLA,94.45917715937469,2018-05
2018-05-08,20.131332397460938,88950000,Tesla,TSLA,94.2095818602602,2018-05
2018-05-09,20.456666946411133,85911000,Tesla,TSLA,95.73206587752077,2018-05
2018-05-10,20.334667205810547,84774000,Tesla,TSLA,95.16113771826534,2018-05
2018-05-11,20.070667266845703,70194000,Tesla,TSLA,93.92568427832568,2018-05
2018-05-14,19.46466636657715,109302000,Tesla,TSLA,91.08975219523899,2018-05
2018-05-15,18.94533348083496,142788000,Tesla,TSLA,88.65940466303965,2018-05
2018-05-16,19.09866714477539,85110000,Tesla,TSLA,89.37696771747272,2018-05
2018-05-17,18.96933364868164,66309000,Tesla,TSLA,88.7717194235717,2018-05
2018-05-18,18.454666137695312,108778500,Tesla,TSLA,86.36320467403638,2018-05
2018-05-21,18.965999603271484,137739000,Tesla,TSLA,88.7561169280293,2018-05
2018-05-22,18.333999633789062,134187000,Tesla,TSLA,85.79851572781536,2018-05
2018-05-23,18.60466766357422,89776500,Tesla,TSLA,87.06517415883982,2018-05
2018-05-24,18.523332595825195,62650500,Tesla,TSLA,86.6845464600901,2018-05
2018-05-25,18.59000015258789,58126500,Tesla,TSLA,86.99653388954862,2018-05
2018-05-29,18.917333602905277,84999000,Tesla,TSLA,88.52837226340442,2018-05
2018-05-30,19.447999954223636,112345500,Tesla,TSLA,91.01175756935257,2018-05
2018-05-31,18.98200035095215,88795500,Tesla,TSLA,88.83099641035491,2018-05
2018-06-01,19.454666137695312,81366000,Tesla,TSLA,91.04295363452457,2018-06
2018-06-04,19.78266716003418,71967000,Tesla,TSLA,92.57791607785396,2018-06
2018-06-05,19.408666610717773,89928000,Tesla,TSLA,90.82768739596848,2018-06
2018-06-06,21.299999237060547,281509500,Tesla,TSLA,99.6786492880335,2018-06
2018-06-07,21.07266616821289,215179500,Tesla,TSLA,98.61478759540908,2018-06
2018-06-08,21.17733383178711,123078000,Tesla,TSLA,99.10460598521726,2018-06
2018-06-11,22.13999938964844,197752500,Tesla,TSLA,103.60963912891661,2018-06
2018-06-12,22.851333618164062,335211000,Tesla,TSLA,106.93850474537227,2018-06
2018-06-13,22.985332489013672,142047000,Tesla,TSLA,107.56558582193732,2018-06
2018-06-14,23.847999572753903,164715000,Tesla,TSLA,111.60265121031804,2018-06
2018-06-15,23.87800025939941,162724500,Tesla,TSLA,111.74304689246131,2018-06
2018-06-18,24.722000122070312,181098000,Tesla,TSLA,115.69275437244764,2018-06
2018-06-19,23.503332138061523,191428500,Tesla,TSLA,109.98969414110226,2018-06
2018-06-20,24.14800071716309,125755500,Tesla,TSLA,113.00658125401222,2018-06
2018-06-21,23.167333602905277,119506500,Tesla,TSLA,108.41730534547926,2018-06
2018-06-22,22.242000579833984,153991500,Tesla,TSLA,104.08697909265597,2018-06
2018-06-25,22.200666427612305,103969500,Tesla,TSLA,103.89354563676392,2018-06
2018-06-26,22.799999237060547,111787500,Tesla,TSLA,106.6982727287658,2018-06
2018-06-27,22.96666717529297,125005500,Tesla,TSLA,107.47823683945568,2018-06
2018-06-28,23.32866668701172,125970000,Tesla,TSLA,109.17230367811874,2018-06
2018-06-29,22.86333274841309,97386000,Tesla,TSLA,106.99465766268193,2018-06
2018-07-02,22.33799934387207,281397000,Tesla,TSLA,104.53622920887136,2018-07
2018-07-03,20.724000930786133,184239000,Tesla,TSLA,96.98312181300284,2018-07
2018-07-05,20.61066627502441,262146000,Tesla,TSLA,96.45274407551463,2018-07
2018-07-06,20.59333229064941,132982500,Tesla,TSLA,96.37162538015461,2018-07
2018-07-09,21.233999252319336,113952000,Tesla,TSLA,99.36978592804857,2018-07
2018-07-10,21.49799919128418,142072500,Tesla,TSLA,100.60523936798825,2018-07
2018-07-11,21.263999938964844,73261500,Tesla,TSLA,99.51018161019182,2018-07
2018-07-12,21.11400032043457,85818000,Tesla,TSLA,98.80822105130115,2018-07
2018-07-13,21.257999420166016,88047000,Tesla,TSLA,99.48210068858062,2018-07
2018-07-16,20.67333221435547,117280500,Tesla,TSLA,96.74600493995717,2018-07
2018-07-17,21.512666702270508,104943000,Tesla,TSLA,100.67387963727947,2018-07
2018-07-18,21.59000015258789,84363000,Tesla,TSLA,101.03578077101321,2018-07
2018-07-19,21.34866714477539,88729500,Tesla,TSLA,99.90640287857117,2018-07
2018-07-20,20.905332565307617,77433000,Tesla,TSLA,97.83170834115839,2018-07
2018-07-23,20.21333312988281,164893500,Tesla,TSLA,94.59332470257071,2018-07
2018-07-24,19.82866668701172,143862000,Tesla,TSLA,92.79318231641004,2018-07
2018-07-25,20.582666397094727,106131000,Tesla,TSLA,96.3217116758794,2018-07
2018-07-26,20.44333267211914,69457500,Tesla,TSLA,95.66966482126395,2018-07
2018-07-27,19.812000274658203,85549500,Tesla,TSLA,92.7151876905236,2018-07
2018-07-30,19.344667434692383,102211500,Tesla,TSLA,90.52818731849156,2018-07
2018-07-31,19.875999450683597,76153500,Tesla,TSLA,93.01468776800054,2018-07
2018-08-01,20.05599975585937,151941000,Tesla,TSLA,93.85704400903444,2018-08
2018-08-02,23.30266761779785,348225000,Tesla,TSLA,109.05063456099147,2018-08
2018-08-03,23.211332321166992,204847500,Tesla,TSLA,108.62320830152734,2018-08
2018-08-06,22.79933357238769,128464500,Tesla,TSLA,106.69515758520495,2018-08
2018-08-07,25.30466651916504,463137000,Tesla,TSLA,118.41948683856309,2018-08
2018-08-08,24.689332962036133,368568000,Tesla,TSLA,115.53988026423558,2018-08
2018-08-09,23.49666786193848,257757000,Tesla,TSLA,109.95850700184305,2018-08
2018-08-10,23.69933319091797,173280000,Tesla,TSLA,110.9069298644618,2018-08
2018-08-13,23.76066780090332,156958500,Tesla,TSLA,111.19396044178269,2018-08
2018-08-14,23.176000595092773,104796000,Tesla,TSLA,108.45786469315925,2018-08
2018-08-15,22.57933235168457,136519500,Tesla,TSLA,105.66560710131338,2018-08
2018-08-16,22.36333274841309,90960000,Tesla,TSLA,104.65478318243781,2018-08
2018-08-17,20.36666679382324,284379000,Tesla,TSLA,95.3108877570038,2018-08
2018-08-20,20.562667846679688,261034500,Tesla,TSLA,96.22812348036335,2018-08
2018-08-21,21.459999084472656,197583000,Tesla,TSLA,100.42740840763858,2018-08
2018-08-22,21.44266700744629,89190000,Tesla,TSLA,100.34629863819133,2018-08
2018-08-23,21.34000015258789,77209500,Tesla,TSLA,99.86584353089115,2018-08
2018-08-24,21.521333694458008,54039000,Tesla,TSLA,100.71443898495949,2018-08
2018-08-27,21.284666061401367,196189500,Tesla,TSLA,99.60689387518147,2018-08
2018-08-28,20.790666580200195,114736500,Tesla,TSLA,97.29510031654857,2018-08
2018-08-29,20.333999633789062,111711000,Tesla,TSLA,95.15801364879175,2018-08
2018-08-30,20.209999084472656,108250500,Tesla,TSLA,94.57772220702833,2018-08
2018-08-31,20.11066627502441,80626500,Tesla,TSLA,94.11286959527054,2018-08
2018-09-04,19.26333236694336,125257500,Tesla,TSLA,90.14755961974184,2018-09
2018-09-05,18.715999603271484,115812000,Tesla,TSLA,87.58617968790723,2018-09
2018-09-06,18.729999542236328,112212000,Tesla,TSLA,87.65169588772487,2018-09
2018-09-07,17.549333572387695,337378500,Tesla,TSLA,82.12647554264194,2018-09
2018-09-10,19.03333282470703,214252500,Tesla,TSLA,89.07121950104862,2018-09
2018-09-11,18.62933349609375,137550000,Tesla,TSLA,87.18060406293269,2018-09
2018-09-12,19.369333267211918,150231000,Tesla,TSLA,90.64361722258442,2018-09
2018-09-13,19.297332763671875,95104500,Tesla,TSLA,90.30667294098829,2018-09
2018-09-14,19.68000030517578,101484000,Tesla,TSLA,92.09746097055377,2018-09
2018-09-17,19.6560001373291,103314000,Tesla,TSLA,91.98514621002172,2018-09
2018-09-18,18.997333526611328,248212500,Tesla,TSLA,88.90275182320696,2018-09
2018-09-19,19.934667587280277,124423500,Tesla,TSLA,93.28923991925264,2018-09
2018-09-20,19.8886661529541,110241000,Tesla,TSLA,93.07396475478376,2018-09
2018-09-21,19.940000534057617,75757500,Tesla,TSLA,93.31419677139023,2018-09
2018-09-24,19.978666305541992,72645000,Tesla,TSLA,93.49514287530071,2018-09
2018-09-25,20.06599998474121,67225500,Tesla,TSLA,93.90384256974886,2018-09
2018-09-26,20.6386661529541,117648000,Tesla,TSLA,96.5837764751499,2018-09
2018-09-27,20.501333236694336,127636500,Tesla,TSLA,95.94109290304245,2018-09
2018-09-28,17.65133285522461,504745500,Tesla,TSLA,82.60380658046853,2018-09
2018-10-01,20.71333312988281,326664000,Tesla,TSLA,96.93319918281482,2018-10
2018-10-02,20.06800079345703,176152500,Tesla,TSLA,93.91320585225687,2018-10
2018-10-03,19.65333366394043,119925000,Tesla,TSLA,91.97266778395291,2018-10
2018-10-04,18.788667678833008,147213000,Tesla,TSLA,87.92624803897696,2018-10
2018-10-05,17.463333129882812,269167500,Tesla,TSLA,81.7240150612282,2018-10
2018-10-08,16.70400047302246,202090500,Tesla,TSLA,78.17052884962122,2018-10
2018-10-09,17.520000457763672,180909000,Tesla,TSLA,81.98920392997229,2018-10
2018-10-10,17.125333786010742,192229500,Tesla,TSLA,80.14226298309718,2018-10
2018-10-11,16.815332412719727,122515500,Tesla,TSLA,78.69153437868863,2018-10
2018-10-12,17.25200080871582,108021000,Tesla,TSLA,80.7350328509294,2018-10
2018-10-15,17.305999755859375,93000000,Tesla,TSLA,80.98773436769191,2018-10
2018-10-16,18.439332962036133,142896000,Tesla,TSLA,86.29144926118435,2018-10
2018-10-17,18.118667602539062,129832500,Tesla,TSLA,84.79081587841335,2018-10
2018-10-18,17.5939998626709,81318000,Tesla,TSLA,82.33550256816362,2018-10
2018-10-19,17.333332061767578,140632500,Tesla,TSLA,81.11564269785356,2018-10
2018-10-22,17.39666748046875,84004500,Tesla,TSLA,81.41203655768247,2018-10
2018-10-23,19.60933303833008,285417000,Tesla,TSLA,91.76675590199207,2018-10
2018-10-24,19.233333587646484,300874500,Tesla,TSLA,90.00717286351136,2018-10
2018-10-25,20.99066734313965,312610500,Tesla,TSLA,98.23105367901132,2018-10
2018-10-26,22.059999465942383,411382500,Tesla,TSLA,103.23525956911406,2018-10
2018-10-29,22.32333374023437,217290000,Tesla,TSLA,104.4675978654929,2018-10
2018-10-30,21.99333381652832,136900500,Tesla,TSLA,102.92328106556832,2018-10
2018-10-31,22.488000869750977,114364500,Tesla,TSLA,105.23819869367482,2018-10
2018-11-01,22.95199966430664,120001500,Tesla,TSLA,107.40959657016447,2018-11
2018-11-02,23.0939998626709,117120000,Tesla,TSLA,108.0741218508487,2018-11
2018-11-05,22.76000022888184,117465000,Tesla,TSLA,106.51108741182091,2018-11
2018-11-06,22.73733329772949,101443500,Tesla,TSLA,106.40501186432326,2018-11
2018-11-07,23.21066665649414,110617500,Tesla,TSLA,108.62009315796652,2018-11
2018-11-08,23.426666259765625,106360500,Tesla,TSLA,109.63091707684211,2018-11
2018-11-09,23.367332458496094,76482000,Tesla,TSLA,109.35324978202921,2018-11
2018-11-12,22.0853328704834,104122500,Tesla,TSLA,103.3538135426805,2018-11
2018-11-13,22.582000732421875,81729000,Tesla,TSLA,105.67809445329499,2018-11
2018-11-14,22.933332443237305,75604500,Tesla,TSLA,107.32223866177002,2018-11
2018-11-15,23.22933387756348,69385500,Tesla,TSLA,108.70745106636097,2018-11
2018-11-16,23.62066650390625,108093000,Tesla,TSLA,110.53878951769364,2018-11
2018-11-19,23.564666748046875,145633500,Tesla,TSLA,110.27672471842315,2018-11
2018-11-20,23.166000366210938,120070500,Tesla,TSLA,108.41106613244484,2018-11
2018-11-21,22.54599952697754,70302000,Tesla,TSLA,105.50961784954053,2018-11
2018-11-23,21.722000122070312,63039000,Tesla,TSLA,101.65350749098306,2018-11
2018-11-26,23.06666755676269,119881500,Tesla,TSLA,107.94621352068702,2018-11
2018-11-27,22.92799949645996,95374500,Tesla,TSLA,107.29728180963242,2018-11
2018-11-28,23.191333770751957,61914000,Tesla,TSLA,108.52962010601131,2018-11
2018-11-29,22.744667053222656,46210500,Tesla,TSLA,106.4393319989689,2018-11
2018-11-30,23.365333557128903,84436500,Tesla,TSLA,109.34389542543398,2018-11
2018-12-03,23.89933204650879,124597500,Tesla,TSLA,111.84287430101176,2018-12
2018-12-04,23.979999542236328,126928500,Tesla,TSLA,112.22037793028792,2018-12
2018-12-06,24.20400047302246,117637500,Tesla,TSLA,113.26864605328271,2018-12
2018-12-07,23.86466789245605,172668000,Tesla,TSLA,111.68065476211726,2018-12
2018-12-10,24.34333229064941,99202500,Tesla,TSLA,113.92068398198536,2018-12
2018-12-11,24.450666427612305,94632000,Tesla,TSLA,114.42298079786235,2018-12
2018-12-12,24.440000534057617,75405000,Tesla,TSLA,114.37306709358712,2018-12
2018-12-13,25.119333267211918,110488500,Tesla,TSLA,117.55217374539157,2018-12
2018-12-14,24.38066673278809,95064000,Tesla,TSLA,114.09539979877424,2018-12
2018-12-17,23.22800064086914,115110000,Tesla,TSLA,108.70121185332656,2018-12
2018-12-18,22.46866607666016,106500000,Tesla,TSLA,105.14771671580681,2018-12
2018-12-19,22.197999954223636,124113000,Tesla,TSLA,103.88106721069512,2018-12
2018-12-20,21.025333404541016,136078500,Tesla,TSLA,98.3932821438186,2018-12
2018-12-21,21.31800079345703,120252000,Tesla,TSLA,99.76289205286712,2018-12
2018-12-24,19.69266700744629,83398500,Tesla,TSLA,92.156737957337,2018-12
2018-12-26,21.73933219909668,122446500,Tesla,TSLA,101.7346172604303,2018-12
2018-12-27,21.07533264160156,128626500,Tesla,TSLA,98.62726602147787,2018-12
2018-12-28,22.257999420166016,149085000,Tesla,TSLA,104.1618496490688,2018-12
2018-12-31,22.18666648864746,94534500,Tesla,TSLA,103.8280294369463,2018-12
2019-01-02,20.67466735839844,174879000,Tesla,TSLA,96.75225307890437,2019-01
2019-01-03,20.02400016784668,104478000,Tesla,TSLA,93.70729397029599,2019-01
2019-01-04,21.179332733154297,110911500,Tesla,TSLA,99.11396034181249,2019-01
2019-01-07,22.33066749572754,113268000,Tesla,TSLA,104.50191800013853,2019-01
2019-01-08,22.356666564941406,105127500,Tesla,TSLA,104.62358711726579,2019-01
2019-01-09,22.568666458129883,81493500,Tesla,TSLA,105.61569339703816,2019-01
2019-01-10,22.99799919128418,90846000,Tesla,TSLA,107.62486280872055,2019-01
2019-01-11,23.15066719055176,75586500,Tesla,TSLA,108.33931071959282,2019-01
2019-01-14,22.293333053588867,78709500,Tesla,TSLA,104.32720218334967,2019-01
2019-01-15,22.96199989318848,90849000,Tesla,TSLA,107.4563951308789,2019-01
2019-01-16,23.06999969482422,70375500,Tesla,TSLA,107.96180709031667,2019-01
2019-01-17,23.15399932861328,55150500,Tesla,TSLA,108.35490428922243,2019-01
2019-01-18,20.15066719055176,362262000,Tesla,TSLA,94.30006383812824,2019-01
2019-01-22,19.92799949645996,181000500,Tesla,TSLA,93.25803492816782,2019-01
2019-01-23,19.172666549682617,187950000,Tesla,TSLA,89.72326635566407,2019-01
2019-01-24,19.43400001525879,120183000,Tesla,TSLA,90.94624136953493,2019-01
2019-01-25,19.80266761779785,108744000,Tesla,TSLA,92.67151319928278,2019-01
2019-01-28,19.7586669921875,96349500,Tesla,TSLA,92.46560131732191,2019-01
2019-01-29,19.83066749572754,69325500,Tesla,TSLA,92.80254559891804,2019-01
2019-01-30,20.584667205810547,168754500,Tesla,TSLA,96.3310749583874,2019-01
2019-01-31,20.468000411987305,188538000,Tesla,TSLA,95.7851036512696,2019-01
2019-02-01,20.81399917602539,109251000,Tesla,TSLA,97.40429100760703,2019-02
2019-02-04,20.85933303833008,110281500,Tesla,TSLA,97.6164421026023,2019-02
2019-02-05,21.42333221435547,101142000,Tesla,TSLA,100.25581666032333,2019-02
2019-02-06,21.14800071716309,75577500,Tesla,TSLA,98.96733437254763,2019-02
2019-02-07,20.500667572021484,97809000,Tesla,TSLA,95.93797775948164,2019-02
2019-02-08,20.386667251586918,87663000,Tesla,TSLA,95.40448487843265,2019-02
2019-02-11,20.856000900268555,106945500,Tesla,TSLA,97.60084853297269,2019-02
2019-02-12,20.78733253479004,82764000,Tesla,TSLA,97.27949782100616,2019-02
2019-02-13,20.544666290283203,77124000,Tesla,TSLA,96.14388071552973,2019-02
2019-02-14,20.251333236694336,78012000,Tesla,TSLA,94.7711556629204,2019-02
2019-02-15,20.525333404541016,58573500,Tesla,TSLA,96.0534076635745,2019-02
2019-02-19,20.375999450683597,62526000,Tesla,TSLA,95.35456224824465,2019-02
2019-02-20,20.17066764831543,107131500,Tesla,TSLA,94.39366095955705,2019-02
2019-02-21,19.415332794189453,133638000,Tesla,TSLA,90.85888346114051,2019-02
2019-02-22,19.6473331451416,86109000,Tesla,TSLA,91.94458686234171,2019-02
2019-02-25,19.917999267578125,99397500,Tesla,TSLA,93.21123636745341,2019-02
2019-02-26,19.857332229614254,128737500,Tesla,TSLA,92.92732985960609,2019-02
2019-02-27,20.982667922973636,167758500,Tesla,TSLA,98.19361840080492,2019-02
2019-02-28,21.32533264160156,157810500,Tesla,TSLA,99.79720326159992,2019-02
2019-03-01,19.652666091918945,343671000,Tesla,TSLA,91.96954371447933,2019-03
2019-03-04,19.02400016784668,256452000,Tesla,TSLA,89.0275450098078,2019-03
2019-03-05,18.43600082397461,281470500,Tesla,TSLA,86.27585569155472,2019-03
2019-03-06,18.416000366210938,155032500,Tesla,TSLA,86.1822585701259,2019-03
2019-03-07,18.439332962036133,141637500,Tesla,TSLA,86.29144926118435,2019-03
2019-03-08,18.94266700744629,132294000,Tesla,TSLA,88.64692623697084,2019-03
2019-03-11,19.39466667175293,110884500,Tesla,TSLA,90.76217119615086,2019-03
2019-03-12,18.89066696166992,112561500,Tesla,TSLA,88.40357907680354,2019-03
2019-03-13,19.263999938964844,102670500,Tesla,TSLA,90.15068368921543,2019-03
2019-03-14,19.33066749572754,106551000,Tesla,TSLA,90.46267111867394,2019-03
2019-03-15,18.36199951171875,221782500,Tesla,TSLA,85.9295481274506,2019-03
2019-03-18,17.965999603271484,154215000,Tesla,TSLA,84.0763679675411,2019-03
2019-03-19,17.83133316040039,177009000,Tesla,TSLA,83.44616282150245,2019-03
2019-03-20,18.239999771118164,103623000,Tesla,TSLA,85.3586199681952,2019-03
2019-03-21,18.26799964904785,89206500,Tesla,TSLA,85.48965236783044,2019-03
2019-03-22,17.635332107543945,131184000,Tesla,TSLA,82.52892709814292,2019-03
2019-03-25,17.3613338470459,153225000,Tesla,TSLA,81.2466840234016,2019-03
2019-03-26,17.851333618164062,110263500,Tesla,TSLA,83.53975994293128,2019-03
2019-03-27,18.32200050354004,131688000,Tesla,TSLA,85.74236281050572,2019-03
2019-03-28,18.57466697692871,101611500,Tesla,TSLA,86.92477847669659,2019-03
2019-03-29,18.65733337402344,89869500,Tesla,TSLA,87.31163646256796,2019-03
2019-04-01,19.27866744995117,121656000,Tesla,TSLA,90.21932395850662,2019-04
2019-04-02,19.058666229248047,82183500,Tesla,TSLA,89.18977347461507,2019-04
2019-04-03,19.45400047302246,118791000,Tesla,TSLA,91.03983849096376,2019-04
2019-04-04,17.851999282836914,355810500,Tesla,TSLA,83.5428750864921,2019-04
2019-04-05,18.33066749572754,195574500,Tesla,TSLA,85.78292215818574,2019-04
2019-04-08,18.21333312988281,156156000,Tesla,TSLA,85.23382678159433,2019-04
2019-04-09,18.15399932861328,88560000,Tesla,TSLA,84.95615948678143,2019-04
2019-04-10,18.40399932861328,105919500,Tesla,TSLA,86.12609672690348,2019-04
2019-04-11,17.89466667175293,147538500,Tesla,TSLA,83.74254775541856,2019-04
2019-04-12,17.84666633605957,101190000,Tesla,TSLA,83.51791823435448,2019-04
2019-04-15,17.7586669921875,150579000,Tesla,TSLA,83.10610339634552,2019-04
2019-04-16,18.224000930786133,109093500,Tesla,TSLA,85.28374941178235,2019-04
2019-04-17,18.082000732421875,76897500,Tesla,TSLA,84.6192241310981,2019-04
2019-04-18,18.21733283996582,88144500,Tesla,TSLA,85.25254442069755,2019-04
2019-04-22,17.516666412353516,182206500,Tesla,TSLA,81.9736014344299,2019-04
2019-04-23,17.593332290649414,164158500,Tesla,TSLA,82.33237849869003,2019-04
2019-04-24,17.243999481201172,160912500,Tesla,TSLA,80.6975886468102,2019-04
2019-04-25,16.5086669921875,327741000,Tesla,TSLA,77.25641719573527,2019-04
2019-04-26,15.675999641418455,335410500,Tesla,TSLA,73.35974302654137,2019-04
2019-04-29,16.097999572753906,250717500,Tesla,TSLA,75.33459676653453,2019-04
2019-04-30,15.912667274475098,141969000,Tesla,TSLA,74.4672881363194,2019-04
2019-05-01,15.600666999816896,160566000,Tesla,TSLA,73.00720517531565,2019-05
2019-05-02,16.273332595825195,272389500,Tesla,TSLA,76.15511129899166,2019-05
2019-05-03,17.00200080871582,355602000,Tesla,TSLA,79.56509561080736,2019-05
2019-05-06,17.022666931152344,162508500,Tesla,TSLA,79.661807875797,2019-05
2019-05-07,16.470666885375977,151971000,Tesla,TSLA,77.0785862353856,2019-05
2019-05-08,16.32266616821289,92646000,Tesla,TSLA,76.38598003309014,2019-05
2019-05-09,16.131999969482422,100671000,Tesla,TSLA,75.493710087781,2019-05
2019-05-10,15.968000411987305,105124500,Tesla,TSLA,74.7262333290727,2019-05
2019-05-13,15.133999824523926,162522000,Tesla,TSLA,70.8233199468444,2019-05
2019-05-14,15.487333297729492,108786000,Tesla,TSLA,72.47683190078384,2019-05
2019-05-15,15.463333129882812,109440000,Tesla,TSLA,72.36451714025179,2019-05
2019-05-16,15.222000122070312,112249500,Tesla,TSLA,71.23513924780977,2019-05
2019-05-17,14.0686674118042,266800500,Tesla,TSLA,65.83783169584488,2019-05
2019-05-20,13.690667152404783,307893000,Tesla,TSLA,64.0688853748562,2019-05
2019-05-21,13.67199993133545,270058500,Tesla,TSLA,63.98152746646177,2019-05
2019-05-22,12.84866714477539,280278000,Tesla,TSLA,60.128536714421486,2019-05
2019-05-23,13.03266716003418,398206500,Tesla,TSLA,60.98961059455862,2019-05
2019-05-24,12.708666801452637,212049000,Tesla,TSLA,59.473370253288834,2019-05
2019-05-28,12.579999923706056,154693500,Tesla,TSLA,58.87124156590502,2019-05
2019-05-29,12.657333374023438,179529000,Tesla,TSLA,59.233142699638755,2019-05
2019-05-30,12.54800033569336,118897500,Tesla,TSLA,58.72149152716655,2019-05
2019-05-31,12.343999862670898,156100500,Tesla,TSLA,57.76682052560059,2019-05
2019-06-03,11.9313325881958,195966000,Tesla,TSLA,55.83564127684826,2019-06
2019-06-04,12.90666675567627,207112500,Tesla,TSLA,60.3999603332436,2019-06
2019-06-05,13.105999946594238,202662000,Tesla,TSLA,61.33278962623275,2019-06
2019-06-06,13.729999542236328,303633000,Tesla,TSLA,64.25295108528388,2019-06
2019-06-07,13.633333206176758,240052500,Tesla,TSLA,63.80057689959491,2019-06
2019-06-10,14.19200038909912,158775000,Tesla,TSLA,66.41499906813469,2019-06
2019-06-11,14.473333358764648,174802500,Tesla,TSLA,67.73156674047802,2019-06
2019-06-12,13.95066738128662,227962500,Tesla,TSLA,65.28562117569267,2019-06
2019-06-13,14.260666847229004,122524500,Tesla,TSLA,66.73634085418844,2019-06
2019-06-14,14.32800006866455,111501000,Tesla,TSLA,67.05144342720776,2019-06
2019-06-17,15.001999855041504,184752000,Tesla,TSLA,70.20559322687457,2019-06
2019-06-18,14.982666969299316,190737000,Tesla,TSLA,70.11512017491933,2019-06
2019-06-19,15.095333099365234,98626500,Tesla,TSLA,70.64236937997754,2019-06
2019-06-20,14.641332626342772,177952500,Tesla,TSLA,68.51776113828952,2019-06
2019-06-21,14.790666580200195,123031500,Tesla,TSLA,69.21660655361939,2019-06
2019-06-24,14.90933322906494,86262000,Tesla,TSLA,69.77193668028879,2019-06
2019-06-25,14.650667190551758,92731500,Tesla,TSLA,68.56144455544313,2019-06
2019-06-26,14.618000030517578,127608000,Tesla,TSLA,68.40857044723107,2019-06
2019-06-27,14.855999946594238,95095500,Tesla,TSLA,69.5223503070871,2019-06
2019-06-28,14.897333145141602,102771000,Tesla,TSLA,69.71577930002279,2019-06
2019-07-01,15.14466667175293,123201000,Tesla,TSLA,70.87323811407602,2019-07
2019-07-02,14.970000267028809,138885000,Tesla,TSLA,70.05584318813611,2019-07
2019-07-03,15.65999984741211,213016500,Tesla,TSLA,73.28486800717215,2019-07
2019-07-05,15.539999961853027,105985500,Tesla,TSLA,72.72329866746833,2019-07
2019-07-08,15.355999946594238,88207500,Tesla,TSLA,71.8622247873312,2019-07
2019-07-09,15.337332725524902,92862000,Tesla,TSLA,71.77486687893678,2019-07
2019-07-10,15.928000450134276,137185500,Tesla,TSLA,74.53904354917141,2019-07
2019-07-11,15.90666675567627,112716000,Tesla,TSLA,74.43920721470819,2019-07
2019-07-12,16.338666915893555,138007500,Tesla,TSLA,76.46085951541576,2019-07
2019-07-15,16.899999618530273,165001500,Tesla,TSLA,79.08775564706798,2019-07
2019-07-16,16.825332641601562,122235000,Tesla,TSLA,78.73833293940305,2019-07
2019-07-17,16.99066734313965,146470500,Tesla,TSLA,79.51205783705853,2019-07
2019-07-18,16.902666091918945,71379000,Tesla,TSLA,79.10023407313679,2019-07
2019-07-19,17.211999893188477,105726000,Tesla,TSLA,80.54783860807174,2019-07
2019-07-22,17.045333862304688,102636000,Tesla,TSLA,79.76788342329463,2019-07
2019-07-23,17.344667434692383,75346500,Tesla,TSLA,81.16868939751517,2019-07
2019-07-24,17.658666610717773,166092000,Tesla,TSLA,82.63812671511414,2019-07
2019-07-25,15.254667282104492,336274500,Tesla,TSLA,71.38801335602182,2019-07
2019-07-26,15.202667236328123,150415500,Tesla,TSLA,71.14466619585451,2019-07
2019-07-29,15.718000411987305,139099500,Tesla,TSLA,73.55629608895065,2019-07
2019-07-30,16.150667190551758,121635000,Tesla,TSLA,75.58106799617542,2019-07
2019-07-31,16.107332229614258,137673000,Tesla,TSLA,75.37827125777537,2019-07
2019-08-01,15.59000015258789,123892500,Tesla,TSLA,72.95728700808401,2019-08
2019-08-02,15.62266731262207,92047500,Tesla,TSLA,73.11016111629608,2019-08
2019-08-05,15.221332550048828,105424500,Tesla,TSLA,71.23201517833617,2019-08
2019-08-06,15.383333206176758,83463000,Tesla,TSLA,71.99013758044926,2019-08
2019-08-07,15.56133270263672,71647500,Tesla,TSLA,72.82313053897519,2019-08
2019-08-08,15.886667251586914,79114500,Tesla,TSLA,74.34561455623574,2019-08
2019-08-09,15.667332649230955,58473000,Tesla,TSLA,73.31918367886135,2019-08
2019-08-12,15.267333030700684,69958500,Tesla,TSLA,71.44728587984865,2019-08
2019-08-13,15.666666984558104,72721500,Tesla,TSLA,73.31606853530054,2019-08
2019-08-14,14.641332626342772,143439000,Tesla,TSLA,68.51776113828952,2019-08
2019-08-15,14.37600040435791,122394000,Tesla,TSLA,67.27607294827183,2019-08
2019-08-16,14.662667274475098,76477500,Tesla,TSLA,68.61760193570915,2019-08
2019-08-19,15.121999740600586,79644000,Tesla,TSLA,70.76716256657838,2019-08
2019-08-20,15.057332992553713,61878000,Tesla,TSLA,70.46453841962787,2019-08
2019-08-21,14.722000122070312,116914500,Tesla,TSLA,68.89526476756565,2019-08
2019-08-22,14.8100004196167,98385000,Tesla,TSLA,69.30708406853101,2019-08
2019-08-23,14.09333324432373,128079000,Tesla,TSLA,65.95326159993773,2019-08
2019-08-26,14.333333015441896,75778500,Tesla,TSLA,67.07640027934538,2019-08
2019-08-27,14.272000312805176,81243000,Tesla,TSLA,66.78937862793724,2019-08
2019-08-28,14.37266731262207,48382500,Tesla,TSLA,67.26047491568583,2019-08
2019-08-29,14.780667304992676,77692500,Tesla,TSLA,69.16981245586136,2019-08
2019-08-30,15.040666580200195,139809000,Tesla,TSLA,70.38654379374144,2019-08
2019-09-03,15.000666618347168,80311500,Tesla,TSLA,70.19935401384016,2019-09
2019-09-04,14.711999893188477,86415000,Tesla,TSLA,68.84846620685124,2019-09
2019-09-05,15.305333137512209,110929500,Tesla,TSLA,71.62511684019832,2019-09
2019-09-06,15.16333293914795,62841000,Tesla,TSLA,70.96059155951406,2019-09
2019-09-09,15.452667236328123,72040500,Tesla,TSLA,72.31460343597657,2019-09
2019-09-10,15.702667236328123,73255500,Tesla,TSLA,73.4845406760986,2019-09
2019-09-11,16.47333335876465,150642000,Tesla,TSLA,77.09106466145441,2019-09
2019-09-12,16.391332626342773,128718000,Tesla,TSLA,76.70732181914387,2019-09
2019-09-13,16.34666633605957,79696500,Tesla,TSLA,76.4982947936222,2019-09
2019-09-16,16.187332153320312,70921500,Tesla,TSLA,75.7526508175779,2019-09
2019-09-17,16.319332122802734,57981000,Tesla,TSLA,76.37037753754774,2019-09
2019-09-18,16.232667922973633,62553000,Tesla,TSLA,75.96481083848596,2019-09
2019-09-19,16.440000534057617,71937000,Tesla,TSLA,76.93507540968155,2019-09
2019-09-20,16.041332244873047,95295000,Tesla,TSLA,75.06940789779044,2019-09
2019-09-23,16.082000732421875,65103000,Tesla,TSLA,75.2597262101217,2019-09
2019-09-24,14.880666732788086,193372500,Tesla,TSLA,69.63778467413636,2019-09
2019-09-25,15.24666690826416,141406500,Tesla,TSLA,71.350573614859,2019-09
2019-09-26,16.17066764831543,178267500,Tesla,TSLA,75.67466511760426,2019-09
2019-09-27,16.142000198364258,166746000,Tesla,TSLA,75.5405086484954,2019-09
2019-09-30,16.058000564575195,88197000,Tesla,TSLA,75.14741144958967,2019-09
2019-10-01,16.312667846679688,92439000,Tesla,TSLA,76.33919039828851,2019-10
2019-10-02,16.208667755126953,84471000,Tesla,TSLA,75.85249607795393,2019-10
2019-10-03,15.535332679748535,226267500,Tesla,TSLA,72.70145695889153,2019-10
2019-10-04,15.428667068481444,119925000,Tesla,TSLA,72.20228867544452,2019-10
2019-10-07,15.847999572753906,120963000,Tesla,TSLA,74.16465952641249,2019-10
2019-10-08,16.003332138061523,130173000,Tesla,TSLA,74.89157693744077,2019-10
2019-10-09,16.302000045776367,103416000,Tesla,TSLA,76.2892677681005,2019-10
2019-10-10,16.31599998474121,94249500,Tesla,TSLA,76.35478396791812,2019-10
2019-10-11,16.525999069213867,127131000,Tesla,TSLA,77.33752696518252,2019-10
2019-10-14,17.130666732788086,153075000,Tesla,TSLA,80.16721983523479,2019-10
2019-10-15,17.19266700744629,96492000,Tesla,TSLA,80.4573655561165,2019-10
2019-10-16,17.316667556762695,100261500,Tesla,TSLA,81.03765699787992,2019-10
2019-10-17,17.46466636657715,71539500,Tesla,TSLA,81.73025427426259,2019-10
2019-10-18,17.1299991607666,86247000,Tesla,TSLA,80.1640957657612,2019-10
2019-10-21,16.899999618530273,75304500,Tesla,TSLA,79.08775564706798,2019-10
2019-10-22,17.038667678833008,69012000,Tesla,TSLA,79.73668735812261,2019-10
2019-10-23,16.978666305541992,78916500,Tesla,TSLA,79.45589599383612,2019-10
2019-10-24,19.978666305541992,445813500,Tesla,TSLA,93.49514287530071,2019-10
2019-10-25,21.875333786010746,450091500,Tesla,TSLA,102.37107054541615,2019-10
2019-10-28,21.84733390808105,283054500,Tesla,TSLA,102.24003814578084,2019-10
2019-10-29,21.08133316040039,190264500,Tesla,TSLA,98.6553469430891,2019-10
2019-10-30,21.000667572021484,144627000,Tesla,TSLA,98.27785223972573,2019-10
2019-10-31,20.994667053222656,76005000,Tesla,TSLA,98.24977131811453,2019-10
2019-11-01,20.88733291625977,95758500,Tesla,TSLA,97.74747450223757,2019-11
2019-11-04,21.1646671295166,131805000,Tesla,TSLA,99.04532899843403,2019-11
2019-11-05,21.14800071716309,104151000,Tesla,TSLA,98.96733437254763,2019-11
2019-11-06,21.77199935913086,119113500,Tesla,TSLA,101.88749136864234,2019-11
2019-11-07,22.369333267211918,217009500,Tesla,TSLA,104.68286410404903,2019-11
2019-11-08,22.47599983215332,91038000,Tesla,TSLA,105.18203685045239,2019-11
2019-11-11,23.006000518798828,149800500,Tesla,TSLA,107.66230701283975,2019-11
2019-11-12,23.32866668701172,110391000,Tesla,TSLA,109.17230367811874,2019-11
2019-11-13,23.073999404907227,126301500,Tesla,TSLA,107.98052472941988,2019-11
2019-11-14,23.290000915527344,96973500,Tesla,TSLA,108.99135757420825,2019-11
2019-11-15,23.47800064086914,72135000,Tesla,TSLA,109.8711490934486,2019-11
2019-11-18,23.332666397094727,66006000,Tesla,TSLA,109.19102131722194,2019-11
2019-11-19,23.968000411987305,115872000,Tesla,TSLA,112.16422501297826,2019-11
2019-11-20,23.481332778930664,100876500,Tesla,TSLA,109.88674266307821,2019-11
2019-11-21,23.655332565307617,91650000,Tesla,TSLA,110.70101798250091,2019-11
2019-11-22,22.202667236328125,253059000,Tesla,TSLA,103.9029089192719,2019-11
2019-11-25,22.422666549682617,185092500,Tesla,TSLA,104.93245047725071,2019-11
2019-11-26,21.92799949645996,119211000,Tesla,TSLA,102.61753284914421,2019-11
2019-11-27,22.086000442504883,83334000,Tesla,TSLA,103.3569376121541,2019-11
2019-11-29,21.996000289916992,36984000,Tesla,TSLA,102.93575949163713,2019-11
2019-12-02,22.32466697692871,91117500,Tesla,TSLA,104.47383707852734,2019-12
2019-12-03,22.413333892822266,98605500,Tesla,TSLA,104.88877598600988,2019-12
2019-12-04,22.20199966430664,82995000,Tesla,TSLA,103.89978484979832,2019-12
2019-12-05,22.024667739868164,55869000,Tesla,TSLA,103.06991596074597,2019-12
2019-12-06,22.392667770385746,114186000,Tesla,TSLA,104.79206372102026,2019-12
2019-12-09,22.635332107543945,135346500,Tesla,TSLA,105.9276719005839,2019-12
2019-12-10,23.256000518798828,132424500,Tesla,TSLA,108.8322442529618,2019-12
2019-12-11,23.51333236694336,103467000,Tesla,TSLA,110.03649270181668,2019-12
2019-12-12,23.978666305541992,116458500,Tesla,TSLA,112.21413871725349,2019-12
2019-12-13,23.892667770385746,98563500,Tesla,TSLA,111.81168716175256,2019-12
2019-12-16,25.433332443237305,272613000,Tesla,TSLA,119.02161106299052,2019-12
2019-12-17,25.266000747680664,127452000,Tesla,TSLA,118.2385407346526,2019-12
2019-12-18,26.209999084472656,211815000,Tesla,TSLA,122.65621596995753,2019-12
2019-12-19,26.93600082397461,271606500,Tesla,TSLA,126.05372185570441,2019-12
2019-12-20,27.03933334350586,221290500,Tesla,TSLA,126.53729210656539,2019-12
2019-12-23,27.947999954223636,199794000,Tesla,TSLA,130.78962373350225,2019-12
2019-12-24,28.350000381469727,120820500,Tesla,TSLA,132.67088481502296,2019-12
2019-12-26,28.72933387756348,159508500,Tesla,TSLA,134.44607034904607,2019-12
2019-12-27,28.691999435424805,149185500,Tesla,TSLA,134.2713545322572,2019-12
2019-12-30,27.64666748046875,188796000,Tesla,TSLA,129.3794634026865,2019-12
2019-12-31,27.8886661529541,154285500,Tesla,TSLA,130.51195643868934,2019-12
2020-01-02,28.68400001525879,142981500,Tesla,TSLA,134.23391925405076,2020-01
2020-01-03,29.53400039672852,266677500,Tesla,TSLA,138.2117076556483,2020-01
2020-01-06,30.1026668548584,151995000,Tesla,TSLA,140.8729239219461,2020-01
2020-01-07,31.270666122436523,268231500,Tesla,TSLA,146.3388672802458,2020-01
2020-01-08,32.80933380126953,467164500,Tesla,TSLA,153.53944575080135,2020-01
2020-01-09,32.089332580566406,426606000,Tesla,TSLA,150.17002078666567,2020-01
2020-01-10,31.87666702270508,194392500,Tesla,TSLA,149.1747993633325,2020-01
2020-01-13,34.990665435791016,397764000,Tesla,TSLA,163.74753019993332,2020-01
2020-01-14,35.861331939697266,434943000,Tesla,TSLA,167.82203086652046,2020-01
2020-01-15,34.56666564941406,260532000,Tesla,TSLA,161.76331764038855,2020-01
2020-01-16,34.232666015625,326050500,Tesla,TSLA,160.20028320136072,2020-01
2020-01-17,34.03333282470703,204436500,Tesla,TSLA,159.26745390837158,2020-01
2020-01-21,36.47999954223633,267052500,Tesla,TSLA,170.7172399363904,2020-01
2020-01-22,37.97066879272461,470535000,Tesla,TSLA,177.69319781179462,2020-01
2020-01-23,38.14666748046875,294765000,Tesla,TSLA,178.51682748781258,2020-01
2020-01-24,37.654666900634766,215304000,Tesla,TSLA,176.21438828577487,2020-01
2020-01-27,37.20133209228516,204121500,Tesla,TSLA,174.0928951876477,2020-01
2020-01-28,37.79333114624024,176827500,Tesla,TSLA,176.86330214500398,2020-01
2020-01-29,38.732666015625,267022500,Tesla,TSLA,181.25915352355764,2020-01
2020-01-30,42.72066879272461,435085500,Tesla,TSLA,199.92200537411358,2020-01
2020-01-31,43.37133407592773,235789500,Tesla,TSLA,202.96695555680913,2020-01
2020-02-03,52.0,705975000,Tesla,TSLA,243.34694594538627,2020-02
2020-02-04,59.137332916259766,914082000,Tesla,TSLA,276.7478722409111,2020-02
2020-02-05,48.97999954223633,726357000,Tesla,TSLA,229.21410194249285,2020-02
2020-02-06,49.93066787719727,598212000,Tesla,TSLA,233.6629910947954,2020-02
2020-02-07,49.87133407592773,255952500,Tesla,TSLA,233.3853237999824,2020-02
2020-02-10,51.41866683959961,370338000,Tesla,TSLA,240.6264526923052,2020-02
2020-02-11,51.62533187866211,175462500,Tesla,TSLA,241.59359319402722,2020-02
2020-02-12,51.15266799926758,180337500,Tesla,TSLA,239.3816448957703,2020-02
2020-02-13,53.59999847412109,394339500,Tesla,TSLA,250.8345371414371,2020-02
2020-02-14,53.33533477783203,235405500,Tesla,TSLA,249.59597748384948,2020-02
2020-02-18,57.22666549682617,245725500,Tesla,TSLA,267.80642837097804,2020-02
2020-02-19,61.16133117675781,381345000,Tesla,TSLA,286.2196759965068,2020-02
2020-02-20,59.96066665649414,264523500,Tesla,TSLA,280.6008674559078,2020-02
2020-02-21,60.06666564941406,214722000,Tesla,TSLA,281.0969161328376,2020-02
2020-02-24,55.58599853515625,227883000,Tesla,TSLA,260.1285188625959,2020-02
2020-02-25,53.32733154296875,259357500,Tesla,TSLA,249.55852435381746,2020-02
2020-02-26,51.91999816894531,211282500,Tesla,TSLA,242.97255745967092,2020-02
2020-02-27,45.26666641235352,364158000,Tesla,TSLA,211.8366350879774,2020-02
2020-02-28,44.53266525268555,363343500,Tesla,TSLA,208.40169392402407,2020-02
2020-03-02,49.574668884277344,302925000,Tesla,TSLA,231.9970051777435,2020-03
2020-03-03,49.70066833496094,386760000,Tesla,TSLA,232.58665097610213,2020-03
2020-03-04,49.96666717529297,225735000,Tesla,TSLA,233.83145877263703,2020-03
2020-03-05,48.30266571044922,162790500,Tesla,TSLA,226.0443496472836,2020-03
2020-03-06,46.89866638183594,189943500,Tesla,TSLA,219.47398524867953,2020-03
2020-03-09,40.53333282470703,256105500,Tesla,TSLA,189.68582215154487,2020-03
2020-03-10,43.02199935913086,233916000,Tesla,TSLA,201.33215677901654,2020-03
2020-03-11,42.28200149536133,199837500,Tesla,TSLA,197.8691525452776,2020-03
2020-03-12,37.369998931884766,283636500,Tesla,TSLA,174.88221365493277,2020-03
2020-03-13,36.44133377075195,339604500,Tesla,TSLA,170.5362938324799,2020-03
2020-03-16,29.67133331298828,307342500,Tesla,TSLA,138.85439122775574,2020-03
2020-03-17,28.68000030517578,359919000,Tesla,TSLA,134.21520161494755,2020-03
2020-03-18,24.08133316040039,356793000,Tesla,TSLA,112.69459382455369,2020-03
2020-03-19,28.50933265686035,452932500,Tesla,TSLA,133.41651986515447,2020-03
2020-03-20,28.50200080871582,424282500,Tesla,TSLA,133.38220865642162,2020-03
2020-03-23,28.952667236328125,246817500,Tesla,TSLA,135.49121440256724,2020-03
2020-03-24,33.66666793823242,343428000,Tesla,TSLA,157.5515542870445,2020-03
2020-03-25,35.95000076293945,318340500,Tesla,TSLA,168.2369786999158,2020-03
2020-03-26,35.21066665649414,260710500,Tesla,TSLA,164.7770806838249,2020-03
2020-03-27,34.29066848754883,215661000,Tesla,TSLA,160.47172020905202,2020-03
2020-03-30,33.47533416748047,179971500,Tesla,TSLA,156.65616027226176,2020-03
2020-03-31,34.93333435058594,266572500,Tesla,TSLA,163.4792351135412,2020-03
2020-04-01,32.104000091552734,200298000,Tesla,TSLA,150.23866105595692,2020-04
2020-04-02,30.29800033569336,297876000,Tesla,TSLA,141.78703557583205,2020-04
2020-04-03,32.000667572021484,338431500,Tesla,TSLA,149.7550908050959,2020-04
2020-04-06,34.41600036621094,223527000,Tesla,TSLA,161.05824193793705,2020-04
2020-04-07,36.36333465576172,268797000,Tesla,TSLA,170.17127755518536,2020-04
2020-04-08,36.589332580566406,189840000,Tesla,TSLA,171.22889110886257,2020-04
2020-04-09,38.20000076293945,204750000,Tesla,TSLA,178.76641386101426,2020-04
2020-04-13,43.39666748046875,337131000,Tesla,TSLA,203.0855095303756,2020-04
2020-04-14,47.32600021362305,458647500,Tesla,TSLA,221.47380030376667,2020-04
2020-04-15,48.65533447265625,353655000,Tesla,TSLA,227.69475092061865,2020-04
2020-04-16,49.68066787719727,309868500,Tesla,TSLA,232.49305385467332,2020-04
2020-04-17,50.25933456420898,196923000,Tesla,TSLA,235.20106868168548,2020-04
2020-04-20,49.75733184814453,221199000,Tesla,TSLA,232.85182199302062,2020-04
2020-04-21,45.78133392333984,303136500,Tesla,TSLA,214.24514983751263,2020-04
2020-04-22,48.80733489990234,212482500,Tesla,TSLA,228.40607476201725,2020-04
2020-04-23,47.04199981689453,198550500,Tesla,TSLA,220.14474974239815,2020-04
2020-04-24,48.34333419799805,198180000,Tesla,TSLA,226.23466795961485,2020-04
2020-04-27,53.25,310221000,Tesla,TSLA,249.1966321459965,2020-04
2020-04-28,51.27466583251953,228330000,Tesla,TSLA,239.95256412911297,2020-04
2020-04-29,53.367332458496094,243240000,Tesla,TSLA,249.74571859667512,2020-04
2020-04-30,52.12533187866211,427078500,Tesla,TSLA,243.9334676742713,2020-04
2020-05-01,46.75466537475586,487977000,Tesla,TSLA,218.80009668548723,2020-05
2020-05-04,50.74599838256836,288556500,Tesla,TSLA,237.47853317976,2020-05
2020-05-05,51.2140007019043,254875500,Tesla,TSLA,239.66866654717847,2020-05
2020-05-06,52.172000885009766,166848000,Tesla,TSLA,244.15186690821375,2020-05
2020-05-07,52.00266647338867,172915500,Tesla,TSLA,243.35942437145505,2020-05
2020-05-08,54.62799835205078,241297500,Tesla,TSLA,255.64531850156064,2020-05
2020-05-11,54.08599853515625,247794000,Tesla,TSLA,253.10889542186362,2020-05
2020-05-12,53.96066665649414,238603500,Tesla,TSLA,252.52237369297862,2020-05
2020-05-13,52.73066711425781,285982500,Tesla,TSLA,246.76628461379718,2020-05
2020-05-14,53.55533218383789,205233000,Tesla,TSLA,250.62551011591546,2020-05
2020-05-15,53.27799987792969,157776000,Tesla,TSLA,249.32766454563176,2020-05
2020-05-18,54.242000579833984,174987000,Tesla,TSLA,253.83894582827827,2020-05
2020-05-19,53.867332458496094,144547500,Tesla,TSLA,252.08559307691925,2020-05
2020-05-20,54.37066650390625,109639500,Tesla,TSLA,254.44107005270573,2020-05
2020-05-21,55.17333221435547,183819000,Tesla,TSLA,258.1973440768,2020-05
2020-05-22,54.45866775512695,149812500,Tesla,TSLA,254.85289381662744,2020-05
2020-05-26,54.5913314819336,121345500,Tesla,TSLA,255.47372675424538,2020-05
2020-05-27,54.68199920654297,173242500,Tesla,TSLA,255.8980289442359,2020-05
2020-05-28,53.72066879272461,108834000,Tesla,TSLA,251.39924393948374,2020-05
2020-05-29,55.66666793823242,176467500,Tesla,TSLA,260.50603141778487,2020-05
2020-06-01,59.87333297729492,224092500,Tesla,TSLA,280.1921677614596,2020-06
2020-06-02,58.77066802978516,203484000,Tesla,TSLA,275.03197261958405,2020-06
2020-06-03,58.86399841308594,119242500,Tesla,TSLA,275.46873538381783,2020-06
2020-06-04,57.62533187866211,133315500,Tesla,TSLA,269.6720869569564,2020-06
2020-06-05,59.04399871826172,117178500,Tesla,TSLA,276.3110916248517,2020-06
2020-06-08,63.32799911499024,212620500,Tesla,TSLA,296.35913802817305,2020-06
2020-06-09,62.711334228515625,170823000,Tesla,TSLA,293.4733011667239,2020-06
2020-06-10,68.336669921875,278451000,Tesla,TSLA,319.7984600301196,2020-06
2020-06-11,64.85600280761719,238747500,Tesla,TSLA,303.50981172036614,2020-06
2020-06-12,62.35200119018555,251451000,Tesla,TSLA,291.79171275412966,2020-06
2020-06-15,66.05999755859375,235458000,Tesla,TSLA,309.144204904682,2020-06
2020-06-16,65.47533416748047,210766500,Tesla,TSLA,306.4081270078841,2020-06
2020-06-17,66.11933135986328,148362000,Tesla,TSLA,309.4218721994949,2020-06
2020-06-18,66.9306640625,146278500,Tesla,TSLA,313.21870557126914,2020-06
2020-06-19,66.72666931152344,130195500,Tesla,TSLA,312.2640613474415,2020-06
2020-06-22,66.28800201416016,95436000,Tesla,TSLA,310.21120851860553,2020-06
2020-06-23,66.78533172607422,95479500,Tesla,TSLA,312.53858672095527,2020-06
2020-06-24,64.0566635131836,164394000,Tesla,TSLA,299.7691044881632,2020-06
2020-06-25,65.73200225830078,138817500,Tesla,TSLA,307.6092692390909,2020-06
2020-06-26,63.982666015625,132823500,Tesla,TSLA,299.4228147758846,2020-06
2020-06-29,67.29000091552734,135396000,Tesla,TSLA,314.90031183568897,2020-06
2020-06-30,71.98733520507812,253777500,Tesla,TSLA,336.8826570942798,2020-06
2020-07-01,74.64199829101562,199903500,Tesla,TSLA,349.3058139111422,2020-07
2020-07-02,80.57733154296875,258751500,Tesla,TSLA,377.08168352712084,2020-07
2020-07-06,91.43866729736328,308548500,Tesla,TSLA,427.910008233262,2020-07
2020-07-07,92.65733337402344,322345500,Tesla,TSLA,433.6130595386946,2020-07
2020-07-08,91.05867004394533,244669500,Tesla,TSLA,426.13171648159096,2020-07
2020-07-09,92.9520034790039,175764000,Tesla,TSLA,434.99204165616385,2020-07
2020-07-10,102.97666931152344,350064000,Tesla,TSLA,481.90496116513873,2020-07
2020-07-13,99.8040008544922,584781000,Tesla,TSLA,467.05766925137306,2020-07
2020-07-14,101.12000274658205,351271500,Tesla,TSLA,473.216227737881,2020-07
2020-07-15,103.06732940673828,245517000,Tesla,TSLA,482.3292276514781,2020-07
2020-07-16,100.04266357421876,214512000,Tesla,TSLA,468.17455086592076,2020-07
2020-07-17,100.05599975585938,139950000,Tesla,TSLA,468.23696084809023,2020-07
2020-07-20,109.53333282470705,256821000,Tesla,TSLA,512.5885004252306,2020-07
2020-07-21,104.55733489990234,241608000,Tesla,TSLA,489.3020793092343,2020-07
2020-07-22,106.15533447265624,212416500,Tesla,TSLA,496.78031614868996,2020-07
2020-07-23,100.87133026123048,364927500,Tesla,TSLA,472.052502933055,2020-07
2020-07-24,94.46666717529295,290949000,Tesla,TSLA,442.0802875143617,2020-07
2020-07-27,102.63999938964844,240730500,Tesla,TSLA,480.3294304482165,2020-07
2020-07-28,98.43267059326172,237130500,Tesla,TSLA,460.64018788689367,2020-07
2020-07-29,99.94066619873048,141403500,Tesla,TSLA,467.6972287540069,2020-07
2020-07-30,99.16600036621094,114315000,Tesla,TSLA,464.07198712954784,2020-07
2020-07-31,95.38400268554688,183123000,Tesla,TSLA,446.37318741489145,2020-07
2020-08-03,99.0,132139500,Tesla,TSLA,463.2951470883316,2020-08
2020-08-04,99.13333129882812,126225000,Tesla,TSLA,463.91910409542294,2020-08
2020-08-05,99.00133514404295,74217000,Tesla,TSLA,463.3013952272787,2020-08
2020-08-06,99.30533599853516,89884500,Tesla,TSLA,464.72404291007604,2020-08
2020-08-07,96.84733581542967,133446000,Tesla,TSLA,453.2212191083084,2020-08
2020-08-10,94.5713348388672,112834500,Tesla,TSLA,442.5701059041701,2020-08
2020-08-11,91.6259994506836,129387000,Tesla,TSLA,428.78667568302865,2020-08
2020-08-12,103.65066528320312,327441000,Tesla,TSLA,485.05909311297995,2020-08
2020-08-13,108.06666564941406,306379500,Tesla,TSLA,505.7248662362711,2020-08
2020-08-14,110.04733276367188,188664000,Tesla,TSLA,514.9938911052922,2020-08
2020-08-17,122.3759994506836,303634500,Tesla,TSLA,572.6889562180407,2020-08
2020-08-18,125.80599975585938,247117500,Tesla,TSLA,588.7404965806613,2020-08
2020-08-19,125.23533630371094,183079500,Tesla,TSLA,586.0699348836811,2020-08
2020-08-20,133.45533752441406,309177000,Tesla,TSLA,624.5374770514783,2020-08
2020-08-21,136.6653289794922,322344000,Tesla,TSLA,639.5594312265561,2020-08
2020-08-24,134.27999877929688,300954000,Tesla,TSLA,628.3966847017709,2020-08
2020-08-25,134.8893280029297,159883500,Tesla,TSLA,631.2481925026617,2020-08
2020-08-26,143.54466247558594,213591000,Tesla,TSLA,671.7529850037524,2020-08
2020-08-27,149.25,355395000,Tesla,TSLA,698.4525323528635,2020-08
2020-08-28,147.55999755859375,301218000,Tesla,TSLA,690.54374518447,2020-08
2020-08-31,166.10667419433594,355123200,Tesla,TSLA,777.3375358910953,2020-08
2020-09-01,158.35000610351562,269523300,Tesla,TSLA,741.038276456227,2020-09
2020-09-02,149.1233367919922,288528300,Tesla,TSLA,697.8597803368568,2020-09
2020-09-03,135.6666717529297,262788300,Tesla,TSLA,634.8859661086661,2020-09
2020-09-04,139.44000244140625,330965700,Tesla,TSLA,652.5442064756426,2020-09
2020-09-08,110.06999969482422,346397100,Tesla,TSLA,515.0999666527898,2020-09
2020-09-09,122.09333038330078,238397400,Tesla,TSLA,571.3661359437939,2020-09
2020-09-10,123.77999877929688,254791800,Tesla,TSLA,579.2593206166449,2020-09
2020-09-11,124.23999786376952,182152500,Tesla,TSLA,581.4120008540312,2020-09
2020-09-14,139.8733367919922,249061800,Tesla,TSLA,654.5721024523409,2020-09
2020-09-15,149.9199981689453,291894600,Tesla,TSLA,701.5879555875143,2020-09
2020-09-16,147.25332641601562,216837900,Tesla,TSLA,689.1086012237784,2020-09
2020-09-17,141.14332580566406,230337600,Tesla,TSLA,660.5153322189034,2020-09
2020-09-18,147.38333129882812,259220400,Tesla,TSLA,689.7169914389785,2020-09
2020-09-21,149.79666137695312,328430400,Tesla,TSLA,701.0107703633989,2020-09
2020-09-22,141.41000366210938,238742400,Tesla,TSLA,661.7633176403885,2020-09
2020-09-23,126.7866668701172,285222600,Tesla,TSLA,593.3297724891943,2020-09
2020-09-24,129.26333618164062,289683300,Tesla,TSLA,604.9199631252691,2020-09
2020-09-25,135.77999877929688,201625500,Tesla,TSLA,635.4163081425032,2020-09
2020-09-28,140.39999389648438,149158800,Tesla,TSLA,657.036725489622,2020-09
2020-09-29,139.69000244140625,150657900,Tesla,TSLA,653.7141437157646,2020-09
2020-09-30,143.00332641601562,144436800,Tesla,TSLA,669.2196681417034,2020-09
2020-10-01,149.3866729736328,152224500,Tesla,TSLA,699.0921275591485,2020-10
2020-10-02,138.3633270263672,214290000,Tesla,TSLA,647.5056358213304,2020-10
2020-10-05,141.89332580566406,134168400,Tesla,TSLA,664.0251439392695,2020-10
2020-10-06,137.9933319091797,147438900,Tesla,TSLA,645.7741515562865,2020-10
2020-10-07,141.76666259765625,129383100,Tesla,TSLA,663.4323919232629,2020-10
2020-10-08,141.97332763671875,121263300,Tesla,TSLA,664.3995324249848,2020-10
2020-10-09,144.6666717529297,86777100,Tesla,TSLA,677.00370675306,2020-10
2020-10-12,147.43333435058594,116373300,Tesla,TSLA,689.9509931684634,2020-10
2020-10-13,148.88333129882812,103391100,Tesla,TSLA,696.7366148797108,2020-10
2020-10-14,153.76666259765625,143639100,Tesla,TSLA,719.5893794491212,2020-10
2020-10-15,149.6266632080078,107017200,Tesla,TSLA,700.2152216089921,2020-10
2020-10-16,146.55667114257812,98327700,Tesla,TSLA,685.8484294320906,2020-10
2020-10-19,143.61000061035156,108863400,Tesla,TSLA,672.0587510720021,2020-10
2020-10-20,140.64666748046875,94968900,Tesla,TSLA,658.1910959378529,2020-10
2020-10-21,140.8800048828125,97111500,Tesla,TSLA,659.283056403914,2020-10
2020-10-22,141.92999267578125,119979600,Tesla,TSLA,664.1967356865848,2020-10
2020-10-23,140.2100067138672,101151000,Tesla,TSLA,656.1476331692631,2020-10
2020-10-26,140.0933380126953,84717600,Tesla,TSLA,655.6016529362327,2020-10
2020-10-27,141.55999755859375,68059500,Tesla,TSLA,662.4652514215409,2020-10
2020-10-28,135.33999633789062,76354200,Tesla,TSLA,633.3572071747201,2020-10
2020-10-29,136.94332885742188,67965900,Tesla,TSLA,640.8604008663134,2020-10
2020-10-30,129.34666442871094,127533900,Tesla,TSLA,605.3099184028757,2020-10
2020-11-02,133.50332641601562,87063300,Tesla,TSLA,624.7620530170656,2020-11
2020-11-03,141.3000030517578,103055100,Tesla,TSLA,661.2485423984427,2020-11
2020-11-04,140.32666015625,96429300,Tesla,TSLA,656.6935419949915,2020-11
2020-11-05,146.02999877929688,85243500,Tesla,TSLA,683.3837349875073,2020-11
2020-11-06,143.31666564941406,65118000,Tesla,TSLA,670.68601709348,2020-11
2020-11-09,140.4199981689453,104499000,Tesla,TSLA,657.1303404628763,2020-11
2020-11-10,136.7866668701172,90852600,Tesla,TSLA,640.1272620940763,2020-11
2020-11-11,139.0433349609375,52073100,Tesla,TSLA,650.6879022462595,2020-11
2020-11-12,137.25332641601562,59565300,Tesla,TSLA,642.3111116188963,2020-11
2020-11-13,136.1666717529297,59313300,Tesla,TSLA,637.2258405889103,2020-11
2020-11-16,136.02999877929688,80515800,Tesla,TSLA,636.5862453826253,2020-11
2020-11-17,147.20333862304688,183564900,Tesla,TSLA,688.8746709015958,2020-11
2020-11-18,162.2133331298828,234132000,Tesla,TSLA,759.1176770918947,2020-11
2020-11-19,166.42333984375,187425900,Tesla,TSLA,778.8194516347631,2020-11
2020-11-20,163.20333862304688,98735700,Tesla,TSLA,763.7506542694069,2020-11
2020-11-23,173.9499969482422,150780900,Tesla,TSLA,814.0423173954614,2020-11
2020-11-24,185.1266632080078,160945500,Tesla,TSLA,866.3463097063233,2020-11
2020-11-25,191.3333282470703,146790600,Tesla,TSLA,895.3919439709744,2020-11
2020-11-27,195.2533264160156,112683300,Tesla,TSLA,913.7365513272117,2020-11
2020-11-30,189.1999969482422,189009300,Tesla,TSLA,885.4084890429066,2020-11
2020-12-01,194.9199981689453,120310500,Tesla,TSLA,912.1766588094832,2020-12
2020-12-02,189.60667419433597,143327100,Tesla,TSLA,887.311636462568,2020-12
2020-12-03,197.7933349609375,127656000,Tesla,TSLA,925.623153674941,2020-12
2020-12-04,199.67999267578125,88203900,Tesla,TSLA,934.4522381547781,2020-12
2020-12-07,213.9199981689453,168929100,Tesla,TSLA,1001.091889058759,2020-12
2020-12-08,216.6266632080078,192795000,Tesla,TSLA,1013.7584019617015,2020-12
2020-12-09,201.4933319091797,213873600,Tesla,TSLA,942.938210547287,2020-12
2020-12-10,209.02333068847656,201249600,Tesla,TSLA,978.176714507179,2020-12
2020-12-11,203.3300018310547,139425000,Tesla,TSLA,951.5333647049415,2020-12
2020-12-14,213.27667236328125,156121800,Tesla,TSLA,998.0812857884473,2020-12
2020-12-15,211.0833282470703,135214500,Tesla,TSLA,987.8169859406162,2020-12
2020-12-16,207.58999633789065,126287400,Tesla,TSLA,971.4690695699925,2020-12
2020-12-17,218.63333129882807,168810300,Tesla,TSLA,1023.1491048737623,2020-12
2020-12-18,231.6666717529297,666378600,Tesla,TSLA,1084.1418663155332,2020-12
2020-12-21,216.6199951171875,174135900,Tesla,TSLA,1013.7271969706167,2020-12
2020-12-22,213.44667053222656,155148000,Tesla,TSLA,998.8768345428539,2020-12
2020-12-23,215.32666015625,99519000,Tesla,TSLA,1007.6747140316064,2020-12
2020-12-24,220.58999633789065,68596800,Tesla,TSLA,1032.305806056339,2020-12
2020-12-28,221.22999572753903,96835800,Tesla,TSLA,1035.300842534759,2020-12
2020-12-29,221.9966735839844,68732400,Tesla,TSLA,1038.8887024364888,2020-12
2020-12-30,231.5933380126953,128538000,Tesla,TSLA,1083.7986828209025,2020-12
2020-12-31,235.22332763671875,148949700,Tesla,TSLA,1100.7861229905093,2020-12
2021-01-04,243.2566680908203,145914600,Tesla,TSLA,1138.3801396298388,2021-01
2021-01-05,245.0366668701172,96735600,Tesla,TSLA,1146.7100870669237,2021-01
2021-01-06,251.9933319091797,134100000,Tesla,TSLA,1179.265533051941,2021-01
2021-01-07,272.0133361816406,154496700,Tesla,TSLA,1272.9541272349593,2021-01
2021-01-08,293.3399963378906,225166500,Tesla,TSLA,1372.7575429318551,2021-01
2021-01-11,270.39666748046875,177904800,Tesla,TSLA,1265.3885235611965,2021-01
2021-01-12,283.14666748046875,138812100,Tesla,TSLA,1325.055322807421,2021-01
2021-01-13,284.8033447265625,99937500,Tesla,TSLA,1332.8081564276927,2021-01
2021-01-14,281.6666564941406,93798900,Tesla,TSLA,1318.1292429326409,2021-01
2021-01-15,275.3866577148437,116332800,Tesla,TSLA,1288.740425173359,2021-01
2021-01-19,281.51666259765625,76101000,Tesla,TSLA,1317.4273091514883,2021-01
2021-01-20,283.4833374023437,76997700,Tesla,TSLA,1326.630853524343,2021-01
2021-01-21,281.663330078125,61563300,Tesla,TSLA,1318.1136761407495,2021-01
2021-01-22,282.2133178710937,60199500,Tesla,TSLA,1320.687480943176,2021-01
2021-01-25,293.6000061035156,123520200,Tesla,TSLA,1373.9743233622557,2021-01
2021-01-26,294.36334228515625,69394800,Tesla,TSLA,1377.5465450647914,2021-01
2021-01-27,288.0533447265625,82002000,Tesla,TSLA,1348.0173405492792,2021-01
2021-01-28,278.4766540527344,79134000,Tesla,TSLA,1303.200832323515,2021-01
2021-01-29,264.510009765625,104972400,Tesla,TSLA,1237.8404432394066,2021-01
2021-02-01,279.9366760253906,76174200,Tesla,TSLA,1310.0333686323431,2021-02
2021-02-02,290.92999267578125,73038600,Tesla,TSLA,1361.4793307993261,2021-02
2021-02-03,284.89666748046875,55030500,Tesla,TSLA,1333.2448834882753,2021-02
2021-02-04,283.3299865722656,47438100,Tesla,TSLA,1325.913210136695,2021-02
2021-02-05,284.07666015625,55699800,Tesla,TSLA,1329.4074550651699,2021-02
2021-02-08,287.8066711425781,60485100,Tesla,TSLA,1346.8629701010486,2021-02
2021-02-09,283.1533203125,45473100,Tesla,TSLA,1325.0864563912035,2021-02
2021-02-10,268.2733459472656,108648300,Tesla,TSLA,1255.4519118234068,2021-02
2021-02-11,270.5533447265625,64868400,Tesla,TSLA,1266.1217337407359,2021-02
2021-02-12,272.0400085449219,71304900,Tesla,TSLA,1273.0789471992985,2021-02
2021-02-16,265.4066772460937,59406900,Tesla,TSLA,1242.0366219490336,2021-02
2021-02-17,266.04998779296875,77989500,Tesla,TSLA,1245.0471538120432,2021-02
2021-02-18,262.4599914550781,53871300,Tesla,TSLA,1228.246872181643,2021-02
2021-02-19,260.4333190917969,56874900,Tesla,TSLA,1218.7625542963274,2021-02
2021-02-22,238.1666717529297,111809100,Tesla,TSLA,1114.5602345587065,2021-02
2021-02-23,232.94667053222656,199820700,Tesla,TSLA,1090.131939272374,2021-02
2021-02-24,247.33999633789065,110301000,Tesla,TSLA,1157.4890907493984,2021-02
2021-02-25,227.4066619873047,117071700,Tesla,TSLA,1064.20609004318,2021-02
2021-02-26,225.1666717529297,123267600,Tesla,TSLA,1053.72349807236,2021-02
2021-03-01,239.47666931152344,81408600,Tesla,TSLA,1120.6906942717776,2021-03
2021-03-02,228.81333923339844,71196600,Tesla,TSLA,1070.7889864233296,2021-03
2021-03-03,217.73333740234372,90624000,Tesla,TSLA,1018.937359372244,2021-03
2021-03-04,207.14666748046875,197758500,Tesla,TSLA,969.394401810318,2021-03
2021-03-05,199.3166656494141,268189500,Tesla,TSLA,932.7519588808192,2021-03
2021-03-08,187.6666717529297,155361000,Tesla,TSLA,878.2329120540523,2021-03
2021-03-09,224.52667236328125,202569900,Tesla,TSLA,1050.7284615939395,2021-03
2021-03-10,222.6866607666016,181817100,Tesla,TSLA,1042.1176692370916,2021-03
2021-03-11,233.1999969482422,108761700,Tesla,TSLA,1091.3174433043873,2021-03
2021-03-12,231.2433319091797,100751400,Tesla,TSLA,1082.160742121811,2021-03
2021-03-15,235.97999572753903,88006800,Tesla,TSLA,1104.32713970196,2021-03
2021-03-16,225.6266632080078,96587100,Tesla,TSLA,1055.8761426060953,2021-03
2021-03-17,233.9366607666016,121117500,Tesla,TSLA,1094.7648450425838,2021-03
2021-03-18,217.72000122070312,99674400,Tesla,TSLA,1018.8749493900746,2021-03
2021-03-19,218.2899932861328,128682000,Tesla,TSLA,1021.5423691657555,2021-03
2021-03-22,223.3333282470703,118536600,Tesla,TSLA,1045.1439107065967,2021-03
2021-03-23,220.72000122070312,91475700,Tesla,TSLA,1032.9141962715391,2021-03
2021-03-24,210.08999633789065,101385600,Tesla,TSLA,983.1684419712129,2021-03
2021-03-25,213.4633331298828,117674700,Tesla,TSLA,998.954811316915,2021-03
2021-03-26,206.23666381835935,101558400,Tesla,TSLA,965.135813118521,2021-03
2021-03-29,203.76333618164065,85911000,Tesla,TSLA,953.5612606816401,2021-03
2021-03-30,211.8733367919922,118297200,Tesla,TSLA,991.5140276074911,2021-03
2021-03-31,222.6433258056641,100011900,Tesla,TSLA,1041.9148724986917,2021-03
2021-04-01,220.5833282470703,105895200,Tesla,TSLA,1032.274601065254,2021-04
2021-04-05,230.3500061035156,125528400,Tesla,TSLA,1077.980201611377,2021-04
2021-04-06,230.5399932861328,84815400,Tesla,TSLA,1078.8692939317361,2021-04
2021-04-07,223.6566619873047,78928200,Tesla,TSLA,1046.6570314413493,2021-04
2021-04-08,227.93333435058597,71772900,Tesla,TSLA,1066.6707844877633,2021-04
2021-04-09,225.67333984375,64311300,Tesla,TSLA,1056.0945775436887,2021-04
2021-04-12,233.9933319091797,87407100,Tesla,TSLA,1095.0300517631536,2021-04
2021-04-13,254.10667419433597,133958400,Tesla,TSLA,1189.1554444140568,2021-04
2021-04-14,244.07666015625,147052200,Tesla,TSLA,1142.2174966456419,2021-04
2021-04-15,246.2833404541016,83546700,Tesla,TSLA,1152.5442064756428,2021-04
2021-04-16,246.5933380126953,83938500,Tesla,TSLA,1153.9949172282256,2021-04
2021-04-19,238.2100067138672,119058600,Tesla,TSLA,1114.7630312971066,2021-04
2021-04-20,239.663330078125,106827000,Tesla,TSLA,1121.5642198002452,2021-04
2021-04-21,248.0399932861328,93646500,Tesla,TSLA,1160.7649007402795,2021-04
2021-04-22,239.89666748046875,106770900,Tesla,TSLA,1122.6561802663064,2021-04
2021-04-23,243.13333129882807,85110000,Tesla,TSLA,1137.802954405723,2021-04
2021-04-26,246.0666656494141,93115500,Tesla,TSLA,1151.5302227836423,2021-04
2021-04-27,234.913330078125,88311000,Tesla,TSLA,1099.3354122379262,2021-04
2021-04-28,231.46665954589844,66813000,Tesla,TSLA,1083.2058593975937,2021-04
2021-04-29,225.6666717529297,86536200,Tesla,TSLA,1056.063372552604,2021-04
2021-04-30,236.47999572753903,122276100,Tesla,TSLA,1106.6670141822042,2021-04
2021-05-03,228.3000030517578,81129300,Tesla,TSLA,1068.386701960916,2021-05
2021-05-04,224.5333404541016,89217900,Tesla,TSLA,1050.7596665850244,2021-05
2021-05-05,223.64666748046875,65705700,Tesla,TSLA,1046.610259658373,2021-05
2021-05-06,221.17999267578125,83353800,Tesla,TSLA,1035.0668408052745,2021-05
2021-05-07,224.1233367919922,70407600,Tesla,TSLA,1048.8409523734717,2021-05
2021-05-10,209.67999267578125,94177200,Tesla,TSLA,981.2497277596602,2021-05
2021-05-11,205.73333740234372,139511700,Tesla,TSLA,962.7803718463856,2021-05
2021-05-12,196.6300048828125,101470800,Tesla,TSLA,920.179060951131,2021-05
2021-05-13,190.56333923339844,132554700,Tesla,TSLA,891.788588684656,2021-05
2021-05-14,196.5800018310547,100112700,Tesla,TSLA,919.9450592216461,2021-05
2021-05-17,192.27667236328125,97171200,Tesla,TSLA,899.8065576181953,2021-05
2021-05-18,192.6233367919922,110491800,Tesla,TSLA,901.4288601180933,2021-05
2021-05-19,187.82000732421875,118735200,Tesla,TSLA,878.9504840343984,2021-05
2021-05-20,195.5933380126953,92463300,Tesla,TSLA,915.3277202433275,2021-05
2021-05-21,193.6266632080078,78091800,Tesla,TSLA,906.1241758704729,2021-05
2021-05-24,202.14666748046875,103674300,Tesla,TSLA,945.995657007877,2021-05
2021-05-25,201.56333923339844,84017700,Tesla,TSLA,943.2658272500262,2021-05
2021-05-26,206.3766632080078,85917900,Tesla,TSLA,965.7909751166974,2021-05
2021-05-27,210.2833404541016,79111800,Tesla,TSLA,984.0732438980676,2021-05
2021-05-28,208.4066619873047,68211000,Tesla,TSLA,975.2908597939042,2021-05
2021-06-01,207.96665954589844,54254700,Tesla,TSLA,973.231758826121,2021-06
2021-06-02,201.7066650390625,69908400,Tesla,TSLA,943.9365560400938,2021-06
2021-06-03,190.94667053222656,90335700,Tesla,TSLA,893.5824829318695,2021-06
2021-06-04,199.68333435058597,72110700,Tesla,TSLA,934.4678763539719,2021-06
2021-06-07,201.7100067138672,67631100,Tesla,TSLA,943.9521942392872,2021-06
2021-06-08,201.19667053222656,78160200,Tesla,TSLA,941.5499097768736,2021-06
2021-06-09,199.5933380126953,49753800,Tesla,TSLA,934.0467160852803,2021-06
2021-06-10,203.3733367919922,71758800,Tesla,TSLA,951.7361614433415,2021-06
2021-06-11,203.29666137695312,48615900,Tesla,TSLA,951.3773397495175,2021-06
2021-06-14,205.89666748046875,61272000,Tesla,TSLA,963.5447156097077,2021-06
2021-06-15,199.7866668701172,53292300,Tesla,TSLA,934.9514466048327,2021-06
2021-06-16,201.6233367919922,66432300,Tesla,TSLA,943.5466007624872,2021-06
2021-06-17,205.5333404541016,68104200,Tesla,TSLA,961.8444363357487,2021-06
2021-06-18,207.7700042724609,73682700,Tesla,TSLA,972.3114615146774,2021-06
2021-06-21,206.94332885742188,74438100,Tesla,TSLA,968.4428281004872,2021-06
2021-06-22,207.90333557128903,57476700,Tesla,TSLA,972.9354185217687,2021-06
2021-06-23,218.85667419433597,93297600,Tesla,TSLA,1024.1942935568477,2021-06
2021-06-24,226.60667419433597,137947200,Tesla,TSLA,1060.4623480006314,2021-06
2021-06-25,223.9566650390625,97490100,Tesla,TSLA,1048.060970410956,2021-06
2021-06-28,229.5733337402344,64884600,Tesla,TSLA,1074.345569926672,2021-06
2021-06-29,226.9199981689453,52143900,Tesla,TSLA,1061.9286255451054,2021-06
2021-06-30,226.5666656494141,56774700,Tesla,TSLA,1060.2751180541227,2021-06
2021-07-01,225.97332763671875,55903500,Tesla,TSLA,1057.4984451059936,2021-07
2021-07-02,226.3000030517578,81163500,Tesla,TSLA,1059.0272040399395,2021-07
2021-07-06,219.8600006103516,69853500,Tesla,TSLA,1028.8896093092274,2021-07
2021-07-07,214.88333129882807,56376000,Tesla,TSLA,1005.6000462719317,2021-07
2021-07-08,217.60333251953125,68319900,Tesla,TSLA,1018.3289691570438,2021-07
2021-07-09,218.98333740234372,54421500,Tesla,TSLA,1024.7870455728541,2021-07
2021-07-12,228.5666656494141,77781000,Tesla,TSLA,1069.634615975099,2021-07
2021-07-13,222.8466644287109,62898300,Tesla,TSLA,1042.8664462085221,2021-07
2021-07-14,217.7933349609375,64923600,Tesla,TSLA,1019.218132884705,2021-07
2021-07-15,216.86666870117188,60628800,Tesla,TSLA,1014.8815674188475,2021-07
2021-07-16,214.7400054931641,49113000,Tesla,TSLA,1004.9293174818646,2021-07
2021-07-19,215.4066619873047,63891300,Tesla,TSLA,1008.0491025173217,2021-07
2021-07-20,220.1666717529297,46461300,Tesla,TSLA,1030.3247532699188,2021-07
2021-07-21,218.42999267578125,41859900,Tesla,TSLA,1022.1975311639319,2021-07
2021-07-22,216.4199981689453,45317100,Tesla,TSLA,1012.7912614599793,2021-07
2021-07-23,214.4600067138672,43814700,Tesla,TSLA,1003.6189934855119,2021-07
2021-07-26,219.2066650390625,76009800,Tesla,TSLA,1025.8321628486374,2021-07
2021-07-27,214.9266662597656,98439900,Tesla,TSLA,1005.8028430103318,2021-07
2021-07-28,215.66000366210935,48019800,Tesla,TSLA,1009.2346779566371,2021-07
2021-07-29,225.7833404541016,91183800,Tesla,TSLA,1056.6093527856347,2021-07
2021-07-30,229.0666656494141,88969200,Tesla,TSLA,1071.9744904553431,2021-07
2021-08-02,236.55667114257807,100847400,Tesla,TSLA,1107.0258358760282,2021-08
2021-08-03,236.5800018310547,64860900,Tesla,TSLA,1107.135017641174,2021-08
2021-08-04,236.97332763671875,51007800,Tesla,TSLA,1108.9756836713636,2021-08
2021-08-05,238.2100067138672,38758800,Tesla,TSLA,1114.7630312971066,2021-08
2021-08-06,233.0333404541016,46869000,Tesla,TSLA,1090.5375327491743,2021-08
2021-08-09,237.9199981689453,44145900,Tesla,TSLA,1113.4058641104757,2021-08
2021-08-10,236.663330078125,40296900,Tesla,TSLA,1107.5249729187806,2021-08
2021-08-11,235.94000244140625,29401800,Tesla,TSLA,1104.1399811627537,2021-08
2021-08-12,240.75,52377300,Tesla,TSLA,1126.6495622375337,2021-08
2021-08-13,239.05667114257807,50194500,Tesla,TSLA,1118.7252082772486,2021-08
2021-08-16,228.72332763671875,68032200,Tesla,TSLA,1070.367754747336,2021-08
2021-08-17,221.90333557128903,71163900,Tesla,TSLA,1038.4519039686036,2021-08
2021-08-18,229.663330078125,61048200,Tesla,TSLA,1074.7667301953632,2021-08
2021-08-19,224.4900054931641,42940500,Tesla,TSLA,1050.5568698466243,2021-08
2021-08-20,226.7533264160156,44525700,Tesla,TSLA,1061.14864358259,2021-08
2021-08-23,235.43333435058597,60794700,Tesla,TSLA,1101.7689016914248,2021-08
2021-08-24,236.163330078125,39249300,Tesla,TSLA,1105.1850984385367,2021-08
2021-08-25,237.0666656494141,37936800,Tesla,TSLA,1109.4124821392488,2021-08
2021-08-26,233.72000122070312,39642900,Tesla,TSLA,1093.7509327578857,2021-08
2021-08-27,237.30667114257807,41501400,Tesla,TSLA,1110.5356475963943,2021-08
2021-08-30,243.6366729736328,55812600,Tesla,TSLA,1140.158467085161,2021-08
2021-08-31,245.2400054931641,62566200,Tesla,TSLA,1147.6616607767544,2021-08
2021-09-01,244.69667053222656,39612900,Tesla,TSLA,1145.1189895581101,2021-09
2021-09-02,244.1300048828125,38331900,Tesla,TSLA,1142.4671365743202,2021-09
2021-09-03,244.52333068847656,45738300,Tesla,TSLA,1144.30780260451,2021-09
2021-09-07,250.97332763671875,60119400,Tesla,TSLA,1174.4921691181985,2021-09
2021-09-08,251.2899932861328,56379000,Tesla,TSLA,1175.9740848618662,2021-09
2021-09-09,251.6199951171875,42233100,Tesla,TSLA,1177.5184105877036,2021-09
2021-09-10,245.42333984375,45552600,Tesla,TSLA,1148.5196195133308,2021-09
2021-09-13,247.6666717529297,68857500,Tesla,TSLA,1159.0178496833444,2021-09
2021-09-14,248.163330078125,55574700,Tesla,TSLA,1161.3420859643948,2021-09
2021-09-15,251.94332885742188,46073100,Tesla,TSLA,1179.031531322456,2021-09
2021-09-16,252.3300018310547,41770200,Tesla,TSLA,1180.841063768863,2021-09
2021-09-17,253.163330078125,84612600,Tesla,TSLA,1184.7408307668359,2021-09
2021-09-20,243.38999938964844,74273100,Tesla,TSLA,1139.0040966369304,2021-09
2021-09-21,246.4600067138672,48992100,Tesla,TSLA,1153.3709602211343,2021-09
2021-09-22,250.64666748046875,45378900,Tesla,TSLA,1172.9634815915547,2021-09
2021-09-23,251.2133331298828,35842500,Tesla,TSLA,1175.6153345753444,2021-09
2021-09-24,258.1300048828125,64119000,Tesla,TSLA,1207.983622021155,2021-09
2021-09-27,263.78668212890625,84212100,Tesla,TSLA,1234.4554514833796,2021-09
2021-09-28,259.1866760253906,76144200,Tesla,TSLA,1212.928577702213,2021-09
2021-09-29,260.4366760253906,62828700,Tesla,TSLA,1218.7782639028233,2021-09
2021-09-30,258.49334716796875,53868000,Tesla,TSLA,1209.6839727024164,2021-09
2021-10-01,258.4066772460937,51094200,Tesla,TSLA,1209.2783792256162,2021-10
2021-10-04,260.510009765625,91449900,Tesla,TSLA,1219.1214473974537,2021-10
2021-10-05,260.1966552734375,55297800,Tesla,TSLA,1217.655027038375,2021-10
2021-10-06,260.9166564941406,43898400,Tesla,TSLA,1221.0244520025108,2021-10
2021-10-07,264.53668212890625,57587400,Tesla,TSLA,1237.9652632037457,2021-10
2021-10-08,261.8299865722656,50215800,Tesla,TSLA,1225.2986074861988,2021-10
2021-10-11,263.9800109863281,42600900,Tesla,TSLA,1235.360182002932,2021-10
2021-10-12,268.5733337402344,66060000,Tesla,TSLA,1256.8557793857115,2021-10
2021-10-13,270.3599853515625,42360300,Tesla,TSLA,1265.216860406579,2021-10
2021-10-14,272.7733459472656,36741600,Tesla,TSLA,1276.5107821456038,2021-10
2021-10-15,281.010009765625,56773800,Tesla,TSLA,1315.0563010874619,2021-10
2021-10-18,290.03668212890625,72621600,Tesla,TSLA,1357.2988616961948,2021-10
2021-10-19,288.0899963378906,52143300,Tesla,TSLA,1348.1888608892923,2021-10
2021-10-20,288.6000061035156,42096300,Tesla,TSLA,1350.5755785598146,2021-10
2021-10-21,298.0,94444500,Tesla,TSLA,1394.5651902254829,2021-10
2021-10-22,303.2266540527344,68642400,Tesla,TSLA,1419.024619095598,2021-10
2021-10-25,341.6199951171875,188556300,Tesla,TSLA,1598.6958170316414,2021-10
2021-10-26,339.4766540527344,187245000,Tesla,TSLA,1588.665518913295,2021-10
2021-10-27,345.9533386230469,115579500,Tesla,TSLA,1618.974776798625,2021-10
2021-10-28,359.0133361816406,81639600,Tesla,TSLA,1680.0922867974325,2021-10
2021-10-29,371.3333435058594,89755200,Tesla,TSLA,1737.746828266152,2021-10
2021-11-01,402.86334228515625,168146100,Tesla,TSLA,1885.2993072777608,2021-11
2021-11-02,390.6666564941406,128213400,Tesla,TSLA,1828.2218796258544,2021-11
2021-11-03,404.6199951171875,103885500,Tesla,TSLA,1893.5200015423977,2021-11
2021-11-04,409.9700012207031,76192200,Tesla,TSLA,1918.5566870439307,2021-11
2021-11-05,407.36334228515625,64886400,Tesla,TSLA,1906.3581775999576,2021-11
2021-11-08,387.6466674804688,100337100,Tesla,TSLA,1814.0890891784377,2021-11
2021-11-09,341.1666564941406,177317400,Tesla,TSLA,1596.5743060816885,2021-11
2021-11-10,355.9833374023437,128408100,Tesla,TSLA,1665.9126531597374,2021-11
2021-11-11,354.5033264160156,67189800,Tesla,TSLA,1658.986573284957,2021-11
2021-11-12,344.47332763671875,76719300,Tesla,TSLA,1612.048696923845,2021-11
2021-11-15,337.7966613769531,104326800,Tesla,TSLA,1580.80357493518,2021-11
2021-11-16,351.57666015625,79627200,Tesla,TSLA,1645.2905098981232,2021-11
2021-11-17,363.0033264160156,94336200,Tesla,TSLA,1698.7644394491072,2021-11
2021-11-18,365.4599914550781,62696700,Tesla,TSLA,1710.2610151119272,2021-11
2021-11-19,379.0199890136719,64926900,Tesla,TSLA,1773.7183995909788,2021-11
2021-11-22,385.6233215332031,99217500,Tesla,TSLA,1804.6203380850134,2021-11
2021-11-23,369.6766662597656,108515100,Tesla,TSLA,1729.9939946458803,2021-11
2021-11-24,372.0,67680600,Tesla,TSLA,1740.8666133016095,2021-11
2021-11-26,360.6400146484375,35042700,Tesla,TSLA,1687.7047336614737,2021-11
2021-11-29,378.9966735839844,58393500,Tesla,TSLA,1773.6092892331358,2021-11
2021-11-30,381.586669921875,81276000,Tesla,TSLA,1785.7298219030477,2021-11
2021-12-01,365.0,68450400,Tesla,TSLA,1708.108370578192,2021-12
2021-12-02,361.5333251953125,73114800,Tesla,TSLA,1691.885202764605,2021-12
2021-12-03,338.3233337402344,92322000,Tesla,TSLA,1583.2682693797633,2021-12
2021-12-06,336.336669921875,81663000,Tesla,TSLA,1573.9711814409566,2021-12
2021-12-07,350.5833435058594,56084700,Tesla,TSLA,1640.642037336022,2021-12
2021-12-08,356.32000732421875,41906400,Tesla,TSLA,1667.4881838766596,2021-12
2021-12-09,334.6000061035156,59438400,Tesla,TSLA,1565.8440307422718,2021-12
2021-12-10,339.010009765625,59664300,Tesla,TSLA,1586.4817407957773,2021-12
2021-12-13,322.1366577148437,78595500,Tesla,TSLA,1507.518689076182,2021-12
2021-12-14,319.5033264160156,70806300,Tesla,TSLA,1495.1953596678704,2021-12
2021-12-15,325.3299865722656,75169200,Tesla,TSLA,1522.4626664771993,2021-12
2021-12-16,308.97332763671875,82771500,Tesla,TSLA,1445.917608826514,2021-12
2021-12-17,310.8566589355469,100437300,Tesla,TSLA,1454.7311265144597,2021-12
2021-12-20,299.9800109863281,56480100,Tesla,TSLA,1403.831144580507,2021-12
2021-12-21,312.84332275390625,71517900,Tesla,TSLA,1464.0282144532664,2021-12
2021-12-22,336.2900085449219,93634200,Tesla,TSLA,1573.7528179106653,2021-12
2021-12-23,355.6666564941406,92713200,Tesla,TSLA,1664.4306660087675,2021-12
2021-12-27,364.6466674804688,71145900,Tesla,TSLA,1706.4548630872093,2021-12
2021-12-28,362.8233337402344,60324000,Tesla,TSLA,1697.922118911724,2021-12
2021-12-29,362.0633239746094,56154000,Tesla,TSLA,1694.3654640010795,2021-12
2021-12-30,356.7799987792969,47040900,Tesla,TSLA,1669.640828410395,2021-12
2021-12-31,352.260009765625,40733700,Tesla,TSLA,1648.4884145222459,2021-12
2022-01-03,399.9266662597656,103931400,Tesla,TSLA,1871.5564007006485,2022-01
2022-01-04,383.1966552734375,100248300,Tesla,TSLA,1793.2641491784232,2022-01
2022-01-05,362.7066650390625,80119800,Tesla,TSLA,1697.3761386786937,2022-01
2022-01-06,354.8999938964844,90336600,Tesla,TSLA,1660.8428775143404,2022-01
2022-01-07,342.32000732421875,84164700,Tesla,TSLA,1601.971698429825,2022-01
2022-01-10,352.7066650390625,91815000,Tesla,TSLA,1650.5786490738117,2022-01
2022-01-11,354.79998779296875,66063300,Tesla,TSLA,1660.3748740553706,2022-01
2022-01-12,368.739990234375,83739000,Tesla,TSLA,1725.6105859897445,2022-01
2022-01-13,343.85333251953125,97209900,Tesla,TSLA,1609.1472754186789,2022-01
2022-01-14,349.8699951171875,72924300,Tesla,TSLA,1637.3037459556688,2022-01
2022-01-18,343.5033264160156,66743400,Tesla,TSLA,1607.509334719587,2022-01
2022-01-19,331.8833312988281,75442500,Tesla,TSLA,1553.130674649051,2022-01
2022-01-20,332.0899963378906,70488600,Tesla,TSLA,1554.097815150773,2022-01
2022-01-21,314.6333312988281,103416000,Tesla,TSLA,1472.4050050806295,2022-01
2022-01-24,310.0,151565700,Tesla,TSLA,1450.7221777513412,2022-01
2022-01-25,306.1333312988281,86595900,Tesla,TSLA,1432.62713891648,2022-01
2022-01-26,312.4700012207031,104867400,Tesla,TSLA,1462.2811633963313,2022-01
2022-01-27,276.3666687011719,147109500,Tesla,TSLA,1293.326630567895,2022-01
2022-01-28,282.1166687011719,134789100,Tesla,TSLA,1320.2351870907023,2022-01
2022-01-31,312.239990234375,104436000,Tesla,TSLA,1461.2047697221612,2022-01
2022-02-01,310.4166564941406,73138200,Tesla,TSLA,1452.6720255466764,2022-02
2022-02-02,301.8866577148437,66792900,Tesla,TSLA,1412.753772626296,2022-02
2022-02-03,297.0466613769531,78855600,Tesla,TSLA,1390.103804795286,2022-02
2022-02-04,307.7733459472656,73625400,Tesla,TSLA,1440.3019957626907,2022-02
2022-02-07,302.4466552734375,60994500,Tesla,TSLA,1415.3744206190015,2022-02
2022-02-08,307.3333435058594,50729100,Tesla,TSLA,1438.2428947949074,2022-02
2022-02-09,310.6666564941406,52259400,Tesla,TSLA,1453.8419627867984,2022-02
2022-02-10,301.51666259765625,66126900,Tesla,TSLA,1411.0222883612523,2022-02
2022-02-11,286.6666564941406,79645800,Tesla,TSLA,1341.5279877350818,2022-02
2022-02-14,291.9200134277344,67756500,Tesla,TSLA,1366.1123793841405,2022-02
2022-02-15,307.4766540527344,57286200,Tesla,TSLA,1438.9135521776727,2022-02
2022-02-16,307.7966613769531,51294300,Tesla,TSLA,1440.4111061205342,2022-02
2022-02-17,292.1166687011719,55178400,Tesla,TSLA,1367.0326766955843,2022-02
2022-02-18,285.6600036621094,68501700,Tesla,TSLA,1336.817105190811,2022-02
2022-02-22,273.84332275390625,83288100,Tesla,TSLA,1281.5180049942267,2022-02
2022-02-23,254.67999267578125,95256900,Tesla,TSLA,1191.838430981629,2022-02
2022-02-24,266.92333984375,135322200,Tesla,TSLA,1249.134222163827,2022-02
2022-02-25,269.9566650390625,76067700,Tesla,TSLA,1263.3294225934133,2022-02
2022-02-28,290.1433410644531,99006900,Tesla,TSLA,1357.7979987389472,2022-02
2022-03-01,288.1233215332031,74766900,Tesla,TSLA,1348.344814437414,2022-03
2022-03-02,293.2966613769531,74643300,Tesla,TSLA,1372.5547461934552,2022-03
2022-03-03,279.7633361816406,61623600,Tesla,TSLA,1309.2221816787428,2022-03
2022-03-04,279.42999267578125,66999600,Tesla,TSLA,1307.662217753712,2022-03
2022-03-07,268.1933288574219,72494100,Tesla,TSLA,1255.0774519303893,2022-03
2022-03-08,274.79998779296875,80399100,Tesla,TSLA,1285.994957216315,2022-03
2022-03-09,286.3233337402344,59184000,Tesla,TSLA,1339.921323434377,2022-03
2022-03-10,279.4333190917969,58648500,Tesla,TSLA,1307.6777845456031,2022-03
2022-03-11,265.1166687011719,67037100,Tesla,TSLA,1240.6794547624029,2022-03
2022-03-14,255.4566650390625,71152200,Tesla,TSLA,1195.4730626663343,2022-03
2022-03-15,267.2966613769531,66841200,Tesla,TSLA,1250.881273220762,2022-03
2022-03-16,280.07666015625,84028800,Tesla,TSLA,1310.6884592232173,2022-03
2022-03-17,290.5333251953125,66582900,Tesla,TSLA,1359.623026569943,2022-03
2022-03-18,301.7966613769531,100414200,Tesla,TSLA,1412.3326123576048,2022-03
2022-03-21,307.0533447265625,81981600,Tesla,TSLA,1436.932570798555,2022-03
2022-03-22,331.32666015625,105868500,Tesla,TSLA,1550.5255934482373,2022-03
2022-03-23,333.03668212890625,120676200,Tesla,TSLA,1558.5280669971874,2022-03
2022-03-24,337.97332763671875,68920800,Tesla,TSLA,1581.6303286806715,2022-03
2022-03-25,336.8800048828125,62031600,Tesla,TSLA,1576.5138526596006,2022-03
2022-03-28,363.9466552734375,102506100,Tesla,TSLA,1703.1789816890252,2022-03
2022-03-29,366.5233459472656,73614900,Tesla,TSLA,1715.2372471913723,2022-03
2022-03-30,364.663330078125,59865000,Tesla,TSLA,1706.5328398612698,2022-03
2022-03-31,359.20001220703125,48992700,Tesla,TSLA,1680.9658837332022,2022-03
2022-04-01,361.5299987792969,54263100,Tesla,TSLA,1691.869635972714,2022-04
2022-04-04,381.8166809082031,82035900,Tesla,TSLA,1786.8062155772172,2022-04
2022-04-05,363.7533264160156,80075100,Tesla,TSLA,1702.274251169473,2022-04
2022-04-06,348.586669921875,89348400,Tesla,TSLA,1631.2981062069368,2022-04
2022-04-07,352.4200134277344,79447200,Tesla,TSLA,1649.2371914936764,2022-04
2022-04-08,341.8299865722656,55013700,Tesla,TSLA,1599.6785243252546,2022-04
2022-04-11,325.3099975585937,59357100,Tesla,TSLA,1522.369122911247,2022-04
2022-04-12,328.9833374023437,65976000,Tesla,TSLA,1539.5594312265557,2022-04
2022-04-13,340.7900085449219,55121100,Tesla,TSLA,1594.8116882328623,2022-04
2022-04-14,328.3333435058594,58422300,Tesla,TSLA,1536.5176229651597,2022-04
2022-04-18,334.7633361816406,51715200,Tesla,TSLA,1566.6083745055937,2022-04
2022-04-19,342.7166748046875,49847700,Tesla,TSLA,1603.828002659208,2022-04
2022-04-20,325.7333374023437,70711200,Tesla,TSLA,1524.3502471049692,2022-04
2022-04-21,336.260009765625,105416400,Tesla,TSLA,1573.6124311544347,2022-04
2022-04-22,335.01666259765625,69696600,Tesla,TSLA,1567.793878537607,2022-04
2022-04-25,332.67333984375,68341200,Tesla,TSLA,1556.827716315926,2022-04
2022-04-26,292.1400146484375,136133700,Tesla,TSLA,1367.141929868032,2022-04
2022-04-27,293.836669921875,76956300,Tesla,TSLA,1375.0818506202081,2022-04
2022-04-28,292.5033264160156,124948500,Tesla,TSLA,1368.842137734689,2022-04
2022-04-29,290.2533264160156,88133100,Tesla,TSLA,1358.3127025735905,2022-04
2022-05-02,300.9800109863281,75781500,Tesla,TSLA,1408.5108935409953,2022-05
2022-05-03,303.0833435058594,63709500,Tesla,TSLA,1418.3539617128326,2022-05
2022-05-04,317.5400085449219,81643800,Tesla,TSLA,1486.0075249015115,2022-05
2022-05-05,291.09332275390625,92519100,Tesla,TSLA,1362.2436745626483,2022-05
2022-05-06,288.54998779296875,72903000,Tesla,TSLA,1350.3415054230277,2022-05
2022-05-09,262.3699951171875,90810300,Tesla,TSLA,1227.8257119129516,2022-05
2022-05-10,266.67999267578125,84401700,Tesla,TSLA,1247.9954185074873,2022-05
2022-05-11,244.6666717529297,97224600,Tesla,TSLA,1144.9786028018798,2022-05
2022-05-12,242.6666717529297,140313000,Tesla,TSLA,1135.6191048809035,2022-05
2022-05-13,256.5299987792969,92150700,Tesla,TSLA,1200.495995121453,2022-05
2022-05-16,241.4566650390625,86098500,Tesla,TSLA,1129.9565772194996,2022-05
2022-05-17,253.8699951171875,80236200,Tesla,TSLA,1188.0478457488018,2022-05
2022-05-18,236.60333251953125,87811800,Tesla,TSLA,1107.2441994063197,2022-05
2022-05-19,236.47332763671875,90296700,Tesla,TSLA,1106.6358091911195,2022-05
2022-05-20,221.3000030517578,144973200,Tesla,TSLA,1035.6284592374984,2022-05
2022-05-23,224.96665954589844,88903500,Tesla,TSLA,1052.7874911544204,2022-05
2022-05-24,209.3866729736328,89092500,Tesla,TSLA,979.8770651884404,2022-05
2022-05-25,219.6000061035156,92139300,Tesla,TSLA,1027.6729002861289,2022-05
2022-05-26,235.91000366210935,106003200,Tesla,TSLA,1103.999594406523,2022-05
2022-05-27,253.2100067138672,89295000,Tesla,TSLA,1184.9592657044293,2022-05
2022-05-31,252.7533264160156,101914500,Tesla,TSLA,1182.8221165552832,2022-05
2022-06-01,246.7899932861328,77247900,Tesla,TSLA,1154.9152145396693,2022-06
2022-06-02,258.3333435058594,93473100,Tesla,TSLA,1208.935195730986,2022-06
2022-06-03,234.51666259765625,112393800,Tesla,TSLA,1097.479108008543,2022-06
2022-06-06,238.27999877929688,84204600,Tesla,TSLA,1115.0905765925436,2022-06
2022-06-07,238.8866729736328,72808500,Tesla,TSLA,1117.9296595228423,2022-06
2022-06-08,241.86666870117188,76210500,Tesla,TSLA,1131.8752914310523,2022-06
2022-06-09,239.7066650390625,96491400,Tesla,TSLA,1121.7670165386453,2022-06
2022-06-10,232.22999572753903,97536600,Tesla,TSLA,1086.7780811001292,2022-06
2022-06-13,215.73666381835935,102767400,Tesla,TSLA,1009.5934282431589,2022-06
2022-06-14,220.88999938964844,97988700,Tesla,TSLA,1033.7097450259457,2022-06
2022-06-15,233.0,119131800,Tesla,TSLA,1090.38150779375,2022-06
2022-06-16,213.1000061035156,107390700,Tesla,TSLA,997.2545320429557,2022-06
2022-06-17,216.75999450683597,92641800,Tesla,TSLA,1014.382358968793,2022-06
2022-06-21,237.0366668701172,122793000,Tesla,TSLA,1109.272095383018,2022-06
2022-06-22,236.086669921875,101107500,Tesla,TSLA,1104.8263481520146,2022-06
2022-06-23,235.07000732421875,104202600,Tesla,TSLA,1100.0686224174656,2022-06
2022-06-24,245.7066650390625,95770800,Tesla,TSLA,1149.8455103015744,2022-06
2022-06-27,244.9199981689453,89178300,Tesla,TSLA,1146.1641068338931,2022-06
2022-06-28,232.663330078125,90391200,Tesla,TSLA,1088.8059770768277,2022-06
2022-06-29,228.4900054931641,82897200,Tesla,TSLA,1069.2758656885771,2022-06
2022-06-30,224.47332763671875,94600500,Tesla,TSLA,1050.4788216652612,2022-06
2022-07-01,227.26333618164065,74460300,Tesla,TSLA,1063.5353612531126,2022-07
2022-07-05,233.0666656494141,84581100,Tesla,TSLA,1090.6934862972957,2022-07
2022-07-06,231.73333740234372,71853600,Tesla,TSLA,1084.4538448190788,2022-07
2022-07-07,244.5433349609375,81930600,Tesla,TSLA,1144.4014175777645,2022-07
2022-07-08,250.76333618164065,101854200,Tesla,TSLA,1173.5094618245853,2022-07
2022-07-11,234.3433380126953,99241200,Tesla,TSLA,1096.6679924622451,2022-07
2022-07-12,233.07000732421875,87930900,Tesla,TSLA,1090.7091244964893,2022-07
2022-07-13,237.0399932861328,97954500,Tesla,TSLA,1109.2876621749094,2022-07
2022-07-14,238.31333923339844,78557400,Tesla,TSLA,1115.2466015479674,2022-07
2022-07-15,240.0666656494141,69683100,Tesla,TSLA,1123.4517290207134,2022-07
2022-07-18,240.54666137695312,82537500,Tesla,TSLA,1125.6979885277028,2022-07
2022-07-19,245.52999877929688,80890200,Tesla,TSLA,1149.018756556083,2022-07
2022-07-20,247.5,88864200,Tesla,TSLA,1158.2378677208287,2022-07
2022-07-21,271.7066650390625,142032300,Tesla,TSLA,1271.5189832742676,2022-07
2022-07-22,272.24334716796875,103472700,Tesla,TSLA,1274.0305209091293,2022-07
2022-07-25,268.4333190917969,64073400,Tesla,TSLA,1256.200545980233,2022-07
2022-07-26,258.8599853515625,66820800,Tesla,TSLA,1211.3997473609647,2022-07
2022-07-27,274.82000732421875,88110000,Tesla,TSLA,1286.0886435968714,2022-07
2022-07-28,280.8999938964844,84723000,Tesla,TSLA,1314.5414544382138,2022-07
2022-07-29,297.1499938964844,95313000,Tesla,TSLA,1390.5873750461471,2022-07
2022-08-01,297.27667236328125,117042900,Tesla,TSLA,1391.180198469456,2022-08
2022-08-02,300.586669921875,95577600,Tesla,TSLA,1406.6701561035036,2022-08
2022-08-03,307.39666748046875,80091000,Tesla,TSLA,1438.5392350992597,2022-08
2022-08-04,308.6333312988281,72256200,Tesla,TSLA,1444.3265113177004,2022-08
2022-08-05,288.1700134277344,113172900,Tesla,TSLA,1348.5633207823098,2022-08
2022-08-08,290.42333984375,98994000,Tesla,TSLA,1359.1083227352997,2022-08
2022-08-09,283.3333435058594,86244600,Tesla,TSLA,1325.9289197431908,2022-08
2022-08-10,294.3566589355469,94918800,Tesla,TSLA,1377.5152686664044,2022-08
2022-08-11,286.6300048828125,70155000,Tesla,TSLA,1341.3564673950689,2022-08
2022-08-12,300.0299987792969,79657200,Tesla,TSLA,1404.0650749026897,2022-08
2022-08-15,309.32000732421875,89359200,Tesla,TSLA,1447.5399827337144,2022-08
2022-08-16,306.5633239746094,88136400,Tesla,TSLA,1434.6393966939847,2022-08
2022-08-17,303.9966735839844,68766000,Tesla,TSLA,1422.6281171965206,2022-08
2022-08-18,302.8699951171875,47500500,Tesla,TSLA,1417.3555448127238,2022-08
2022-08-19,296.6666564941406,61395300,Tesla,TSLA,1388.3254773399638,2022-08
2022-08-22,289.913330078125,55843200,Tesla,TSLA,1356.7216050647771,2022-08
2022-08-23,296.4533386230469,63984900,Tesla,TSLA,1387.3272032544594,2022-08
2022-08-24,297.0966796875,57259800,Tesla,TSLA,1390.337877932073,2022-08
2022-08-25,296.07000732421875,53230000,Tesla,TSLA,1385.5333090072459,2022-08
2022-08-26,288.0899963378906,57163900,Tesla,TSLA,1348.1888608892923,2022-08
2022-08-29,284.82000732421875,41864700,Tesla,TSLA,1332.8861332017534,2022-08
2022-08-30,277.70001220703125,50541800,Tesla,TSLA,1299.5663434534142,2022-08
2022-08-31,275.6099853515625,52107300,Tesla,TSLA,1289.785542449142,2022-08
2022-09-01,277.1600036621094,54287000,Tesla,TSLA,1297.0392390266613,2022-09
2022-09-02,270.2099914550781,50890100,Tesla,TSLA,1264.5149266254266,2022-09
2022-09-06,274.4200134277344,55860000,Tesla,TSLA,1284.2167725755971,2022-09
2022-09-07,283.70001220703125,50028900,Tesla,TSLA,1327.6448372163434,2022-09
2022-09-08,289.260009765625,53713100,Tesla,TSLA,1353.6642300114895,2022-09
2022-09-09,299.67999267578125,54338100,Tesla,TSLA,1402.427134203598,2022-09
2022-09-12,304.4200134277344,48674600,Tesla,TSLA,1424.609241390243,2022-09
2022-09-13,292.1300048828125,68229600,Tesla,TSLA,1367.095086677754,2022-09
2022-09-14,302.6099853515625,72628700,Tesla,TSLA,1416.1387643823232,2022-09
2022-09-15,303.75,64795500,Tesla,TSLA,1421.47374674829,2022-09
2022-09-16,303.3500061035156,87087800,Tesla,TSLA,1419.6018757270156,2022-09
2022-09-19,309.07000732421875,60231200,Tesla,TSLA,1446.3700454935922,2022-09
2022-09-20,308.7300109863281,61642800,Tesla,TSLA,1444.7789479847788,2022-09
2022-09-21,300.79998779296875,62555700,Tesla,TSLA,1407.668430189008,2022-09
2022-09-22,288.5899963378906,70545400,Tesla,TSLA,1350.5287353695364,2022-09
2022-09-23,275.3299865722656,63748400,Tesla,TSLA,1288.4752184527895,2022-09
2022-09-26,276.010009765625,58076900,Tesla,TSLA,1291.657556285021,2022-09
2022-09-27,282.94000244140625,61925200,Tesla,TSLA,1324.0881823056989,2022-09
2022-09-28,287.8099975585937,54664800,Tesla,TSLA,1346.8785368929393,2022-09
2022-09-29,268.2099914550781,77620600,Tesla,TSLA,1255.15542870445,2022-09
2022-09-30,265.25,67726600,Tesla,TSLA,1241.3034117694942,2022-09
2022-10-03,242.3999938964844,98363500,Tesla,TSLA,1134.3711194594184,2022-10
2022-10-04,249.44000244140625,109578500,Tesla,TSLA,1167.3165921293441,2022-10
2022-10-05,240.80999755859372,86982700,Tesla,TSLA,1126.9303357499944,2022-10
2022-10-06,238.1300048828125,69298400,Tesla,TSLA,1114.3886428113913,2022-10
2022-10-07,223.07000732421875,83916800,Tesla,TSLA,1043.9116348916073,2022-10
2022-10-10,222.9600067138672,67925000,Tesla,TSLA,1043.3968596496616,2022-10
2022-10-11,216.5,77013200,Tesla,TSLA,1013.1656499456948,2022-10
2022-10-12,217.2400054931641,66860700,Tesla,TSLA,1016.6286898830849,2022-10
2022-10-13,221.72000122070312,91483000,Tesla,TSLA,1037.5939452320272,2022-10
2022-10-14,204.9900054931641,94124500,Tesla,TSLA,959.3017651171045,2022-10
2022-10-17,219.3500061035156,79428800,Tesla,TSLA,1026.502963046007,2022-10
2022-10-18,220.19000244140625,75891900,Tesla,TSLA,1030.4339350350645,2022-10
2022-10-19,222.0399932861328,66571500,Tesla,TSLA,1039.0914277675863,2022-10
2022-10-20,207.27999877929688,117798100,Tesla,TSLA,970.0183588174093,2022-10
2022-10-21,214.44000244140625,75713800,Tesla,TSLA,1003.5253785122574,2022-10
2022-10-24,211.25,100446800,Tesla,TSLA,988.5969679031317,2022-10
2022-10-25,222.4199981689453,96507900,Tesla,TSLA,1040.8697552229087,2022-10
2022-10-26,224.63999938964844,85012500,Tesla,TSLA,1051.2588036277766,2022-10
2022-10-27,225.08999633789065,61638800,Tesla,TSLA,1053.364676378536,2022-10
2022-10-28,228.5200042724609,69152400,Tesla,TSLA,1069.4162524448072,2022-10
2022-10-31,227.5399932861328,61554300,Tesla,TSLA,1064.8300470502716,2022-10
2022-11-01,227.82000732421875,62688800,Tesla,TSLA,1066.1404424539262,2022-11
2022-11-02,214.97999572753903,63070300,Tesla,TSLA,1006.052411531708,2022-11
2022-11-03,215.30999755859372,56538800,Tesla,TSLA,1007.5967372575453,2022-11
2022-11-04,207.47000122070312,98622200,Tesla,TSLA,970.9075225450706,2022-11
2022-11-07,197.0800018310547,93916500,Tesla,TSLA,922.2849337018902,2022-11
2022-11-08,191.3000030517578,128803400,Tesla,TSLA,895.2359904228526,2022-11
2022-11-09,177.58999633789062,127062700,Tesla,TSLA,831.0766007553465,2022-11
2022-11-10,190.72000122070312,132703000,Tesla,TSLA,892.5217274568931,2022-11
2022-11-11,195.97000122070312,114403600,Tesla,TSLA,917.0904094994562,2022-11
2022-11-14,190.9499969482422,92226600,Tesla,TSLA,893.5980497237608,2022-11
2022-11-15,194.4199981689453,91293800,Tesla,TSLA,909.836784329239,2022-11
2022-11-16,186.9199981689453,66567600,Tesla,TSLA,874.7386671255775,2022-11
2022-11-17,183.1699981689453,64336000,Tesla,TSLA,857.189608523747,2022-11
2022-11-18,180.19000244140625,76048900,Tesla,TSLA,843.2439766155367,2022-11
2022-11-21,167.8699951171875,92882700,Tesla,TSLA,785.589435146817,2022-11
2022-11-22,169.91000366210938,78452300,Tesla,TSLA,795.1361630143022,2022-11
2022-11-23,183.1999969482422,109536700,Tesla,TSLA,857.3299952799774,2022-11
2022-11-25,182.8600006103516,50672700,Tesla,TSLA,855.7388977711639,2022-11
2022-11-28,182.9199981689453,92905200,Tesla,TSLA,856.0196712836248,2022-11
2022-11-29,180.8300018310547,83357100,Tesla,TSLA,846.2390130939569,2022-11
2022-11-30,194.6999969482422,109186400,Tesla,TSLA,911.1471083255916,2022-11
2022-12-01,194.6999969482422,80046200,Tesla,TSLA,911.1471083255916,2022-12
2022-12-02,194.8600006103516,73645900,Tesla,TSLA,911.8958852970223,2022-12
2022-12-05,182.4499969482422,93122700,Tesla,TSLA,853.8201835596112,2022-12
2022-12-06,179.82000732421875,92150800,Tesla,TSLA,841.5124923504928,2022-12
2022-12-07,174.0399932861328,84213300,Tesla,TSLA,814.463477664153,2022-12
2022-12-08,173.44000244140625,97624500,Tesla,TSLA,811.6556711322413,2022-12
2022-12-09,179.0500030517578,104872300,Tesla,TSLA,837.9090656568723,2022-12
2022-12-12,167.82000732421875,109794500,Tesla,TSLA,785.3555048246344,2022-12
2022-12-13,160.9499969482422,175862700,Tesla,TSLA,753.2055809091149,2022-12
2022-12-14,156.8000030517578,140682300,Tesla,TSLA,733.7846512860099,2022-12
2022-12-15,157.6699981689453,122334500,Tesla,TSLA,737.8560100312978,2022-12
2022-12-16,150.22999572753906,139032200,Tesla,TSLA,703.0386663400973,2022-12
2022-12-19,149.8699951171875,139390600,Tesla,TSLA,701.3539538580294,2022-12
2022-12-20,137.8000030517578,159563300,Tesla,TSLA,644.8694210367341,2022-12
2022-12-21,137.57000732421875,145417400,Tesla,TSLA,643.7930987698664,2022-12
2022-12-22,125.3499984741211,210090300,Tesla,TSLA,586.6065250564653,2022-12
2022-12-23,123.1500015258789,166989700,Tesla,TSLA,576.3110916248518,2022-12
2022-12-27,109.0999984741211,208643400,Tesla,TSLA,510.5606044485321,2022-12
2022-12-28,112.70999908447266,221070500,Tesla,TSLA,527.4545010521866,2022-12
2022-12-29,121.81999969482422,221923300,Tesla,TSLA,570.0870169385262,2022-12
2022-12-30,123.18000030517578,157777300,Tesla,TSLA,576.4514783810822,2022-12
2023-01-03,108.0999984741211,231402800,Tesla,TSLA,505.88085548804395,2023-01
2023-01-04,113.63999938964844,180389000,Tesla,TSLA,531.8066690135867,2023-01
2023-01-05,110.33999633789062,157986300,Tesla,TSLA,516.3634831625152,2023-01
2023-01-06,113.05999755859376,220911100,Tesla,TSLA,529.0924060476274,2023-01
2023-01-09,119.7699966430664,190284000,Tesla,TSLA,560.4935172880648,2023-01
2023-01-10,118.8499984741211,167642500,Tesla,TSLA,556.188156813292,2023-01
2023-01-11,123.22000122070312,183810800,Tesla,TSLA,576.6386726239399,2023-01
2023-01-12,123.55999755859376,169400900,Tesla,TSLA,578.2297701327534,2023-01
2023-01-13,122.4000015258789,180714100,Tesla,TSLA,572.8012799044856,2023-01
2023-01-17,131.49000549316406,186477000,Tesla,TSLA,615.3402165212219,2023-01
2023-01-18,128.77999877929688,195680300,Tesla,TSLA,602.6580654190859,2023-01
2023-01-19,127.16999816894533,170291900,Tesla,TSLA,595.1236667364078,2023-01
2023-01-20,133.4199981689453,138858100,Tesla,TSLA,624.372097739459,2023-01
2023-01-23,143.75,203119200,Tesla,TSLA,672.7139130701784,2023-01
2023-01-24,143.88999938964844,158699100,Tesla,TSLA,673.3690750683546,2023-01
2023-01-25,144.42999267578125,192734300,Tesla,TSLA,675.8961080878053,2023-01
2023-01-26,160.27000427246094,234815100,Tesla,TSLA,750.023385891488,2023-01
2023-01-27,177.89999389648438,306590600,Tesla,TSLA,832.5273115079294,2023-01
2023-01-30,166.66000366210938,230878800,Tesla,TSLA,779.9269788927155,2023-01
2023-01-31,173.22000122070312,196813500,Tesla,TSLA,810.6261206483497,2023-01
2023-02-01,181.41000366210935,213806300,Tesla,TSLA,848.9532760599163,2023-02
2023-02-02,188.2700042724609,217448300,Tesla,TSLA,881.0563567851574,2023-02
2023-02-03,189.97999572753903,232662000,Tesla,TSLA,889.058687519503,2023-02
2023-02-06,194.75999450683597,186188100,Tesla,TSLA,911.4278818380526,2023-02
2023-02-07,196.80999755859372,186010300,Tesla,TSLA,921.0213814885137,2023-02
2023-02-08,201.2899932861328,180673600,Tesla,TSLA,941.9866368374563,2023-02
2023-02-09,207.32000732421875,215431400,Tesla,TSLA,970.2055887639182,2023-02
2023-02-10,196.88999938964844,204754100,Tesla,TSLA,921.3957699742291,2023-02
2023-02-13,194.63999938964844,172475500,Tesla,TSLA,910.8663348131307,2023-02
2023-02-14,209.25,216455700,Tesla,TSLA,979.2374699821553,2023-02
2023-02-15,214.2400054931641,181006400,Tesla,TSLA,1002.5894430016203,2023-02
2023-02-16,202.0399932861328,229586500,Tesla,TSLA,945.4964485578223,2023-02
2023-02-17,208.30999755859372,213738500,Tesla,TSLA,974.8384945341279,2023-02
2023-02-21,197.3699951171875,180018600,Tesla,TSLA,923.6420294812187,2023-02
2023-02-22,200.8600006103516,191828500,Tesla,TSLA,939.9743790599516,2023-02
2023-02-23,202.07000732421875,146360000,Tesla,TSLA,945.6369067213551,2023-02
2023-02-24,196.8800048828125,142228100,Tesla,TSLA,921.348998191253,2023-02
2023-02-27,207.6300048828125,161028300,Tesla,TSLA,971.6562995165011,2023-02
2023-02-28,205.7100067138672,153144900,Tesla,TSLA,962.6711900812401,2023-02
2023-03-01,202.7700042724609,156852800,Tesla,TSLA,948.9127167122364,2023-03
2023-03-02,190.8999938964844,181500700,Tesla,TSLA,893.3640479942761,2023-03
2023-03-03,197.7899932861328,154193300,Tesla,TSLA,925.6075154757475,2023-03
2023-03-06,193.80999755859372,128100100,Tesla,TSLA,906.982134607049,2023-03
2023-03-07,187.7100067138672,148125800,Tesla,TSLA,878.4357087924525,2023-03
2023-03-08,182.0,151897800,Tesla,TSLA,851.7143108088519,2023-03
2023-03-09,172.9199981689453,170023800,Tesla,TSLA,809.2221816787429,2023-03
2023-03-10,173.44000244140625,191488900,Tesla,TSLA,811.6556711322413,2023-03
2023-03-13,174.47999572753906,167790300,Tesla,TSLA,816.5225786319361,2023-03
2023-03-14,183.25999450683597,143717900,Tesla,TSLA,857.6107687924384,2023-03
2023-03-15,180.4499969482422,145995600,Tesla,TSLA,844.4606856386347,2023-03
2023-03-16,184.1300048828125,121136800,Tesla,TSLA,861.6821989450285,2023-03
2023-03-17,180.1300048828125,133197100,Tesla,TSLA,842.9632031030757,2023-03
2023-03-20,183.25,129684400,Tesla,TSLA,857.5639970094622,2023-03
2023-03-21,197.5800018310547,153391400,Tesla,TSLA,924.6248081821344,2023-03
2023-03-22,191.1499938964844,150376400,Tesla,TSLA,894.5339852343981,2023-03
2023-03-23,192.22000122070312,144193900,Tesla,TSLA,899.5413508976254,2023-03
2023-03-24,190.41000366210935,116312400,Tesla,TSLA,891.0710167043101,2023-03
2023-03-27,191.80999755859372,120851600,Tesla,TSLA,897.6226366860727,2023-03
2023-03-28,189.19000244140625,98654600,Tesla,TSLA,885.3617172599304,2023-03
2023-03-29,193.8800048828125,123660000,Tesla,TSLA,907.3097513097885,2023-03
2023-03-30,195.27999877929688,110252200,Tesla,TSLA,913.8613712915511,2023-03
2023-03-31,207.4600067138672,170222100,Tesla,TSLA,970.8607507620945,2023-03
2023-04-03,194.7700042724609,169545900,Tesla,TSLA,911.4747250283307,2023-04
2023-04-04,192.5800018310547,126463800,Tesla,TSLA,901.2260633796933,2023-04
2023-04-05,185.5200042724609,133882500,Tesla,TSLA,868.1870471438149,2023-04
2023-04-06,185.05999755859372,123857900,Tesla,TSLA,866.0343312027774,2023-04
2023-04-10,184.50999450683597,142154600,Tesla,TSLA,863.4604549930486,2023-04
2023-04-11,186.7899932861328,115770900,Tesla,TSLA,874.1302769103773,2023-04
2023-04-12,180.5399932861328,150256300,Tesla,TSLA,844.8818459073262,2023-04
2023-04-13,185.8999938964844,112933000,Tesla,TSLA,869.9653031918352,2023-04
2023-04-14,185.0,96438700,Tesla,TSLA,865.7535576903165,2023-04
2023-04-17,187.0399932861328,116662200,Tesla,TSLA,875.3002141504995,2023-04
2023-04-18,184.30999755859372,92067000,Tesla,TSLA,862.5245194824112,2023-04
2023-04-19,180.58999633789065,125732700,Tesla,TSLA,845.1158476368113,2023-04
2023-04-20,162.99000549316406,210970800,Tesla,TSLA,762.7523087766001,2023-04
2023-04-21,165.0800018310547,123539000,Tesla,TSLA,772.532966966268,2023-04
2023-04-24,162.5500030517578,140006600,Tesla,TSLA,760.693207808817,2023-04
2023-04-25,160.6699981689453,121999300,Tesla,TSLA,751.8952569127624,2023-04
2023-04-26,153.75,153364100,Tesla,TSLA,719.5114026750604,2023-04
2023-04-27,160.19000244140625,127015200,Tesla,TSLA,749.6489974057728,2023-04
2023-04-28,164.30999755859375,122515800,Tesla,TSLA,768.9295402726474,2023-04
2023-05-01,161.8300018310547,109015000,Tesla,TSLA,757.3237828446812,2023-05
2023-05-02,160.30999755859375,128259700,Tesla,TSLA,750.2105444306947,2023-05
2023-05-03,160.61000061035156,119728000,Tesla,TSLA,751.6144834003014,2023-05
2023-05-04,161.1999969482422,95108500,Tesla,TSLA,754.375518149237,2023-05
2023-05-05,170.05999755859375,107607300,Tesla,TSLA,795.8380967954545,2023-05
2023-05-08,171.7899932861328,112249400,Tesla,TSLA,803.9340425030546,2023-05
2023-05-09,169.14999389648438,88965000,Tesla,TSLA,791.5795081036576,2023-05
2023-05-10,168.5399932861328,119840700,Tesla,TSLA,788.7248583814678,2023-05
2023-05-11,172.0800018310547,103889900,Tesla,TSLA,805.2912096896853,2023-05
2023-05-12,167.97999572753906,157849600,Tesla,TSLA,786.1042103887628,2023-05
2023-05-15,166.35000610351562,105592500,Tesla,TSLA,778.4762681401326,2023-05
2023-05-16,166.52000427246094,98288800,Tesla,TSLA,779.2718168945393,2023-05
2023-05-17,173.86000061035156,125473600,Tesla,TSLA,813.6211571267701,2023-05
2023-05-18,176.88999938964844,109520300,Tesla,TSLA,827.8007907644652,2023-05
2023-05-19,180.13999938964844,136196700,Tesla,TSLA,843.0099748860519,2023-05
2023-05-22,188.8699951171875,132001400,Tesla,TSLA,883.8641633170691,2023-05
2023-05-23,185.7700042724609,156952100,Tesla,TSLA,869.3569843839371,2023-05
2023-05-24,182.8999938964844,137605100,Tesla,TSLA,855.9260563103705,2023-05
2023-05-25,184.47000122070312,96870700,Tesla,TSLA,863.273296453842,2023-05
2023-05-26,193.1699981689453,162061500,Tesla,TSLA,903.9870981286289,2023-05
2023-05-30,201.16000366210935,128818700,Tesla,TSLA,941.3783180295582,2023-05
2023-05-31,203.92999267578125,150711700,Tesla,TSLA,954.3411712368529,2023-05
2023-06-01,207.5200042724609,148029900,Tesla,TSLA,971.1415242745552,2023-06
2023-06-02,213.97000122070312,164398400,Tesla,TSLA,1001.3258907882438,2023-06
2023-06-05,217.6100006103516,151143100,Tesla,TSLA,1018.3601741481289,2023-06
2023-06-06,221.30999755859372,146911600,Tesla,TSLA,1035.6752310204745,2023-06
2023-06-07,224.57000732421875,185710800,Tesla,TSLA,1050.9312583323397,2023-06
2023-06-08,234.8600006103516,164489700,Tesla,TSLA,1099.0858437165502,2023-06
2023-06-09,244.3999938964844,200242400,Tesla,TSLA,1143.7306173803947,2023-06
2023-06-12,249.8300018310547,150337900,Tesla,TSLA,1169.1416913676428,2023-06
2023-06-13,258.7099914550781,162384300,Tesla,TSLA,1210.6978135798122,2023-06
2023-06-14,256.7900085449219,170575500,Tesla,TSLA,1201.7127755518536,2023-06
2023-06-15,255.8999938964844,160171200,Tesla,TSLA,1197.547730426009,2023-06
2023-06-16,260.5400085449219,167915600,Tesla,TSLA,1219.2618341536843,2023-06
2023-06-20,274.45001220703125,165611200,Tesla,TSLA,1284.3571593318275,2023-06
2023-06-21,259.4599914550781,211797100,Tesla,TSLA,1214.2076253001785,2023-06
2023-06-22,264.6099853515625,166875900,Tesla,TSLA,1238.3083038837717,2023-06
2023-06-23,256.6000061035156,177460800,Tesla,TSLA,1200.8236118241923,2023-06
2023-06-26,241.0500030517578,179990600,Tesla,TSLA,1128.0535012071405,2023-06
2023-06-27,250.2100067138672,164968200,Tesla,TSLA,1170.9200188229647,2023-06
2023-06-28,256.239990234375,159770800,Tesla,TSLA,1199.1388279348223,2023-06
2023-06-29,257.5,131283400,Tesla,TSLA,1205.035357325711,2023-06
2023-06-30,261.7699890136719,112620800,Tesla,TSLA,1225.0178339737379,2023-06
2023-07-03,279.82000732421875,119685900,Tesla,TSLA,1309.4873883993125,2023-07
2023-07-05,282.4800109863281,131530900,Tesla,TSLA,1321.9355377719637,2023-07
2023-07-06,276.5400085449219,120332100,Tesla,TSLA,1294.1378175214954,2023-07
2023-07-07,274.42999267578125,113879200,Tesla,TSLA,1284.263472951271,2023-07
2023-07-10,269.6099853515625,119425400,Tesla,TSLA,1261.7070486862128,2023-07
2023-07-11,269.7900085449219,91972400,Tesla,TSLA,1262.5495120382,2023-07
2023-07-12,271.989990234375,95672100,Tesla,TSLA,1272.8448740625113,2023-07
2023-07-13,277.8999938964844,112681500,Tesla,TSLA,1300.5022075567492,2023-07
2023-07-14,281.3800048828125,120062400,Tesla,TSLA,1316.7877853525058,2023-07
2023-07-17,290.3800048828125,131569600,Tesla,TSLA,1358.9055259968995,2023-07
2023-07-18,293.3399963378906,112120300,Tesla,TSLA,1372.7575429318551,2023-07
2023-07-19,291.260009765625,142355400,Tesla,TSLA,1363.0237279324658,2023-07
2023-07-20,262.8999938964844,175158300,Tesla,TSLA,1230.305973149426,2023-07
2023-07-21,260.0199890136719,161796100,Tesla,TSLA,1216.8282732928835,2023-07
2023-07-24,269.0599975585937,136508500,Tesla,TSLA,1259.1332438837858,2023-07
2023-07-25,265.2799987792969,112757300,Tesla,TSLA,1241.4437985257248,2023-07
2023-07-26,264.3500061035156,95856200,Tesla,TSLA,1237.0916662679758,2023-07
2023-07-27,255.7100067138672,103697300,Tesla,TSLA,1196.65863810565,2023-07
2023-07-28,266.44000244140625,111446000,Tesla,TSLA,1246.8723244576436,2023-07
2023-07-31,267.42999267578125,84582200,Tesla,TSLA,1251.5052302278536,2023-07
2023-08-01,261.07000732421875,83166000,Tesla,TSLA,1221.7420953901587,2023-08
2023-08-02,254.1100006103516,101752900,Tesla,TSLA,1189.1710112059482,2023-08
2023-08-03,259.32000732421875,97569100,Tesla,TSLA,1213.5525347093046,2023-08
2023-08-04,253.8600006103516,99539900,Tesla,TSLA,1188.001073965826,2023-08
2023-08-07,251.4499969482422,111097900,Tesla,TSLA,1176.7228618332967,2023-08
2023-08-08,249.6999969482422,96642200,Tesla,TSLA,1168.5333011524424,2023-08
2023-08-09,242.19000244140625,101596300,Tesla,TSLA,1133.3884121658048,2023-08
2023-08-10,245.33999633789065,109498600,Tesla,TSLA,1148.1295928284221,2023-08
2023-08-11,242.6499938964844,99038600,Tesla,TSLA,1135.5410566995401,2023-08
2023-08-14,239.75999450683597,98595300,Tesla,TSLA,1122.0165850600215,2023-08
2023-08-15,232.9600067138672,88197600,Tesla,TSLA,1090.1943492545436,2023-08
2023-08-16,225.6000061035156,112484500,Tesla,TSLA,1055.7513940490583,2023-08
2023-08-17,219.22000122070312,120718400,Tesla,TSLA,1025.894572830807,2023-08
2023-08-18,215.4900054931641,136276600,Tesla,TSLA,1008.4391292022307,2023-08
2023-08-21,231.27999877929688,135702700,Tesla,TSLA,1082.3323338691262,2023-08
2023-08-22,233.19000244140625,130442800,Tesla,TSLA,1091.2706715214113,2023-08
2023-08-23,236.8600006103516,101077600,Tesla,TSLA,1108.4453416375266,2023-08
2023-08-24,230.0399932861328,99777400,Tesla,TSLA,1076.5294194514918,2023-08
2023-08-25,238.58999633789065,106612200,Tesla,TSLA,1116.5412873451266,2023-08
2023-08-28,238.82000732421875,107673700,Tesla,TSLA,1117.6176810192962,2023-08
2023-08-29,257.17999267578125,134047600,Tesla,TSLA,1203.5378033828495,2023-08
2023-08-30,256.8999938964844,121988400,Tesla,TSLA,1202.227479386497,2023-08
2023-08-31,258.0799865722656,108861700,Tesla,TSLA,1207.749548884368,2023-08
2023-09-01,245.00999450683597,132541600,Tesla,TSLA,1146.5852671025846,2023-09
2023-09-05,256.489990234375,129469600,Tesla,TSLA,1200.3087651749443,2023-09
2023-09-06,251.9199981689453,116959800,Tesla,TSLA,1178.9223495573103,2023-09
2023-09-07,251.4900054931641,115312900,Tesla,TSLA,1176.9100917798057,2023-09
2023-09-08,248.5,118367700,Tesla,TSLA,1162.917616681317,2023-09
2023-09-11,273.5799865722656,174667900,Tesla,TSLA,1280.285657771935,2023-09
2023-09-12,267.4800109863281,135999900,Tesla,TSLA,1251.7393033646406,2023-09
2023-09-13,271.29998779296875,111673700,Tesla,TSLA,1269.615835854606,2023-09
2023-09-14,276.0400085449219,107709800,Tesla,TSLA,1291.7979430412513,2023-09
2023-09-15,274.3900146484375,133692300,Tesla,TSLA,1284.0763858193666,2023-09
2023-09-18,265.2799987792969,101543300,Tesla,TSLA,1241.4437985257248,2023-09
2023-09-19,266.5,103704000,Tesla,TSLA,1247.1530979701047,2023-09
2023-09-20,262.5899963378906,122514600,Tesla,TSLA,1228.8552623968433,2023-09
2023-09-21,255.6999969482422,119951500,Tesla,TSLA,1196.6117949153715,2023-09
2023-09-22,244.8800048828125,127524100,Tesla,TSLA,1145.9769482946865,2023-09
2023-09-25,246.9900054931641,104636600,Tesla,TSLA,1155.851221457609,2023-09
2023-09-26,244.1199951171875,101993600,Tesla,TSLA,1142.4202933840422,2023-09
2023-09-27,240.5,136597200,Tesla,TSLA,1125.4796249974115,2023-09
2023-09-28,246.3800048828125,117058900,Tesla,TSLA,1152.9965717354187,2023-09
2023-09-29,250.22000122070312,128522700,Tesla,TSLA,1170.966790605941,2023-09
2023-10-02,251.6000061035156,123810400,Tesla,TSLA,1177.4248670217512,2023-10
2023-10-03,246.52999877929688,101985300,Tesla,TSLA,1153.6985055165712,2023-10
2023-10-04,261.1600036621094,129721600,Tesla,TSLA,1222.1632556588502,2023-10
2023-10-05,260.04998779296875,119159200,Tesla,TSLA,1216.968660049114,2023-10
2023-10-06,260.5299987792969,118121800,Tesla,TSLA,1219.2149909634059,2023-10
2023-10-09,259.6700134277344,101377900,Tesla,TSLA,1215.1904754083962,2023-10
2023-10-10,263.6199951171875,122656000,Tesla,TSLA,1233.6753981135619,2023-10
2023-10-11,262.989990234375,103706300,Tesla,TSLA,1230.7271334181175,2023-10
2023-10-12,258.8699951171875,111508100,Tesla,TSLA,1211.446590551243,2023-10
2023-10-13,251.1199951171875,102073800,Tesla,TSLA,1175.1785361074594,2023-10
2023-10-16,253.9199981689453,88917200,Tesla,TSLA,1188.2818474782869,2023-10
2023-10-17,254.8500061035156,93562900,Tesla,TSLA,1192.634051143338,2023-10
2023-10-18,242.67999267578125,125147800,Tesla,TSLA,1135.6814434557707,2023-10
2023-10-19,220.1100006103516,170772700,Tesla,TSLA,1030.0595465493493,2023-10
2023-10-20,211.9900054931641,138010100,Tesla,TSLA,992.0600078405218,2023-10
2023-10-23,212.0800018310547,150683400,Tesla,TSLA,992.4811681092132,2023-10
2023-10-24,216.5200042724609,118231100,Tesla,TSLA,1013.259264918949,2023-10
2023-10-25,212.4199981689453,107065100,Tesla,TSLA,994.0722656180267,2023-10
2023-10-26,205.75999450683597,115112600,Tesla,TSLA,962.9051204034229,2023-10
2023-10-27,207.3000030517578,94881200,Tesla,TSLA,970.1119737906638,2023-10
2023-10-30,197.3600006103516,136448200,Tesla,TSLA,923.5952576982429,2023-10
2023-10-31,200.83999633789065,118068300,Tesla,TSLA,939.8807640866971,2023-10
2023-11-01,205.66000366210935,121661700,Tesla,TSLA,962.437188351755,2023-11
2023-11-02,218.50999450683597,125987600,Tesla,TSLA,1022.5719196496474,2023-11
2023-11-03,219.9600067138672,119534800,Tesla,TSLA,1029.357612768197,2023-11
2023-11-06,219.2700042724609,117335800,Tesla,TSLA,1026.1285745602916,2023-11
2023-11-07,222.17999267578125,116900100,Tesla,TSLA,1039.7465897657628,2023-11
2023-11-08,222.1100006103516,106584800,Tesla,TSLA,1039.4190444703258,2023-11
2023-11-09,209.97999572753903,142110500,Tesla,TSLA,982.653666729267,2023-11
2023-11-10,214.6499938964844,130994000,Tesla,TSLA,1004.5080858058709,2023-11
2023-11-13,223.7100067138672,140447600,Tesla,TSLA,1046.9066713700277,2023-11
2023-11-14,237.41000366210935,149771600,Tesla,TSLA,1111.0192178472553,2023-11
2023-11-15,242.83999633789065,150354000,Tesla,TSLA,1136.4302204272014,2023-11
2023-11-16,233.58999633789065,136816800,Tesla,TSLA,1093.1425425426855,2023-11
2023-11-17,234.3000030517578,142532800,Tesla,TSLA,1096.4651957238452,2023-11
2023-11-20,235.6000061035156,116320100,Tesla,TSLA,1102.54888365394,2023-11
2023-11-21,241.1999969482422,122288000,Tesla,TSLA,1128.7554349882928,2023-11
2023-11-22,234.2100067138672,117950600,Tesla,TSLA,1096.0440354551538,2023-11
2023-11-24,235.4499969482422,65125200,Tesla,TSLA,1101.8468784654856,2023-11
2023-11-27,236.0800018310547,112031800,Tesla,TSLA,1104.79514316093,2023-11
2023-11-28,246.72000122070312,148549900,Tesla,TSLA,1154.5876692442323,2023-11
2023-11-29,244.13999938964844,135401300,Tesla,TSLA,1142.5139083572965,2023-11
2023-11-30,240.0800018310547,132353200,Tesla,TSLA,1123.5141390028828,2023-11
2023-12-01,238.8300018310547,121331700,Tesla,TSLA,1117.6644528022723,2023-12
2023-12-04,235.5800018310547,104099800,Tesla,TSLA,1102.4552686806858,2023-12
2023-12-05,238.72000122070312,137971100,Tesla,TSLA,1117.1496775603266,2023-12
2023-12-06,239.3699951171875,126436200,Tesla,TSLA,1120.191485821723,2023-12
2023-12-07,242.63999938964844,107142300,Tesla,TSLA,1135.4942849165643,2023-12
2023-12-08,243.83999633789065,103126800,Tesla,TSLA,1141.1099693876897,2023-12
2023-12-11,239.7400054931641,97913900,Tesla,TSLA,1121.9230414940694,2023-12
2023-12-12,237.00999450683597,95328300,Tesla,TSLA,1109.147275418679,2023-12
2023-12-13,239.2899932861328,146286300,Tesla,TSLA,1119.817097336008,2023-12
2023-12-14,251.0500030517578,160829200,Tesla,TSLA,1174.8509908120225,2023-12
2023-12-15,253.5,135932800,Tesla,TSLA,1186.316361483758,2023-12
2023-12-18,252.0800018310547,116416500,Tesla,TSLA,1179.671126528741,2023-12
2023-12-19,257.2200012207031,106737400,Tesla,TSLA,1203.7250333293582,2023-12
2023-12-20,247.13999938964844,125097000,Tesla,TSLA,1156.5531552387608,2023-12
2023-12-21,254.5,109594200,Tesla,TSLA,1190.9961104442464,2023-12
2023-12-22,252.5399932861328,93370100,Tesla,TSLA,1181.8237710624765,2023-12
2023-12-26,256.6099853515625,86892400,Tesla,TSLA,1200.8703121998662,2023-12
2023-12-27,261.44000244140625,106494400,Tesla,TSLA,1223.4735796552027,2023-12
2023-12-28,253.17999267578125,113619900,Tesla,TSLA,1184.8188075408968,2023-12
2023-12-29,248.47999572753903,100891600,Tesla,TSLA,1162.8240017080625,2023-12
2024-01-02,248.4199981689453,104654200,Tesla,TSLA,1162.5432281956018,2024-01
2024-01-03,238.4499969482422,121082600,Tesla,TSLA,1115.8861253469504,2024-01
2024-01-04,237.92999267578125,102629300,Tesla,TSLA,1113.4526358934518,2024-01
2024-01-05,237.4900054931641,92488900,Tesla,TSLA,1111.393606332971,2024-01
2024-01-08,240.4499969482422,85166600,Tesla,TSLA,1125.2456232679267,2024-01
2024-01-09,234.9600067138672,96705700,Tesla,TSLA,1099.5538471755199,2024-01
2024-01-10,233.94000244140625,91628500,Tesla,TSLA,1094.7804832417773,2024-01
2024-01-11,227.22000122070312,105873600,Tesla,TSLA,1063.3325645147124,2024-01
2024-01-12,218.88999938964844,123043800,Tesla,TSLA,1024.3502471049694,2024-01
2024-01-16,219.91000366210935,115355000,Tesla,TSLA,1029.123611038712,2024-01
2024-01-17,215.5500030517578,103164400,Tesla,TSLA,1008.7199027146914,2024-01
2024-01-18,211.8800048828125,108595400,Tesla,TSLA,991.5452325985759,2024-01
2024-01-19,212.19000244140625,102260300,Tesla,TSLA,992.995943351159,2024-01
2024-01-22,208.8000030517578,117952500,Tesla,TSLA,977.1315972313961,2024-01
2024-01-23,209.13999938964844,106605900,Tesla,TSLA,978.7226947402095,2024-01
2024-01-24,207.8300018310547,123369900,Tesla,TSLA,972.5922350271384,2024-01
2024-01-25,182.6300048828125,198076800,Tesla,TSLA,854.6625755042962,2024-01
2024-01-26,183.25,107343200,Tesla,TSLA,857.5639970094622,2024-01
2024-01-29,190.92999267578125,125013100,Tesla,TSLA,893.5044347505064,2024-01
2024-01-30,191.58999633789065,109982300,Tesla,TSLA,896.5930862021814,2024-01
2024-01-31,187.2899932861328,103221400,Tesla,TSLA,876.4701513906216,2024-01
2024-02-01,188.8600006103516,91843300,Tesla,TSLA,883.8173915340931,2024-02
2024-02-02,187.91000366210935,110612700,Tesla,TSLA,879.3716443030895,2024-02
2024-02-05,181.05999755859372,134294400,Tesla,TSLA,847.3153353608245,2024-02
2024-02-06,185.1000061035156,122676000,Tesla,TSLA,866.2215611492861,2024-02
2024-02-07,187.5800018310547,111535200,Tesla,TSLA,877.8273185772523,2024-02
2024-02-08,189.55999755859372,83034000,Tesla,TSLA,887.0932015249742,2024-02
2024-02-09,193.57000732421875,84476300,Tesla,TSLA,905.8590405572055,2024-02
2024-02-12,188.1300048828125,95498600,Tesla,TSLA,880.4011947869814,2024-02
2024-02-13,184.0200042724609,86759500,Tesla,TSLA,861.1674237030826,2024-02
2024-02-14,188.7100067138672,81203000,Tesla,TSLA,883.1154577529408,2024-02
2024-02-15,200.4499969482422,120831800,Tesla,TSLA,938.0556648483987,2024-02
2024-02-16,199.9499969482422,111346700,Tesla,TSLA,935.7157903681547,2024-02
2024-02-20,193.75999450683597,104545800,Tesla,TSLA,906.7481328775644,2024-02
2024-02-21,194.7700042724609,103500300,Tesla,TSLA,911.4747250283307,2024-02
2024-02-22,197.41000366210935,92739500,Tesla,TSLA,923.8292594277274,2024-02
2024-02-23,191.97000122070312,78841900,Tesla,TSLA,898.3714136575035,2024-02
2024-02-26,199.3999938964844,111747100,Tesla,TSLA,933.1419141584257,2024-02
2024-02-27,199.72999572753903,108645400,Tesla,TSLA,934.6862398842629,2024-02
2024-02-28,202.0399932861328,99806200,Tesla,TSLA,945.4964485578223,2024-02
2024-02-29,201.8800048828125,85907000,Tesla,TSLA,944.747742993694,2024-02
2024-03-01,202.63999938964844,82243100,Tesla,TSLA,948.3043264970363,2024-03
2024-03-04,188.13999938964844,134334900,Tesla,TSLA,880.4479665699574,2024-03
2024-03-05,180.7400054931641,119660800,Tesla,TSLA,845.8178528252657,2024-03
2024-03-06,176.5399932861328,107920900,Tesla,TSLA,826.1628500653734,2024-03
2024-03-07,178.64999389648438,102129000,Tesla,TSLA,836.0371232282956,2024-03
2024-03-08,175.33999633789062,85544600,Tesla,TSLA,820.547165594248,2024-03
2024-03-11,177.77000427246094,85391500,Tesla,TSLA,831.9189927000315,2024-03
2024-03-12,177.5399932861328,87391700,Tesla,TSLA,830.8425990258617,2024-03
2024-03-13,169.47999572753906,106524500,Tesla,TSLA,793.1238338294951,2024-03
2024-03-14,162.5,126325700,Tesla,TSLA,760.459206079332,2024-03
2024-03-15,163.57000732421875,97146800,Tesla,TSLA,765.4665717425595,2024-03
2024-03-18,173.8000030517578,108214400,Tesla,TSLA,813.3403836143092,2024-03
2024-03-19,171.32000732421875,77271400,Tesla,TSLA,801.734626186343,2024-03
2024-03-20,175.66000366210938,83846700,Tesla,TSLA,822.0447195371094,2024-03
2024-03-21,172.82000732421875,73178000,Tesla,TSLA,808.7542496270753,2024-03
2024-03-22,170.8300018310547,75580600,Tesla,TSLA,799.441523489075,2024-03
2024-03-25,172.6300048828125,74228600,Tesla,TSLA,807.8650858994143,2024-03
2024-03-26,177.6699981689453,113186200,Tesla,TSLA,831.4509892410617,2024-03
2024-03-27,179.8300018310547,81804000,Tesla,TSLA,841.5592641334689,2024-03
2024-03-28,175.7899932861328,77654800,Tesla,TSLA,822.6530383450072,2024-03
2024-04-01,175.22000122070312,81562100,Tesla,TSLA,819.9856185693262,2024-04
2024-04-02,166.6300048828125,116650600,Tesla,TSLA,779.7865921364851,2024-04
2024-04-03,168.3800048828125,82950100,Tesla,TSLA,787.9761528173394,2024-04
2024-04-04,171.11000061035156,123162000,Tesla,TSLA,800.7518474854276,2024-04
2024-04-05,164.89999389648438,143157600,Tesla,TSLA,771.6905750215828,2024-04
2024-04-08,172.97999572753906,104423300,Tesla,TSLA,809.5029551912038,2024-04
2024-04-09,176.8800048828125,102951700,Tesla,TSLA,827.7540189814891,2024-04
2024-04-10,171.75999450683594,84532400,Tesla,TSLA,803.793655746824,2024-04
2024-04-11,174.60000610351562,94516000,Tesla,TSLA,817.0841970641602,2024-04
2024-04-12,171.0500030517578,64722700,Tesla,TSLA,800.4710739729667,2024-04
2024-04-15,161.47999572753906,100245300,Tesla,TSLA,755.6858421455895,2024-04
2024-04-16,157.11000061035156,97000000,Tesla,TSLA,735.2353620385928,2024-04
2024-04-17,155.4499969482422,82439700,Tesla,TSLA,727.4669616264299,2024-04
2024-04-18,149.92999267578125,96098800,Tesla,TSLA,701.6347273704904,2024-04
2024-04-19,147.0500030517578,87074500,Tesla,TSLA,688.1570989212498,2024-04
2024-04-22,142.0500030517578,107097600,Tesla,TSLA,664.7583541188089,2024-04
2024-04-23,144.67999267578125,124545100,Tesla,TSLA,677.0660453279273,2024-04
2024-04-24,162.1300048828125,181178000,Tesla,TSLA,758.7277218142882,2024-04
2024-04-25,170.17999267578125,126427500,Tesla,TSLA,796.3996438203764,2024-04
2024-04-26,168.2899932861328,109815700,Tesla,TSLA,787.5549211413457,2024-04
2024-04-29,194.0500030517578,243869700,Tesla,TSLA,908.1053000641951,2024-04
2024-04-30,183.27999877929688,127031800,Tesla,TSLA,857.7043837656927,2024-04
2024-05-01,179.99000549316406,92829700,Tesla,TSLA,842.3080411048994,2024-05
2024-05-02,180.00999450683594,89148000,Tesla,TSLA,842.4015846708515,2024-05
2024-05-03,181.19000244140625,75491500,Tesla,TSLA,847.9237255760248,2024-05
2024-05-06,184.75999450683597,84390300,Tesla,TSLA,864.6303922331707,2024-05
2024-05-07,177.80999755859375,75045900,Tesla,TSLA,832.106151239238,2024-05
2024-05-08,174.72000122070312,79969500,Tesla,TSLA,817.645744089082,2024-05
2024-05-09,171.97000122070312,65950300,Tesla,TSLA,804.7764344477395,2024-05
2024-05-10,168.47000122070312,72627200,Tesla,TSLA,788.3973130860307,2024-05
2024-05-13,171.88999938964844,67018900,Tesla,TSLA,804.4020459620242,2024-05
2024-05-14,177.5500030517578,86407400,Tesla,TSLA,830.88944221614,2024-05
2024-05-15,173.99000549316406,79663000,Tesla,TSLA,814.2295473419703,2024-05
2024-05-16,174.83999633789062,59812200,Tesla,TSLA,818.207291114004,2024-05
2024-05-17,177.4600067138672,77445800,Tesla,TSLA,830.4682819474484,2024-05
2024-05-20,174.9499969482422,61727400,Tesla,TSLA,818.7220663559497,2024-05
2024-05-21,186.6000061035156,115266500,Tesla,TSLA,873.2411845900184,2024-05
2024-05-22,180.11000061035156,88313500,Tesla,TSLA,842.8695881298213,2024-05
2024-05-23,173.74000549316406,71975500,Tesla,TSLA,813.0596101018483,2024-05
2024-05-24,179.24000549316406,65584500,Tesla,TSLA,838.7982293845333,2024-05
2024-05-28,176.75,59736600,Tesla,TSLA,827.145628766289,2024-05
2024-05-29,176.19000244140625,54782600,Tesla,TSLA,824.5249807735838,2024-05
2024-05-30,178.7899932861328,77618400,Tesla,TSLA,836.6922852264718,2024-05
2024-05-31,178.0800018310547,67314600,Tesla,TSLA,833.3697034526144,2024-05
2024-06-03,176.2899932861328,68568900,Tesla,TSLA,824.9929128252514,2024-06
2024-06-04,174.77000427246094,60056300,Tesla,TSLA,817.8797458185668,2024-06
2024-06-05,175.0,57953800,Tesla,TSLA,818.9560680854346,2024-06
2024-06-06,177.94000244140625,69887000,Tesla,TSLA,832.7145414544383,2024-06
2024-06-07,177.47999572753906,56244900,Tesla,TSLA,830.5618255134007,2024-06
2024-06-10,173.7899932861328,50774600,Tesla,TSLA,813.2935404240309,2024-06
2024-06-11,170.66000366210938,64761900,Tesla,TSLA,798.6459747346684,2024-06
2024-06-12,177.2899932861328,90389400,Tesla,TSLA,829.6726617857395,2024-06
2024-06-13,182.47000122070312,118984100,Tesla,TSLA,853.9137985328656,2024-06
2024-06-14,178.00999450683594,82038200,Tesla,TSLA,833.0420867498752,2024-06
2024-06-17,187.44000244140625,109786100,Tesla,TSLA,877.1721565790762,2024-06
2024-06-18,184.8600006103516,68982300,Tesla,TSLA,865.0983956921405,2024-06
2024-06-20,181.57000732421875,55893100,Tesla,TSLA,849.7020530313471,2024-06
2024-06-21,183.00999450683597,61937300,Tesla,TSLA,856.4408315523164,2024-06
2024-06-24,182.5800018310547,61992100,Tesla,TSLA,854.4285737748114,2024-06
2024-06-25,187.3500061035156,62905700,Tesla,TSLA,876.7509963103846,2024-06
2024-06-26,196.3699951171875,95737100,Tesla,TSLA,918.9622805207305,2024-06
2024-06-27,197.4199981689453,72746500,Tesla,TSLA,923.8760312107037,2024-06
2024-06-28,197.8800048828125,95438100,Tesla,TSLA,926.0287471517412,2024-06
2024-07-01,209.8600006103516,135691400,Tesla,TSLA,982.0921197043454,2024-07
2024-07-02,231.25999450683597,205047900,Tesla,TSLA,1082.238718895872,2024-07
2024-07-03,246.38999938964844,166561500,Tesla,TSLA,1153.0433435183947,2024-07
2024-07-05,251.5200042724609,154501200,Tesla,TSLA,1177.0504785360358,2024-07
2024-07-08,252.94000244140625,157219600,Tesla,TSLA,1183.695713491053,2024-07
2024-07-09,262.3299865722656,160210900,Tesla,TSLA,1227.638481966443,2024-07
2024-07-10,263.260009765625,128519400,Tesla,TSLA,1231.9907570387963,2024-07
2024-07-11,241.02999877929688,221707300,Tesla,TSLA,1127.959886233886,2024-07
2024-07-12,248.22999572753903,155955800,Tesla,TSLA,1161.6540644679405,2024-07
2024-07-15,252.63999938964844,146912900,Tesla,TSLA,1182.291774521446,2024-07
2024-07-16,256.5599975585937,126332500,Tesla,TSLA,1200.6363818776833,2024-07
2024-07-17,248.5,115584800,Tesla,TSLA,1162.917616681317,2024-07
2024-07-18,249.22999572753903,110869000,Tesla,TSLA,1166.3338134284286,2024-07
2024-07-19,239.1999969482422,87403900,Tesla,TSLA,1119.3959370673165,2024-07
2024-07-22,251.50999450683597,101225400,Tesla,TSLA,1177.0036353457579,2024-07
2024-07-23,246.3800048828125,111928200,Tesla,TSLA,1152.9965717354187,2024-07
2024-07-24,215.9900054931641,167942900,Tesla,TSLA,1010.7790036824747,2024-07
2024-07-25,220.25,100636500,Tesla,TSLA,1030.7147085475253,2024-07
2024-07-26,219.8000030517578,94604100,Tesla,TSLA,1028.6088357967662,2024-07
2024-07-29,232.1000061035156,129201800,Tesla,TSLA,1086.1697622922313,2024-07
2024-07-30,222.6199951171875,100560300,Tesla,TSLA,1041.8056907335458,2024-07
2024-07-31,232.07000732421875,67497000,Tesla,TSLA,1086.0293755360012,2024-07
2024-08-01,216.8600006103516,83861900,Tesla,TSLA,1014.8503624277627,2024-08
2024-08-02,207.6699981689453,82880100,Tesla,TSLA,971.8434580557076,2024-08
2024-08-05,198.8800048828125,100308800,Tesla,TSLA,930.7084961122295,2024-08
2024-08-06,200.63999938964844,73783900,Tesla,TSLA,938.9448285760599,2024-08
2024-08-07,191.75999450683597,71159800,Tesla,TSLA,897.388634956588,2024-08
2024-08-08,198.83999633789065,65033900,Tesla,TSLA,930.5212661657208,2024-08
2024-08-09,200.0,58648300,Tesla,TSLA,935.9497920976395,2024-08
2024-08-12,197.4900054931641,64044900,Tesla,TSLA,924.2036479134431,2024-08
2024-08-13,207.8300018310547,76247400,Tesla,TSLA,972.5922350271384,2024-08
2024-08-14,201.3800048828125,70250000,Tesla,TSLA,942.40786851345,2024-08
2024-08-15,214.13999938964844,89848500,Tesla,TSLA,1002.1214395426505,2024-08
2024-08-16,216.1199951171875,88765100,Tesla,TSLA,1011.3873224903725,2024-08
2024-08-19,222.72000122070312,76435200,Tesla,TSLA,1042.2736941925154,2024-08
2024-08-20,221.1000061035156,74001200,Tesla,TSLA,1034.6925237268613,2024-08
2024-08-21,223.2700042724609,70146000,Tesla,TSLA,1044.8475704022444,2024-08
2024-08-22,210.66000366210935,79514500,Tesla,TSLA,985.835933154196,2024-08
2024-08-23,220.32000732421875,81525200,Tesla,TSLA,1031.0423252502649,2024-08
2024-08-26,213.2100067138672,59301200,Tesla,TSLA,997.7693072849016,2024-08
2024-08-27,209.2100067138672,62821400,Tesla,TSLA,979.0503114429488,2024-08
2024-08-28,205.75,64116400,Tesla,TSLA,962.8583486204466,2024-08
2024-08-29,206.27999877929688,62308800,Tesla,TSLA,965.3386098569213,2024-08
2024-08-30,214.1100006103516,63370600,Tesla,TSLA,1001.9810527864202,2024-08
2024-09-03,210.6000061035156,76714200,Tesla,TSLA,985.5551596417351,2024-09
2024-09-04,219.41000366210935,80651800,Tesla,TSLA,1026.7837365584678,2024-09
2024-09-05,230.1699981689453,119355000,Tesla,TSLA,1077.1378096666922,2024-09
2024-09-06,210.72999572753903,112177000,Tesla,TSLA,986.1634784496332,2024-09
2024-09-09,216.2700042724609,67443500,Tesla,TSLA,1012.089327678827,2024-09
2024-09-10,226.1699981689453,78891100,Tesla,TSLA,1058.4188138247393,2024-09
2024-09-11,228.1300048828125,83548600,Tesla,TSLA,1067.5911532065093,2024-09
2024-09-12,229.80999755859372,71894900,Tesla,TSLA,1075.453097184624,2024-09
2024-09-13,230.2899932861328,59515100,Tesla,TSLA,1077.699356691614,2024-09
2024-09-16,226.77999877929688,54323000,Tesla,TSLA,1061.2734635469292,2024-09
2024-09-17,227.8699951171875,66761600,Tesla,TSLA,1066.3743727761089,2024-09
2024-09-18,227.1999969482422,78010200,Tesla,TSLA,1063.238949541458,2024-09
2024-09-19,243.9199981689453,102694600,Tesla,TSLA,1141.4843578734049,2024-09
2024-09-20,238.25,99879100,Tesla,TSLA,1114.950189836313,2024-09
2024-09-23,250.0,86927200,Tesla,TSLA,1169.9372401220494,2024-09
2024-09-24,254.2700042724609,88491000,Tesla,TSLA,1189.9197881773785,2024-09
2024-09-25,257.0199890136719,65034300,Tesla,TSLA,1202.789026411419,2024-09
2024-09-26,254.22000122070312,67142200,Tesla,TSLA,1189.6857864478936,2024-09
2024-09-27,260.4599914550781,70988100,Tesla,TSLA,1218.8873742606668,2024-09
2024-09-30,261.6300048828125,80705700,Tesla,TSLA,1224.362743382864,2024-09
2024-10-01,258.0199890136719,87397600,Tesla,TSLA,1207.468775371907,2024-10
2024-10-02,249.0200042724609,93983900,Tesla,TSLA,1165.3511061348154,2024-10
2024-10-03,240.66000366210935,80729200,Tesla,TSLA,1126.228401968842,2024-10
2024-10-04,250.0800018310547,86573200,Tesla,TSLA,1170.3116286077648,2024-10
2024-10-07,240.8300018310547,68113300,Tesla,TSLA,1127.0239507232488,2024-10
2024-10-08,244.5,56303200,Tesla,TSLA,1144.1986208393641,2024-10
2024-10-09,241.0500030517578,66289500,Tesla,TSLA,1128.0535012071405,2024-10
2024-10-10,238.7700042724609,83087100,Tesla,TSLA,1117.3836792898114,2024-10
2024-10-11,217.8000030517578,142628900,Tesla,TSLA,1019.2493378757898,2024-10
2024-10-14,219.16000366210935,86291900,Tesla,TSLA,1025.6137993183459,2024-10
2024-10-15,219.57000732421875,62988800,Tesla,TSLA,1027.5325135298988,2024-10
2024-10-16,221.3300018310547,49632800,Tesla,TSLA,1035.768845993729,2024-10
2024-10-17,220.88999938964844,50791800,Tesla,TSLA,1033.7097450259457,2024-10
2024-10-18,220.6999969482422,49611900,Tesla,TSLA,1032.8205812982849,2024-10
2024-10-21,218.8500061035156,47329000,Tesla,TSLA,1024.1630885657628,2024-10
2024-10-22,217.97000122070312,43268700,Tesla,TSLA,1020.0448866301965,2024-10
2024-10-23,213.6499938964844,80938900,Tesla,TSLA,999.8283368453826,2024-10
2024-10-24,260.4800109863281,204491900,Tesla,TSLA,1218.9810606412234,2024-10
2024-10-25,269.19000244140625,161611900,Tesla,TSLA,1259.7416340989862,2024-10
2024-10-28,262.510009765625,107653600,Tesla,TSLA,1228.4809453184303,2024-10
2024-10-29,259.5199890136719,80521800,Tesla,TSLA,1214.4883988126394,2024-10
2024-10-30,257.54998779296875,53993600,Tesla,TSLA,1205.2692876478934,2024-10
2024-10-31,249.8500061035156,66575300,Tesla,TSLA,1169.2353063408968,2024-10
2024-11-01,248.97999572753903,57544800,Tesla,TSLA,1165.1638761883066,2024-11
2024-11-04,242.83999633789065,68802400,Tesla,TSLA,1136.4302204272014,2024-11
2024-11-05,251.44000244140625,69282500,Tesla,TSLA,1176.6760900503207,2024-11
2024-11-06,288.5299987792969,165228700,Tesla,TSLA,1350.2479618570756,2024-11
2024-11-07,296.9100036621094,117309200,Tesla,TSLA,1389.4642809963034,2024-11
2024-11-08,321.2200012207031,204782800,Tesla,TSLA,1503.2289668006028,2024-11
2024-11-11,350.0,210521600,Tesla,TSLA,1637.9121361708692,2024-11
2024-11-12,328.489990234375,155726000,Tesla,TSLA,1537.2506903300946,2024-11
2024-11-13,330.239990234375,125405600,Tesla,TSLA,1545.440251010949,2024-11
2024-11-14,311.17999267578125,120726100,Tesla,TSLA,1456.2442472492123,2024-11
2024-11-15,320.7200012207031,114440300,Tesla,TSLA,1500.889092320359,2024-11
2024-11-18,338.739990234375,126085600,Tesla,TSLA,1585.2181171750985,2024-11
2024-11-19,346.0,88852500,Tesla,TSLA,1619.1931403289163,2024-11
2024-11-20,342.0299987792969,66340700,Tesla,TSLA,1600.614531243194,2024-11
2024-11-21,339.6400146484375,58011700,Tesla,TSLA,1589.4300054912214,2024-11
2024-11-22,352.5599975585937,89140700,Tesla,TSLA,1649.8922820845503,2024-11
2024-11-25,338.5899963378906,95890900,Tesla,TSLA,1584.5161833939462,2024-11
2024-11-26,338.2300109863281,62295900,Tesla,TSLA,1582.8315423191807,2024-11
2024-11-27,332.8900146484375,57896400,Tesla,TSLA,1557.8417000079262,2024-11
2024-11-29,345.1600036621094,37167600,Tesla,TSLA,1615.2621683398588,2024-11
2024-12-02,357.0899963378906,77986500,Tesla,TSLA,1671.0915391629778,2024-12
2024-12-03,351.4200134277344,58267200,Tesla,TSLA,1644.5574425331884,2024-12
2024-12-04,357.92999267578125,50810900,Tesla,TSLA,1675.0225111520353,2024-12
2024-12-05,369.489990234375,81403600,Tesla,TSLA,1729.1203977101104,2024-12
2024-12-06,389.2200012207031,81455800,Tesla,TSLA,1821.4518961138006,2024-12
2024-12-09,389.7900085449219,96359200,Tesla,TSLA,1824.1193872967838,2024-12
2024-12-10,400.989990234375,97563600,Tesla,TSLA,1876.5324899654888,2024-12
2024-12-11,424.7699890136719,104287600,Tesla,TSLA,1987.8169145333138,2024-12
2024-12-12,418.1000061035156,87752200,Tesla,TSLA,1956.6030689430363,2024-12
2024-12-13,436.2300109863281,89000200,Tesla,TSLA,2041.446940447024,2024-12
2024-12-16,463.0199890136719,114083800,Tesla,TSLA,2166.8173122719872,2024-12
2024-12-17,479.8599853515625,131223000,Tesla,TSLA,2245.6242676288566,2024-12
2024-12-18,440.1300048828125,149340800,Tesla,TSLA,2059.6979328300067,2024-12
2024-12-19,436.1700134277344,118566100,Tesla,TSLA,2041.166166934563,2024-12
2024-12-20,421.05999755859375,132216200,Tesla,TSLA,1970.4550858779921,2024-12
2024-12-23,430.6000061035156,72698100,Tesla,TSLA,2015.0999309491385,2024-12
2024-12-24,462.2799987792969,59551800,Tesla,TSLA,2163.3543437419,2024-12
2024-12-26,454.1300048828125,76366400,Tesla,TSLA,2125.214418276842,2024-12
2024-12-27,431.6600036621094,82666800,Tesla,TSLA,2020.060453422088,2024-12
2024-12-30,417.4100036621094,64941000,Tesla,TSLA,1953.3740307351309,2024-12
2018-01-02,13.372268676757812,275000,Volkswagen,VWAGY,100.0,2018-01
2018-01-03,13.52437973022461,254600,Volkswagen,VWAGY,101.13751119681868,2018-01
2018-01-04,13.922687530517578,354200,Volkswagen,VWAGY,104.1161217072795,2018-01
2018-01-05,14.161998748779297,449400,Volkswagen,VWAGY,105.90572991847004,2018-01
2018-01-08,14.168553352355955,479200,Volkswagen,VWAGY,105.95474631004203,2018-01
2018-01-09,14.19150161743164,264800,Volkswagen,VWAGY,106.12635716853138,2018-01
2018-01-10,13.899739265441896,1273000,Volkswagen,VWAGY,103.9445108487902,2018-01
2018-01-11,14.186583518981934,369200,Volkswagen,VWAGY,106.08957882845618,2018-01
2018-01-12,14.535717010498049,446400,Volkswagen,VWAGY,108.70045586028654,2018-01
2018-01-16,14.86681842803955,487000,Volkswagen,VWAGY,111.17648611023945,2018-01
2018-01-17,14.752080917358398,552400,Volkswagen,VWAGY,110.31846034471937,2018-01
2018-01-18,14.73896598815918,245200,Volkswagen,VWAGY,110.22038477118552,2018-01
2018-01-19,14.98155689239502,342400,Volkswagen,VWAGY,112.03451900749117,2018-01
2018-01-22,15.253649711608888,368200,Volkswagen,VWAGY,114.06927336212654,2018-01
2018-01-23,15.050400733947754,270400,Volkswagen,VWAGY,112.54934445122751,2018-01
2018-01-24,15.037287712097168,227000,Volkswagen,VWAGY,112.45128314115694,2018-01
2018-01-25,14.830760955810549,334400,Volkswagen,VWAGY,110.90684246860614,2018-01
2018-01-26,14.961888313293455,316400,Volkswagen,VWAGY,111.88743417411693,2018-01
2018-01-29,14.876654624938965,169200,Volkswagen,VWAGY,111.25004279038986,2018-01
2018-01-30,14.591445922851562,260200,Volkswagen,VWAGY,109.11720573048899,2018-01
2018-01-31,14.568499565124512,250200,Volkswagen,VWAGY,108.94560913546296,2018-01
2018-02-01,14.555386543273926,241400,Volkswagen,VWAGY,108.84754782539238,2018-02
2018-02-02,14.127575874328612,363200,Volkswagen,VWAGY,105.64831006487022,2018-02
2018-02-05,13.103126525878906,1123200,Volkswagen,VWAGY,97.98731122306344,2018-02
2018-02-06,13.85056495666504,1020800,Volkswagen,VWAGY,103.57677737015972,2018-02
2018-02-07,13.784998893737791,349600,Volkswagen,VWAGY,103.08646368807517,2018-02
2018-02-08,13.29326343536377,453200,Volkswagen,VWAGY,99.40918595562351,2018-02
2018-02-09,13.585026741027832,585200,Volkswagen,VWAGY,101.59103940709635,2018-02
2018-02-12,13.745661735534668,264400,Volkswagen,VWAGY,102.79229402132673,2018-02
2018-02-13,13.804670333862305,155400,Volkswagen,VWAGY,103.23356991664431,2018-02
2018-02-14,13.989890098571776,115400,Volkswagen,VWAGY,104.61867344086082,2018-02
2018-02-15,13.965301513671877,256200,Volkswagen,VWAGY,104.43479600394814,2018-02
2018-02-16,13.945633888244627,154600,Volkswagen,VWAGY,104.28771830230555,2018-02
2018-02-20,13.44078540802002,721600,Volkswagen,VWAGY,100.51237925978332,2018-02
2018-02-21,13.253924369812012,246400,Volkswagen,VWAGY,99.1150020254118,2018-02
2018-02-22,13.404725074768066,383800,Volkswagen,VWAGY,100.24271422295506,2018-02
2018-02-23,13.434226989746094,1157800,Volkswagen,VWAGY,100.46333434128474,2018-02
2018-02-26,13.694849967956545,233200,Volkswagen,VWAGY,102.41231535946783,2018-02
2018-02-27,13.280150413513184,211400,Volkswagen,VWAGY,99.31112464555294,2018-02
2018-02-28,13.034281730651855,676600,Volkswagen,VWAGY,97.47247864759547,2018-02
2018-03-01,12.798251152038574,392400,Volkswagen,VWAGY,95.70740359325167,2018-03
2018-03-02,12.839228630065918,442800,Volkswagen,VWAGY,96.0138398384235,2018-03
2018-03-05,12.847421646118164,329600,Volkswagen,VWAGY,96.07510854495558,2018-03
2018-03-06,13.127711296081545,316400,Volkswagen,VWAGY,98.1711601330496,2018-03
2018-03-07,12.97855281829834,322000,Volkswagen,VWAGY,97.05572877739299,2018-03
2018-03-08,12.949048042297363,215400,Volkswagen,VWAGY,96.83508726386837,2018-03
2018-03-09,12.949048042297363,163000,Volkswagen,VWAGY,96.83508726386837,2018-03
2018-03-12,13.001500129699709,139800,Volkswagen,VWAGY,97.22733250415068,2018-03
2018-03-13,12.670398712158203,264600,Volkswagen,VWAGY,94.75130225419774,2018-03
2018-03-14,13.031005859375,404800,Volkswagen,VWAGY,97.44798114940693,2018-03
2018-03-15,13.235892295837402,296600,Volkswagen,VWAGY,98.98015524353437,2018-03
2018-03-16,13.23097801208496,166800,Volkswagen,VWAGY,98.94340543038572,2018-03
2018-03-19,12.957246780395508,809600,Volkswagen,VWAGY,96.89639876079032,2018-03
2018-03-20,13.031005859375,942200,Volkswagen,VWAGY,97.44798114940693,2018-03
2018-03-21,12.97199535369873,503000,Volkswagen,VWAGY,97.00669099062605,2018-03
2018-03-22,12.699901580810549,568800,Volkswagen,VWAGY,94.97192950425908,2018-03
2018-03-23,12.414695739746094,303800,Volkswagen,VWAGY,92.83911383955315,2018-03
2018-03-26,12.993304252624512,363000,Volkswagen,VWAGY,97.16604240242364,2018-03
2018-03-27,12.798251152038574,149600,Volkswagen,VWAGY,95.70740359325167,2018-03
2018-03-28,12.66384220123291,245000,Volkswagen,VWAGY,94.70227159916244,2018-03
2018-03-29,13.12607479095459,166400,Volkswagen,VWAGY,98.15892208155277,2018-03
2018-04-02,12.939213752746582,286000,Volkswagen,VWAGY,96.76154484718126,2018-04
2018-04-03,13.273594856262209,199000,Volkswagen,VWAGY,99.2621011222493,2018-04
2018-04-04,13.171968460083008,196800,Volkswagen,VWAGY,98.50212240333651,2018-04
2018-04-05,13.32604694366455,140400,Volkswagen,VWAGY,99.6543463625316,2018-04
2018-04-06,13.181801795959473,182800,Volkswagen,VWAGY,98.57565768829197,2018-04
2018-04-09,13.191637992858888,116800,Volkswagen,VWAGY,98.64921436844239,2018-04
2018-04-10,13.717796325683594,400800,Volkswagen,VWAGY,102.58391195449386,2018-04
2018-04-11,13.801389694213867,421200,Volkswagen,VWAGY,103.20903675979758,2018-04
2018-04-12,14.109546661376951,427000,Volkswagen,VWAGY,105.51348467818772,2018-04
2018-04-13,14.047258377075195,147800,Volkswagen,VWAGY,105.04768275775504,2018-04
2018-04-16,13.87187385559082,188000,Volkswagen,VWAGY,103.73612878195728,2018-04
2018-04-17,14.030868530273438,297200,Volkswagen,VWAGY,104.92511681776429,2018-04
2018-04-18,13.975137710571287,814200,Volkswagen,VWAGY,104.5083526840985,2018-04
2018-04-19,13.84400749206543,932400,Volkswagen,VWAGY,103.52773958339276,2018-04
2018-04-20,13.622726440429688,663000,Volkswagen,VWAGY,101.87296389061635,2018-04
2018-04-23,13.430951118469238,611400,Volkswagen,VWAGY,100.4388368430962,2018-04
2018-04-24,13.339158058166504,675800,Volkswagen,VWAGY,99.75239340913889,2018-04
2018-04-25,13.155577659606934,760200,Volkswagen,VWAGY,98.37954933161411,2018-04
2018-04-26,13.47028923034668,140600,Volkswagen,VWAGY,100.73301364157628,2018-04
2018-04-27,13.455536842346191,475800,Volkswagen,VWAGY,100.62269288481399,2018-04
2018-04-30,13.319491386413574,105600,Volkswagen,VWAGY,99.60532283922795,2018-04
2018-05-01,13.276872634887695,65800,Volkswagen,VWAGY,99.28661288390111,2018-05
2018-05-02,13.54568862915039,204000,Volkswagen,VWAGY,101.29686260861628,2018-05
2018-05-03,13.49159812927246,134600,Volkswagen,VWAGY,100.89236505337387,2018-05
2018-05-04,13.286706924438477,129000,Volkswagen,VWAGY,99.36015530058823,2018-05
2018-05-07,13.365386962890623,183200,Volkswagen,VWAGY,99.94853742447495,2018-05
2018-05-08,13.244091033935549,73600,Volkswagen,VWAGY,99.04146674045633,2018-05
2018-05-09,13.08771800994873,148200,Volkswagen,VWAGY,97.87208383493179,2018-05
2018-05-10,13.217863082885742,240400,Volkswagen,VWAGY,98.84532985685188,2018-05
2018-05-11,13.244091033935549,190000,Volkswagen,VWAGY,99.04146674045633,2018-05
2018-05-14,13.165412902832031,140000,Volkswagen,VWAGY,98.45309888003287,2018-05
2018-05-15,13.22769832611084,87800,Volkswagen,VWAGY,98.91887940527063,2018-05
2018-05-16,13.12607479095459,128000,Volkswagen,VWAGY,98.15892208155277,2018-05
2018-05-17,13.175247192382812,75000,Volkswagen,VWAGY,98.52664129671997,2018-05
2018-05-18,13.175247192382812,102200,Volkswagen,VWAGY,98.52664129671997,2018-05
2018-05-21,13.29326343536377,85000,Volkswagen,VWAGY,99.40918595562351,2018-05
2018-05-22,13.29654312133789,115200,Volkswagen,VWAGY,99.43371198073862,2018-05
2018-05-23,13.076899528503418,95400,Volkswagen,VWAGY,97.79118147119065,2018-05
2018-05-24,12.850701332092283,315800,Volkswagen,VWAGY,96.09963457007068,2018-05
2018-05-25,12.788413047790527,158800,Volkswagen,VWAGY,95.633832649638,2018-05
2018-05-29,12.24095058441162,608400,Volkswagen,VWAGY,91.53981931044711,2018-05
2018-05-30,12.408138275146484,230000,Volkswagen,VWAGY,92.79007605278623,2018-05
2018-05-31,12.19833278656006,544400,Volkswagen,VWAGY,91.22111648685195,2018-05
2018-06-01,12.218002319335938,190000,Volkswagen,VWAGY,91.3682084519578,2018-06
2018-06-04,12.214722633361816,183600,Volkswagen,VWAGY,91.3436824268427,2018-06
2018-06-05,12.36716079711914,165600,Volkswagen,VWAGY,92.48363980761441,2018-06
2018-06-06,12.578607559204102,714800,Volkswagen,VWAGY,94.0648730837037,2018-06
2018-06-07,12.480259895324709,272800,Volkswagen,VWAGY,93.32941325817441,2018-06
2018-06-08,12.422891616821287,166400,Volkswagen,VWAGY,92.90040394128016,2018-06
2018-06-11,12.293400764465332,225800,Volkswagen,VWAGY,91.93205028726615,2018-06
2018-06-12,12.273731231689451,153400,Volkswagen,VWAGY,91.78495832216026,2018-06
2018-06-13,12.317987442016602,143600,Volkswagen,VWAGY,92.11591346071557,2018-06
2018-06-14,12.395025253295898,106400,Volkswagen,VWAGY,92.69201474271564,2018-06
2018-06-15,12.044255256652832,326600,Volkswagen,VWAGY,90.0688996593885,2018-06
2018-06-18,11.734458923339844,505400,Volkswagen,VWAGY,87.7521922943066,2018-06
2018-06-19,11.457448959350586,528200,Volkswagen,VWAGY,85.6806667313277,2018-06
2018-06-20,11.56727123260498,287400,Volkswagen,VWAGY,86.5019355519675,2018-06
2018-06-21,11.300093650817873,511000,Volkswagen,VWAGY,84.50393814221245,2018-06
2018-06-22,11.336153984069824,284400,Volkswagen,VWAGY,84.7736031790407,2018-06
2018-06-25,11.132902145385742,317400,Volkswagen,VWAGY,83.25365287294677,2018-06
2018-06-26,11.05422592163086,632400,Volkswagen,VWAGY,82.6652992759866,2018-06
2018-06-27,11.070616722106934,868400,Volkswagen,VWAGY,82.787872347709,2018-06
2018-06-28,10.867366790771484,424200,Volkswagen,VWAGY,81.26793630507836,2018-06
2018-06-29,10.818192481994627,366800,Volkswagen,VWAGY,80.90020282644788,2018-06
2018-07-02,10.710009574890137,385800,Volkswagen,VWAGY,80.09119345249981,2018-07
2018-07-03,10.690340995788574,117000,Volkswagen,VWAGY,79.9441086191256,2018-07
2018-07-05,11.227972030639648,367800,Volkswagen,VWAGY,83.96460093682427,2018-07
2018-07-06,11.182076454162598,189800,Volkswagen,VWAGY,83.62138635157726,2018-07
2018-07-09,11.136181831359863,220200,Volkswagen,VWAGY,83.27817889806188,2018-07
2018-07-10,11.124709129333496,268000,Volkswagen,VWAGY,83.19238416641468,2018-07
2018-07-11,10.765740394592283,439000,Volkswagen,VWAGY,80.50795758616557,2018-07
2018-07-12,10.850975036621094,342000,Volkswagen,VWAGY,81.14535610162432,2018-07
2018-07-13,10.916540145874023,176800,Volkswagen,VWAGY,81.6356626519772,2018-07
2018-07-16,10.893592834472656,229000,Volkswagen,VWAGY,81.46405892521952,2018-07
2018-07-17,11.152572631835938,359000,Volkswagen,VWAGY,83.40075196978428,2018-07
2018-07-18,11.17716121673584,260800,Volkswagen,VWAGY,83.58462940669699,2018-07
2018-07-19,11.152572631835938,204600,Volkswagen,VWAGY,83.40075196978428,2018-07
2018-07-20,10.96571445465088,235800,Volkswagen,VWAGY,82.0033961306077,2018-07
2018-07-23,11.047669410705566,230800,Volkswagen,VWAGY,82.61626862095132,2018-07
2018-07-24,11.249279975891112,324400,Volkswagen,VWAGY,84.1239452168902,2018-07
2018-07-25,11.313206672668455,441800,Volkswagen,VWAGY,84.601999452283,2018-07
2018-07-26,11.300093650817873,245400,Volkswagen,VWAGY,84.50393814221245,2018-07
2018-07-27,11.234529495239258,418200,Volkswagen,VWAGY,84.0136387235912,2018-07
2018-07-30,11.336153984069824,278600,Volkswagen,VWAGY,84.7736031790407,2018-07
2018-07-31,11.32960033416748,220400,Volkswagen,VWAGY,84.72459391920033,2018-07
2018-08-01,10.959157943725586,262600,Volkswagen,VWAGY,81.95436547557239,2018-08
2018-08-02,10.847696304321287,577400,Volkswagen,VWAGY,81.12083720824084,2018-08
2018-08-03,10.877202987670898,335800,Volkswagen,VWAGY,81.34149298522875,2018-08
2018-08-06,10.864087104797363,262800,Volkswagen,VWAGY,81.24341027996326,2018-08
2018-08-07,10.916540145874023,305200,Volkswagen,VWAGY,81.6356626519772,2018-08
2018-08-08,10.98866081237793,318400,Volkswagen,VWAGY,82.17499272563373,2018-08
2018-08-09,10.959157943725586,391200,Volkswagen,VWAGY,81.95436547557239,2018-08
2018-08-10,10.598551750183104,333000,Volkswagen,VWAGY,79.25769371209483,2018-08
2018-08-13,10.493647575378418,103000,Volkswagen,VWAGY,78.47320323153025,2018-08
2018-08-14,10.424803733825684,3100,Volkswagen,VWAGY,77.95837778779389,2018-08
2018-08-15,10.24777889251709,56900,Volkswagen,VWAGY,76.63455723357276,2018-08
2018-08-16,10.267448425292969,14200,Volkswagen,VWAGY,76.78164919867864,2018-08
2018-08-17,10.355960845947266,22800,Volkswagen,VWAGY,77.44355947578919,2018-08
2018-08-20,10.398578643798828,28200,Volkswagen,VWAGY,77.76226229938439,2018-08
2018-08-21,10.555933952331545,66900,Volkswagen,VWAGY,78.93899088849967,2018-08
2018-08-22,10.470699310302734,50900,Volkswagen,VWAGY,78.30159237304092,2018-08
2018-08-23,10.287117958068848,64600,Volkswagen,VWAGY,76.9287411637845,2018-08
2018-08-24,10.385465621948242,36300,Volkswagen,VWAGY,77.66420098931381,2018-08
2018-08-27,10.71328830718994,155500,Volkswagen,VWAGY,80.11571234588327,2018-08
2018-08-28,10.850975036621094,108300,Volkswagen,VWAGY,81.14535610162432,2018-08
2018-08-29,10.719846725463867,117800,Volkswagen,VWAGY,80.16475726438185,2018-08
2018-08-30,10.664113998413086,56400,Volkswagen,VWAGY,79.7479788672528,2018-08
2018-08-31,10.490367889404297,97300,Volkswagen,VWAGY,78.44867720641514,2018-08
2018-09-04,10.188769340515137,220200,Volkswagen,VWAGY,76.19327420652354,2018-09
2018-09-05,10.20188331604004,237500,Volkswagen,VWAGY,76.29134264832577,2018-09
2018-09-06,10.241222381591797,130300,Volkswagen,VWAGY,76.58552657853748,2018-09
2018-09-07,10.129761695861816,79100,Volkswagen,VWAGY,75.75200544293759,2018-09
2018-09-10,10.3002290725708,52500,Volkswagen,VWAGY,77.02678821039179,2018-09
2018-09-11,10.319900512695312,80000,Volkswagen,VWAGY,77.17389443896093,2018-09
2018-09-12,10.359238624572754,69900,Volkswagen,VWAGY,77.46807123744102,2018-09
2018-09-13,10.651002883911133,98500,Volkswagen,VWAGY,79.6499318206455,2018-09
2018-09-14,10.680506706237791,130400,Volkswagen,VWAGY,79.87056620243847,2018-09
2018-09-17,10.78541088104248,128000,Volkswagen,VWAGY,80.6550566830031,2018-09
2018-09-18,11.146016120910645,158000,Volkswagen,VWAGY,83.351721314749,2018-09
2018-09-19,11.28370189666748,123600,Volkswagen,VWAGY,84.3813579387584,2018-09
2018-09-20,11.644309043884276,166400,Volkswagen,VWAGY,87.07803683396756,2018-09
2018-09-21,11.768882751464844,50100,Volkswagen,VWAGY,88.00961927963804,2018-09
2018-09-24,11.611525535583496,119500,Volkswagen,VWAGY,86.8328764270595,2018-09
2018-09-25,11.418766975402832,93000,Volkswagen,VWAGY,85.39139656421696,2018-09
2018-09-26,11.427946090698242,69800,Volkswagen,VWAGY,85.46003948126636,2018-09
2018-09-27,11.518424987792969,67400,Volkswagen,VWAGY,86.1366553890217,2018-09
2018-09-28,11.336153984069824,91900,Volkswagen,VWAGY,84.7736031790407,2018-09
2018-10-01,11.351889610290527,46500,Volkswagen,VWAGY,84.89127675112539,2018-10
2018-10-02,11.43450164794922,57700,Volkswagen,VWAGY,85.50906300457002,2018-10
2018-10-03,11.460726737976074,93800,Volkswagen,VWAGY,85.70517849297953,2018-10
2018-10-04,11.323040962219238,73100,Volkswagen,VWAGY,84.67554186897011,2018-10
2018-10-05,11.106678009033203,109400,Volkswagen,VWAGY,83.0575445162689,2018-10
2018-10-08,11.027998924255373,116900,Volkswagen,VWAGY,82.46916952411382,2018-10
2018-10-09,10.877202987670898,114400,Volkswagen,VWAGY,81.34149298522875,2018-10
2018-10-10,10.378908157348633,206600,Volkswagen,VWAGY,77.61516320254688,2018-10
2018-10-11,10.35268211364746,162100,Volkswagen,VWAGY,77.41904058240571,2018-10
2018-10-12,10.457585334777832,176200,Volkswagen,VWAGY,78.20352393123869,2018-10
2018-10-15,10.670671463012695,120500,Volkswagen,VWAGY,79.79701665401973,2018-10
2018-10-16,10.967680931091309,133800,Volkswagen,VWAGY,82.01810176125245,2018-10
2018-10-17,10.864087104797363,80800,Volkswagen,VWAGY,81.24341027996326,2018-10
2018-10-18,10.565768241882324,101500,Volkswagen,VWAGY,79.01253330518676,2018-10
2018-10-19,10.46414279937744,111400,Volkswagen,VWAGY,78.25256171800561,2018-10
2018-10-22,10.437917709350586,138800,Volkswagen,VWAGY,78.0564462295961,2018-10
2018-10-23,10.365795135498049,147700,Volkswagen,VWAGY,77.51710189247632,2018-10
2018-10-24,9.638026237487791,329800,Volkswagen,VWAGY,72.07472771048592,2018-10
2018-10-25,10.005188941955566,381100,Volkswagen,VWAGY,74.82043012899877,2018-10
2018-10-26,10.015024185180664,113200,Volkswagen,VWAGY,74.8939796774175,2018-10
2018-10-29,10.24777889251709,205200,Volkswagen,VWAGY,76.63455723357276,2018-10
2018-10-30,10.739513397216797,113000,Volkswagen,VWAGY,80.3118278342928,2018-10
2018-10-31,10.772296905517578,132200,Volkswagen,VWAGY,80.55698824120087,2018-10
2018-11-01,11.047669410705566,55500,Volkswagen,VWAGY,82.61626862095132,2018-11
2018-11-02,11.277148246765137,124200,Volkswagen,VWAGY,84.33234867891804,2018-11
2018-11-05,11.349266052246094,100900,Volkswagen,VWAGY,84.87165735737963,2018-11
2018-11-06,11.309928894042969,30000,Volkswagen,VWAGY,84.57748769063119,2018-11
2018-11-07,11.408275604248049,73600,Volkswagen,VWAGY,85.31294038442887,2018-11
2018-11-08,10.968992233276367,80700,Volkswagen,VWAGY,82.0279078922595,2018-11
2018-11-09,10.614941596984863,44400,Volkswagen,VWAGY,79.3802596520856,2018-11
2018-11-12,10.424803733825684,93500,Volkswagen,VWAGY,77.95837778779389,2018-11
2018-11-13,10.58543872833252,85800,Volkswagen,VWAGY,79.15963240202427,2018-11
2018-11-14,10.739513397216797,82600,Volkswagen,VWAGY,80.3118278342928,2018-11
2018-11-15,10.759183883666992,61800,Volkswagen,VWAGY,80.45892693113029,2018-11
2018-11-16,10.582158088684082,73600,Volkswagen,VWAGY,79.13509924517751,2018-11
2018-11-19,10.673949241638184,125500,Volkswagen,VWAGY,79.82152841567155,2018-11
2018-11-20,10.49692440032959,99300,Volkswagen,VWAGY,78.49770786145042,2018-11
2018-11-21,10.98210334777832,122900,Volkswagen,VWAGY,82.1259549388668,2018-11
2018-11-23,10.765740394592283,54300,Volkswagen,VWAGY,80.50795758616557,2018-11
2018-11-26,11.060783386230469,104500,Volkswagen,VWAGY,82.71433706275353,2018-11
2018-11-27,10.739513397216797,120900,Volkswagen,VWAGY,80.3118278342928,2018-11
2018-11-28,11.001773834228516,327000,Volkswagen,VWAGY,82.27305403570429,2018-11
2018-11-29,10.909982681274414,152400,Volkswagen,VWAGY,81.58662486521027,2018-11
2018-11-30,10.873921394348145,150500,Volkswagen,VWAGY,81.31695269665038,2018-11
2018-12-03,11.047669410705566,128500,Volkswagen,VWAGY,82.61626862095132,2018-12
2018-12-04,10.490367889404297,190400,Volkswagen,VWAGY,78.44867720641514,2018-12
2018-12-06,10.437917709350586,291400,Volkswagen,VWAGY,78.0564462295961,2018-12
2018-12-07,10.388742446899414,209800,Volkswagen,VWAGY,77.688705619234,2018-12
2018-12-10,10.437917709350586,147400,Volkswagen,VWAGY,78.0564462295961,2018-12
2018-12-11,10.595272064208984,274100,Volkswagen,VWAGY,79.23316768697974,2018-12
2018-12-12,10.98210334777832,251600,Volkswagen,VWAGY,82.1259549388668,2018-12
2018-12-13,11.080451965332031,156600,Volkswagen,VWAGY,82.86142189612775,2018-12
2018-12-14,10.754594802856444,257100,Volkswagen,VWAGY,80.4246090384714,2018-12
2018-12-17,10.601829528808594,203800,Volkswagen,VWAGY,79.28220547374667,2018-12
2018-12-18,10.759183883666992,157800,Volkswagen,VWAGY,80.45892693113029,2018-12
2018-12-19,10.65428066253662,201500,Volkswagen,VWAGY,79.67444358229731,2018-12
2018-12-20,10.608386039733888,144900,Volkswagen,VWAGY,79.33123612878197,2018-12
2018-12-21,10.536263465881348,312100,Volkswagen,VWAGY,78.79189179166215,2018-12
2018-12-24,10.245156288146973,174600,Volkswagen,VWAGY,76.61494497155866,2018-12
2018-12-26,10.601829528808594,223300,Volkswagen,VWAGY,79.28220547374667,2018-12
2018-12-27,10.293675422668455,211800,Volkswagen,VWAGY,76.97777895055141,2018-12
2018-12-28,10.378908157348633,232100,Volkswagen,VWAGY,77.61516320254688,2018-12
2018-12-31,10.228109359741213,390000,Volkswagen,VWAGY,76.48746526846692,2018-12
2019-01-02,10.148119926452637,94200,Volkswagen,VWAGY,75.88929127703639,2019-01
2019-01-03,10.129761695861816,90100,Volkswagen,VWAGY,75.75200544293759,2019-01
2019-01-04,10.503482818603516,106500,Volkswagen,VWAGY,78.54675277994899,2019-01
2019-01-07,10.649035453796388,158100,Volkswagen,VWAGY,79.63521905826912,2019-01
2019-01-08,10.781476974487305,106900,Volkswagen,VWAGY,80.62563828998192,2019-01
2019-01-09,11.119791984558104,140100,Volkswagen,VWAGY,83.15561295807112,2019-01
2019-01-10,11.060783386230469,263700,Volkswagen,VWAGY,82.71433706275353,2019-01
2019-01-11,10.923095703125,123000,Volkswagen,VWAGY,81.68468617528085,2019-01
2019-01-14,11.047669410705566,75600,Volkswagen,VWAGY,82.61626862095132,2019-01
2019-01-15,11.044390678405762,83700,Volkswagen,VWAGY,82.59174972756786,2019-01
2019-01-16,10.923095703125,66000,Volkswagen,VWAGY,81.68468617528085,2019-01
2019-01-17,10.905394554138184,68100,Volkswagen,VWAGY,81.55231410428303,2019-01
2019-01-18,10.962434768676758,106000,Volkswagen,VWAGY,81.97887010549258,2019-01
2019-01-22,10.752626419067385,132800,Volkswagen,VWAGY,80.40988914436338,2019-01
2019-01-23,10.746071815490724,71100,Volkswagen,VWAGY,80.36087275279137,2019-01
2019-01-24,10.95587921142578,161400,Volkswagen,VWAGY,81.92984658218892,2019-01
2019-01-25,11.470561981201172,129900,Volkswagen,VWAGY,85.77872804139828,2019-01
2019-01-28,11.43450164794922,116300,Volkswagen,VWAGY,85.50906300457002,2019-01
2019-01-29,11.250921249389648,87700,Volkswagen,VWAGY,84.13621892704523,2019-01
2019-01-30,11.365657806396484,88000,Volkswagen,VWAGY,84.99423756083367,2019-01
2019-01-31,11.388606071472168,132100,Volkswagen,VWAGY,85.165848419323,2019-01
2019-02-01,11.441058158874512,203000,Volkswagen,VWAGY,85.5580936596053,2019-02
2019-02-04,11.277148246765137,60400,Volkswagen,VWAGY,84.33234867891804,2019-02
2019-02-05,11.342710494995115,63600,Volkswagen,VWAGY,84.82263383407597,2019-02
2019-02-06,11.231249809265137,45500,Volkswagen,VWAGY,83.98911269847609,2019-02
2019-02-07,10.903427124023438,73200,Volkswagen,VWAGY,81.53760134190662,2019-02
2019-02-08,10.71328830718994,86600,Volkswagen,VWAGY,80.11571234588327,2019-02
2019-02-11,10.595272064208984,97700,Volkswagen,VWAGY,79.23316768697974,2019-02
2019-02-12,10.864087104797363,91500,Volkswagen,VWAGY,81.24341027996326,2019-02
2019-02-13,10.818192481994627,105600,Volkswagen,VWAGY,80.90020282644788,2019-02
2019-02-14,10.791964530944824,71100,Volkswagen,VWAGY,80.70406594284346,2019-02
2019-02-15,10.890314102172852,108100,Volkswagen,VWAGY,81.43954003183606,2019-02
2019-02-19,10.883756637573242,87400,Volkswagen,VWAGY,81.39050224506911,2019-02
2019-02-20,11.212237358093262,120700,Volkswagen,VWAGY,83.84693449647122,2019-02
2019-02-21,11.198468208312988,40300,Volkswagen,VWAGY,83.74396655503129,2019-02
2019-02-22,11.237808227539062,66700,Volkswagen,VWAGY,84.03815761697466,2019-02
2019-02-25,11.506621360778809,122700,Volkswagen,VWAGY,86.0483859464949,2019-02
2019-02-26,11.575467109680176,98900,Volkswagen,VWAGY,86.56322565369452,2019-02
2019-02-27,11.552517890930176,89400,Volkswagen,VWAGY,86.39160766347356,2019-02
2019-02-28,11.5459623336792,120700,Volkswagen,VWAGY,86.3425841401699,2019-02
2019-03-01,11.768882751464844,75500,Volkswagen,VWAGY,88.00961927963804,2019-03
2019-03-04,11.624639511108398,308700,Volkswagen,VWAGY,86.93094486886172,2019-03
2019-03-05,11.532849311828612,220100,Volkswagen,VWAGY,86.24452283009931,2019-03
2019-03-06,11.427946090698242,90200,Volkswagen,VWAGY,85.46003948126636,2019-03
2019-03-07,11.191911697387695,146300,Volkswagen,VWAGY,83.694935899996,2019-03
2019-03-08,11.146016120910645,48600,Volkswagen,VWAGY,83.351721314749,2019-03
2019-03-11,11.100120544433594,86900,Volkswagen,VWAGY,83.00850672950197,2019-03
2019-03-12,10.991938591003418,57000,Volkswagen,VWAGY,82.19950448728555,2019-03
2019-03-13,11.106678009033203,61400,Volkswagen,VWAGY,83.0575445162689,2019-03
2019-03-14,10.877202987670898,102100,Volkswagen,VWAGY,81.34149298522875,2019-03
2019-03-15,10.923095703125,78100,Volkswagen,VWAGY,81.68468617528085,2019-03
2019-03-18,11.008330345153809,154300,Volkswagen,VWAGY,82.3220846907396,2019-03
2019-03-19,11.286981582641602,361300,Volkswagen,VWAGY,84.40588396387349,2019-03
2019-03-20,11.152572631835938,84800,Volkswagen,VWAGY,83.40075196978428,2019-03
2019-03-21,11.001773834228516,77700,Volkswagen,VWAGY,82.27305403570429,2019-03
2019-03-22,10.562490463256836,106900,Volkswagen,VWAGY,78.98802154353494,2019-03
2019-03-25,10.651002883911133,56000,Volkswagen,VWAGY,79.6499318206455,2019-03
2019-03-26,10.546098709106444,128600,Volkswagen,VWAGY,78.86544134008089,2019-03
2019-03-27,10.54281997680664,90000,Volkswagen,VWAGY,78.84092244669743,2019-03
2019-03-28,10.565768241882324,537300,Volkswagen,VWAGY,79.01253330518676,2019-03
2019-03-29,10.647724151611328,84100,Volkswagen,VWAGY,79.62541292726203,2019-03
2019-04-01,10.92834186553955,125200,Volkswagen,VWAGY,81.72391783104072,2019-04
2019-04-02,11.060783386230469,176300,Volkswagen,VWAGY,82.71433706275353,2019-04
2019-04-03,11.214859008789062,254500,Volkswagen,VWAGY,83.86653962675369,2019-04
2019-04-04,11.32960033416748,113000,Volkswagen,VWAGY,84.72459391920033,2019-04
2019-04-05,11.113234519958496,92900,Volkswagen,VWAGY,83.1065751713042,2019-04
2019-04-08,11.342710494995115,113100,Volkswagen,VWAGY,84.82263383407597,2019-04
2019-04-09,11.188633918762209,60200,Volkswagen,VWAGY,83.6704241383442,2019-04
2019-04-10,11.211583137512209,114300,Volkswagen,VWAGY,83.84204212856517,2019-04
2019-04-11,11.395161628723145,175500,Volkswagen,VWAGY,85.21487194262664,2019-04
2019-04-12,11.591858863830566,105500,Volkswagen,VWAGY,86.68580585714857,2019-04
2019-04-15,11.709875106811523,117300,Volkswagen,VWAGY,87.5683505160521,2019-04
2019-04-16,11.834447860717772,97500,Volkswagen,VWAGY,88.49992582999091,2019-04
2019-04-17,12.208168029785156,226000,Volkswagen,VWAGY,91.2946660352707,2019-04
2019-04-18,12.280287742614746,126400,Volkswagen,VWAGY,91.83398897719557,2019-04
2019-04-22,12.306514739990234,59200,Volkswagen,VWAGY,92.03011872906836,2019-04
2019-04-23,12.077037811279297,82100,Volkswagen,VWAGY,90.31405293456494,2019-04
2019-04-24,11.821333885192873,98600,Volkswagen,VWAGY,88.40185738818872,2019-04
2019-04-25,11.650866508483888,75000,Volkswagen,VWAGY,87.12707462073452,2019-04
2019-04-26,11.663978576660156,95700,Volkswagen,VWAGY,87.22512879907345,2019-04
2019-04-29,11.75052547454834,103900,Volkswagen,VWAGY,87.87234057727089,2019-04
2019-04-30,11.719709396362305,140800,Volkswagen,VWAGY,87.64189293273921,2019-04
2019-05-01,11.539405822753906,56300,Volkswagen,VWAGY,86.29355348513462,2019-05
2019-05-02,11.965576171875,89800,Volkswagen,VWAGY,89.4805246672334,2019-05
2019-05-03,12.02458667755127,44800,Volkswagen,VWAGY,89.92181482601428,2019-05
2019-05-06,11.795106887817385,59700,Volkswagen,VWAGY,88.20572763631593,2019-05
2019-05-07,11.382050514221191,161400,Volkswagen,VWAGY,85.11682489601935,2019-05
2019-05-08,11.48039722442627,72000,Volkswagen,VWAGY,85.85227758981702,2019-05
2019-05-09,11.532849311828612,63300,Volkswagen,VWAGY,86.24452283009931,2019-05
2019-05-10,11.257476806640623,174600,Volkswagen,VWAGY,84.18524245034888,2019-05
2019-05-13,10.98866081237793,134600,Volkswagen,VWAGY,82.17499272563373,2019-05
2019-05-14,11.03455638885498,93900,Volkswagen,VWAGY,82.51820731088074,2019-05
2019-05-15,11.457791328430176,144400,Volkswagen,VWAGY,85.683227022987,2019-05
2019-05-16,11.268180847167969,101600,Volkswagen,VWAGY,84.26528900629305,2019-05
2019-05-17,11.241092681884766,39900,Volkswagen,VWAGY,84.06271930074797,2019-05
2019-05-20,11.098888397216797,56000,Volkswagen,VWAGY,82.99929253222116,2019-05
2019-05-21,11.113786697387695,71900,Volkswagen,VWAGY,83.11070444392462,2019-05
2019-05-22,10.96345329284668,70800,Volkswagen,VWAGY,81.98648679488569,2019-05
2019-05-23,10.7616548538208,106700,Volkswagen,VWAGY,80.47740524781342,2019-05
2019-05-24,10.95329475402832,70100,Volkswagen,VWAGY,81.91051958944048,2019-05
2019-05-28,11.01220989227295,95900,Volkswagen,VWAGY,82.3510965750572,2019-05
2019-05-29,10.929594039916992,76300,Volkswagen,VWAGY,81.73328179468601,2019-05
2019-05-30,10.902506828308104,126300,Volkswagen,VWAGY,81.53071922087257,2019-05
2019-05-31,10.68581199645996,123600,Volkswagen,VWAGY,79.91024002556011,2019-05
2019-06-03,10.89573574066162,109600,Volkswagen,VWAGY,81.48008392621794,2019-06
2019-06-04,11.233644485473633,122700,Volkswagen,VWAGY,84.00702047662789,2019-06
2019-06-05,11.044713973999023,80100,Volkswagen,VWAGY,82.59416738459431,2019-06
2019-06-06,11.099564552307127,93700,Volkswagen,VWAGY,83.00434892995497,2019-06
2019-06-07,11.085345268249512,65700,Volkswagen,VWAGY,82.89801481118027,2019-06
2019-06-10,11.132746696472168,81300,Volkswagen,VWAGY,83.25249040068921,2019-06
2019-06-11,11.214006423950195,97900,Volkswagen,VWAGY,83.8601638586662,2019-06
2019-06-12,11.088053703308104,119800,Volkswagen,VWAGY,82.9182689290421,2019-06
2019-06-13,11.088730812072754,50400,Volkswagen,VWAGY,82.92333245850759,2019-06
2019-06-14,10.909279823303224,114200,Volkswagen,VWAGY,81.58136877899051,2019-06
2019-06-17,10.97022533416748,82500,Volkswagen,VWAGY,82.03712922127195,2019-06
2019-06-18,11.17337703704834,66200,Volkswagen,VWAGY,83.55633069554352,2019-06
2019-06-19,11.38330078125,64900,Volkswagen,VWAGY,85.12617459620135,2019-06
2019-06-20,11.51602840423584,94800,Volkswagen,VWAGY,86.11873334740662,2019-06
2019-06-21,11.47133445739746,63700,Volkswagen,VWAGY,85.78450474402788,2019-06
2019-06-24,11.47133445739746,54700,Volkswagen,VWAGY,85.78450474402788,2019-06
2019-06-25,11.302040100097656,78500,Volkswagen,VWAGY,84.51849400649273,2019-06
2019-06-26,11.486231803894045,71200,Volkswagen,VWAGY,85.89590952399972,2019-06
2019-06-27,11.522122383117676,49700,Volkswagen,VWAGY,86.16430511259577,2019-06
2019-06-28,11.579682350158691,126300,Volkswagen,VWAGY,86.59474790754994,2019-06
2019-07-01,11.616926193237305,83400,Volkswagen,VWAGY,86.87326342334529,2019-07
2019-07-02,11.728660583496094,69900,Volkswagen,VWAGY,87.7088313659263,2019-07
2019-07-03,11.897953033447266,75400,Volkswagen,VWAGY,88.97482783999817,2019-07
2019-07-05,11.90472412109375,28500,Volkswagen,VWAGY,89.0254631346528,2019-07
2019-07-08,11.884408950805664,48200,Volkswagen,VWAGY,88.87354298722563,2019-07
2019-07-09,11.792991638183594,148900,Volkswagen,VWAGY,88.18990945553507,2019-07
2019-07-10,11.74897575378418,29900,Volkswagen,VWAGY,87.86075151335345,2019-07
2019-07-11,11.708345413208008,295600,Volkswagen,VWAGY,87.55691121849914,2019-07
2019-07-12,11.78283405303955,69700,Volkswagen,VWAGY,88.1139493818215,2019-07
2019-07-15,11.938584327697754,89500,Volkswagen,VWAGY,89.27867526658413,2019-07
2019-07-16,11.90472412109375,53300,Volkswagen,VWAGY,89.0254631346528,2019-07
2019-07-17,11.735431671142578,42200,Volkswagen,VWAGY,87.75946666058093,2019-07
2019-07-18,11.613539695739746,1214400,Volkswagen,VWAGY,86.84793864428634,2019-07
2019-07-19,11.613539695739746,39000,Volkswagen,VWAGY,86.84793864428634,2019-07
2019-07-22,11.620312690734863,65900,Volkswagen,VWAGY,86.89858820240424,2019-07
2019-07-23,12.08417797088623,55800,Volkswagen,VWAGY,90.36744820936482,2019-07
2019-07-24,12.189138412475586,46000,Volkswagen,VWAGY,91.15235946209627,2019-07
2019-07-25,11.87086582183838,82500,Volkswagen,VWAGY,88.77226526618477,2019-07
2019-07-26,11.952128410339355,41900,Volkswagen,VWAGY,89.37996011935667,2019-07
2019-07-29,11.884408950805664,60200,Volkswagen,VWAGY,88.87354298722563,2019-07
2019-07-30,11.701574325561523,59300,Volkswagen,VWAGY,87.50627592384451,2019-07
2019-07-31,11.491647720336914,52200,Volkswagen,VWAGY,85.93641062799176,2019-07
2019-08-01,11.308813095092772,72600,Volkswagen,VWAGY,84.56914356461063,2019-08
2019-08-02,11.308813095092772,64800,Volkswagen,VWAGY,84.56914356461063,2019-08
2019-08-05,11.044713973999023,113100,Volkswagen,VWAGY,82.59416738459431,2019-08
2019-08-06,11.16660499572754,107600,Volkswagen,VWAGY,83.50568826915728,2019-08
2019-08-07,11.207236289978027,71300,Volkswagen,VWAGY,83.80953569574321,2019-08
2019-08-08,11.214006423950195,47400,Volkswagen,VWAGY,83.8601638586662,2019-08
2019-08-09,10.99053955078125,178100,Volkswagen,VWAGY,82.18904223696747,2019-08
2019-08-12,10.929594039916992,83400,Volkswagen,VWAGY,81.73328179468601,2019-08
2019-08-13,11.117847442626951,97000,Volkswagen,VWAGY,83.1410713572541,2019-08
2019-08-14,10.767071723937988,95600,Volkswagen,VWAGY,80.5179134835371,2019-08
2019-08-15,10.67903995513916,96000,Volkswagen,VWAGY,79.85959759917385,2019-08
2019-08-16,10.794158935546877,110900,Volkswagen,VWAGY,80.72047605735054,2019-08
2019-08-19,10.89573574066162,107100,Volkswagen,VWAGY,81.48008392621794,2019-08
2019-08-20,10.773843765258787,75300,Volkswagen,VWAGY,80.56855590992336,2019-08
2019-08-21,10.938396453857422,105000,Volkswagen,VWAGY,81.79910767773701,2019-08
2019-08-22,10.868647575378418,67500,Volkswagen,VWAGY,81.2775142206729,2019-08
2019-08-23,10.745402336120604,93100,Volkswagen,VWAGY,80.35586627717902,2019-08
2019-08-26,10.800930976867676,100000,Volkswagen,VWAGY,80.7711184837368,2019-08
2019-08-27,10.916051864624023,85600,Volkswagen,VWAGY,81.63201120537676,2019-08
2019-08-28,10.868647575378418,90800,Volkswagen,VWAGY,81.2775142206729,2019-08
2019-08-29,10.989185333251951,54300,Volkswagen,VWAGY,82.17891517803653,2019-08
2019-08-30,11.004083633422852,48000,Volkswagen,VWAGY,82.29032708974,2019-08
2019-09-03,11.044713973999023,94000,Volkswagen,VWAGY,82.59416738459431,2019-09
2019-09-04,11.23770809173584,89700,Volkswagen,VWAGY,84.0374087851523,2019-09
2019-09-05,11.43747329711914,98100,Volkswagen,VWAGY,85.53128548036491,2019-09
2019-09-06,11.38330078125,144000,Volkswagen,VWAGY,85.12617459620135,2019-09
2019-09-09,11.633854866027832,72400,Volkswagen,VWAGY,86.9998587917135,2019-09
2019-09-10,11.816692352294922,149300,Volkswagen,VWAGY,88.36714725028955,2019-09
2019-09-11,11.806533813476562,94100,Volkswagen,VWAGY,88.29118004484432,2019-09
2019-09-12,11.961606979370115,64400,Volkswagen,VWAGY,89.45084240014148,2019-09
2019-09-13,12.0333890914917,54600,Volkswagen,VWAGY,89.98764070906529,2019-09
2019-09-16,11.985986709594728,39600,Volkswagen,VWAGY,89.63315798782472,2019-09
2019-09-17,11.952128410339355,58600,Volkswagen,VWAGY,89.37996011935667,2019-09
2019-09-18,11.952128410339355,57900,Volkswagen,VWAGY,89.37996011935667,2019-09
2019-09-19,11.985986709594728,54400,Volkswagen,VWAGY,89.63315798782472,2019-09
2019-09-20,12.0333890914917,114200,Volkswagen,VWAGY,89.98764070906529,2019-09
2019-09-23,11.837007522583008,63600,Volkswagen,VWAGY,88.5190673977167,2019-09
2019-09-24,11.478106498718262,88900,Volkswagen,VWAGY,85.83514717041415,2019-09
2019-09-25,11.491647720336914,55800,Volkswagen,VWAGY,85.93641062799176,2019-09
2019-09-26,11.501806259155272,57300,Volkswagen,VWAGY,86.01237783343697,2019-09
2019-09-27,11.499775886535645,45900,Volkswagen,VWAGY,85.99719437677223,2019-09
2019-09-30,11.599997520446776,39500,Volkswagen,VWAGY,86.74666805497708,2019-09
2019-10-01,11.410387992858888,101700,Volkswagen,VWAGY,85.32873717001479,2019-10
2019-10-02,11.119202613830566,138400,Volkswagen,VWAGY,83.15120554791667,2019-10
2019-10-03,11.186919212341309,251700,Volkswagen,VWAGY,83.65760128485277,2019-10
2019-10-04,11.09211540222168,82200,Volkswagen,VWAGY,82.94864297410327,2019-10
2019-10-07,11.037941932678224,176200,Volkswagen,VWAGY,82.54352495820807,2019-10
2019-10-08,11.051485061645508,78500,Volkswagen,VWAGY,82.64480267924894,2019-10
2019-10-09,11.128005981445312,72100,Volkswagen,VWAGY,83.21703856269933,2019-10
2019-10-10,11.423932075500488,98300,Volkswagen,VWAGY,85.43002202278731,2019-10
2019-10-11,11.877639770507812,53600,Volkswagen,VWAGY,88.82292195603429,2019-10
2019-10-14,12.060476303100586,55800,Volkswagen,VWAGY,90.19020328287871,2019-10
2019-10-15,12.216226577758787,119900,Volkswagen,VWAGY,91.35492916764132,2019-10
2019-10-16,12.520954132080078,149100,Volkswagen,VWAGY,93.63373137904868,2019-10
2019-10-17,12.656390190124512,509600,Volkswagen,VWAGY,94.64654424811579,2019-10
2019-10-18,12.656390190124512,222200,Volkswagen,VWAGY,94.64654424811579,2019-10
2019-10-21,12.73426342010498,112100,Volkswagen,VWAGY,95.22889292703383,2019-10
2019-10-22,12.69701862335205,132800,Volkswagen,VWAGY,94.95037027950683,2019-10
2019-10-23,12.825682640075684,95900,Volkswagen,VWAGY,95.91254072218767,2019-10
2019-10-24,12.893400192260742,186100,Volkswagen,VWAGY,96.4189435908554,2019-10
2019-10-25,12.764738082885742,96600,Volkswagen,VWAGY,95.45678741163785,2019-10
2019-10-28,13.001749038696287,79700,Volkswagen,VWAGY,97.22919388610909,2019-10
2019-10-29,12.900171279907228,64500,Volkswagen,VWAGY,96.46957888551005,2019-10
2019-10-30,13.069465637207031,43100,Volkswagen,VWAGY,97.7355896230452,2019-10
2019-10-31,12.825682640075684,51100,Volkswagen,VWAGY,95.91254072218767,2019-10
2019-11-01,13.028833389282228,68800,Volkswagen,VWAGY,97.4317350647276,2019-11
2019-11-04,13.32679271697998,77900,Volkswagen,VWAGY,99.65992337667524,2019-11
2019-11-05,13.32679271697998,80500,Volkswagen,VWAGY,99.65992337667524,2019-11
2019-11-06,13.279389381408691,27800,Volkswagen,VWAGY,99.30543352370303,2019-11
2019-11-07,13.577346801757812,71000,Volkswagen,VWAGY,101.53360757218739,2019-11
2019-11-08,13.496085166931152,40600,Volkswagen,VWAGY,100.92591985074712,2019-11
2019-11-11,13.47035312652588,78700,Volkswagen,VWAGY,100.73349146759627,2019-11
2019-11-12,13.489314079284668,47200,Volkswagen,VWAGY,100.8752845560925,2019-11
2019-11-13,13.367423057556152,48300,Volkswagen,VWAGY,99.96376367152956,2019-11
2019-11-14,13.367423057556152,36100,Volkswagen,VWAGY,99.96376367152956,2019-11
2019-11-15,13.543489456176758,65600,Volkswagen,VWAGY,101.28041683545099,2019-11
2019-11-18,13.123640060424805,78800,Volkswagen,VWAGY,98.14071477067203,2019-11
2019-11-19,13.27261734008789,107900,Volkswagen,VWAGY,99.25479109731675,2019-11
2019-11-20,13.083006858825684,48500,Volkswagen,VWAGY,97.8368530806228,2019-11
2019-11-21,13.22521686553955,72600,Volkswagen,VWAGY,98.90032263953947,2019-11
2019-11-22,13.164270401000977,24200,Volkswagen,VWAGY,98.44455506552634,2019-11
2019-11-25,13.123640060424805,55300,Volkswagen,VWAGY,98.14071477067203,2019-11
2019-11-26,13.066080093383787,37100,Volkswagen,VWAGY,97.71027197571786,2019-11
2019-11-27,13.113480567932127,50700,Volkswagen,VWAGY,98.06474043349517,2019-11
2019-11-29,12.869698524475098,28500,Volkswagen,VWAGY,96.2416986643693,2019-11
2019-12-02,12.93403148651123,156300,Volkswagen,VWAGY,96.72279101744137,2019-12
2019-12-03,13.035606384277344,206600,Volkswagen,VWAGY,97.4823846228455,2019-12
2019-12-04,12.967888832092283,67000,Volkswagen,VWAGY,96.97598175417775,2019-12
2019-12-05,13.069465637207031,66200,Volkswagen,VWAGY,97.7355896230452,2019-12
2019-12-06,13.150726318359377,56400,Volkswagen,VWAGY,98.34327021275384,2019-12
2019-12-09,12.981432914733888,57800,Volkswagen,VWAGY,97.07726660695032,2019-12
2019-12-10,13.10332489013672,57800,Volkswagen,VWAGY,97.98879462324489,2019-12
2019-12-11,13.32001781463623,54000,Volkswagen,VWAGY,99.60925955509406,2019-12
2019-12-12,13.40128231048584,110600,Volkswagen,VWAGY,100.21696867172925,2019-12
2019-12-13,13.502857208251951,122000,Volkswagen,VWAGY,100.97656227713337,2019-12
2019-12-16,13.489314079284668,53700,Volkswagen,VWAGY,100.8752845560925,2019-12
2019-12-17,13.387738227844238,40400,Volkswagen,VWAGY,100.1156838189567,2019-12
2019-12-18,13.306475639343262,36100,Volkswagen,VWAGY,99.5079889657848,2019-12
2019-12-19,13.15749740600586,79800,Volkswagen,VWAGY,98.39390550740845,2019-12
2019-12-20,13.086396217346191,59600,Volkswagen,VWAGY,97.86219925487669,2019-12
2019-12-23,13.028833389282228,97400,Volkswagen,VWAGY,97.4317350647276,2019-12
2019-12-24,12.994976043701172,29800,Volkswagen,VWAGY,97.17854432799119,2019-12
2019-12-26,13.062692642211914,65600,Volkswagen,VWAGY,97.68494006492729,2019-12
2019-12-27,13.13718032836914,111200,Volkswagen,VWAGY,98.241971096518,2019-12
2019-12-30,12.989558219909668,46300,Volkswagen,VWAGY,97.13802896053585,2019-12
2019-12-31,13.062692642211914,25500,Volkswagen,VWAGY,97.68494006492729,2019-12
2020-01-02,13.468998908996582,71000,Volkswagen,VWAGY,100.72336440866533,2020-01
2020-01-03,13.143956184387209,35500,Volkswagen,VWAGY,98.29264204983085,2020-01
2020-01-06,13.286161422729492,115300,Volkswagen,VWAGY,99.35607595008929,2020-01
2020-01-07,13.218443870544434,181300,Volkswagen,VWAGY,98.84967308142156,2020-01
2020-01-08,13.32001781463623,232000,Volkswagen,VWAGY,99.60925955509406,2020-01
2020-01-09,13.465611457824709,99200,Volkswagen,VWAGY,100.69803249787476,2020-01
2020-01-10,13.692464828491213,105200,Volkswagen,VWAGY,102.39447889863243,2020-01
2020-01-13,13.706008911132812,58900,Volkswagen,VWAGY,102.49576375140495,2020-01
2020-01-14,13.692464828491213,86600,Volkswagen,VWAGY,102.39447889863243,2020-01
2020-01-15,13.584115982055664,83900,Volkswagen,VWAGY,101.58422860337872,2020-01
2020-01-16,13.496085166931152,114200,Volkswagen,VWAGY,100.92591985074712,2020-01
2020-01-17,13.468998908996582,122900,Volkswagen,VWAGY,100.72336440866533,2020-01
2020-01-21,13.604433059692385,103600,Volkswagen,VWAGY,101.73616301426918,2020-01
2020-01-22,13.414824485778809,111100,Volkswagen,VWAGY,100.31823926103849,2020-01
2020-01-23,13.29293155670166,82900,Volkswagen,VWAGY,99.40670411301227,2020-01
2020-01-24,13.02206325531006,81200,Volkswagen,VWAGY,97.38110690180463,2020-01
2020-01-27,12.737648963928224,97000,Volkswagen,VWAGY,95.25421057436115,2020-01
2020-01-28,12.79182243347168,101100,Volkswagen,VWAGY,95.65932859025634,2020-01
2020-01-29,12.615757942199709,173500,Volkswagen,VWAGY,94.3426896897982,2020-01
2020-01-30,12.534497261047363,236400,Volkswagen,VWAGY,93.73500910008957,2020-01
2020-01-31,12.378747940063477,564600,Volkswagen,VWAGY,92.57029034705859,2020-01
2020-02-03,12.25685691833496,92600,Volkswagen,VWAGY,91.65876946249564,2020-02
2020-02-04,12.656390190124512,84100,Volkswagen,VWAGY,94.64654424811579,2020-02
2020-02-05,12.805367469787598,72300,Volkswagen,VWAGY,95.76062057476051,2020-02
2020-02-06,12.79182243347168,82000,Volkswagen,VWAGY,95.65932859025634,2020-02
2020-02-07,12.50063705444336,44200,Volkswagen,VWAGY,93.48179696815825,2020-02
2020-02-10,12.338116645812988,119300,Volkswagen,VWAGY,92.26644292047264,2020-02
2020-02-11,12.445110321044922,104800,Volkswagen,VWAGY,93.06655902506375,2020-02
2020-02-12,12.900171279907228,134200,Volkswagen,VWAGY,96.46957888551005,2020-02
2020-02-13,12.669931411743164,91000,Volkswagen,VWAGY,94.7478077056934,2020-02
2020-02-14,12.561583518981934,50000,Volkswagen,VWAGY,93.93756454217136,2020-02
2020-02-18,12.476938247680664,48800,Volkswagen,VWAGY,93.30457343686706,2020-02
2020-02-19,12.522985458374023,42300,Volkswagen,VWAGY,93.64892196744508,2020-02
2020-02-20,12.487095832824709,80200,Volkswagen,VWAGY,93.38053351058065,2020-02
2020-02-21,12.290714263916016,57800,Volkswagen,VWAGY,91.91196019923206,2020-02
2020-02-24,11.545823097229004,153600,Volkswagen,VWAGY,86.34154290735025,2020-02
2020-02-25,11.342669486999512,148200,Volkswagen,VWAGY,84.82232716961539,2020-02
2020-02-26,11.410387992858888,192900,Volkswagen,VWAGY,85.32873717001479,2020-02
2020-02-27,10.99731159210205,239200,Volkswagen,VWAGY,82.23968466335374,2020-02
2020-02-28,11.38330078125,399200,Volkswagen,VWAGY,85.12617459620135,2020-02
2020-03-02,11.681259155273438,169100,Volkswagen,VWAGY,87.35435577641736,2020-03
2020-03-03,11.518735885620115,215700,Volkswagen,VWAGY,86.13898033353681,2020-03
2020-03-04,11.918270111083984,139200,Volkswagen,VWAGY,89.12676225088862,2020-03
2020-03-05,11.356215476989746,184100,Volkswagen,VWAGY,84.92362628585121,2020-03
2020-03-06,11.417160987854004,129000,Volkswagen,VWAGY,85.37938672813269,2020-03
2020-03-09,10.217207908630373,415500,Volkswagen,VWAGY,76.40594244407298,2020-03
2020-03-10,10.773843765258787,260600,Volkswagen,VWAGY,80.56855590992336,2020-03
2020-03-11,10.218561172485352,337800,Volkswagen,VWAGY,76.41606237127225,2020-03
2020-03-12,8.735548973083496,448700,Volkswagen,VWAGY,65.32585595043162,2020-03
2020-03-13,9.09986972808838,527500,Volkswagen,VWAGY,68.0503058086528,2020-03
2020-03-16,7.801048755645752,657500,Volkswagen,VWAGY,58.33751133945331,2020-03
2020-03-17,8.30215835571289,399000,Volkswagen,VWAGY,62.084890428075056,2020-03
2020-03-18,7.394743919372559,565600,Volkswagen,VWAGY,55.29909769331272,2020-03
2020-03-19,7.699471950531006,907700,Volkswagen,VWAGY,57.57790347058589,2020-03
2020-03-20,7.232221603393555,523000,Volkswagen,VWAGY,54.083729382163824,2020-03
2020-03-23,7.511895656585693,386300,Volkswagen,VWAGY,56.175177437483235,2020-03
2020-03-24,8.39696216583252,350800,Volkswagen,VWAGY,62.79384873882458,2020-03
2020-03-25,9.033507347106934,317800,Volkswagen,VWAGY,67.55403713064761,2020-03
2020-03-26,9.439810752868652,268300,Volkswagen,VWAGY,70.59244007919074,2020-03
2020-03-27,8.877755165100098,249200,Volkswagen,VWAGY,66.38929698242171,2020-03
2020-03-30,8.81274700164795,344600,Volkswagen,VWAGY,65.90315536334747,2020-03
2020-03-31,8.870984077453613,259900,Volkswagen,VWAGY,66.33866168776709,2020-03
2020-04-01,8.33804702758789,228600,Volkswagen,VWAGY,62.35327175320785,2020-04
2020-04-02,8.518854141235352,211900,Volkswagen,VWAGY,63.70537675511916,2020-04
2020-04-03,8.390191078186035,258700,Volkswagen,VWAGY,62.74321344416995,2020-04
2020-04-06,9.155397415161133,317400,Volkswagen,VWAGY,68.46555088347893,2020-04
2020-04-07,9.338234901428224,242800,Volkswagen,VWAGY,69.83283934205498,2020-04
2020-04-08,9.480441093444824,225400,Volkswagen,VWAGY,70.89628037404506,2020-04
2020-04-09,9.859659194946287,258300,Volkswagen,VWAGY,73.73213501223805,2020-04
2020-04-13,9.771626472473145,133800,Volkswagen,VWAGY,73.07381199614315,2020-04
2020-04-14,9.968008041381836,215800,Volkswagen,VWAGY,74.54238530749174,2020-04
2020-04-15,9.477056503295898,122400,Volkswagen,VWAGY,70.8709698584494,2020-04
2020-04-16,9.629419326782228,256800,Volkswagen,VWAGY,72.01036383242143,2020-04
2020-04-17,9.913833618164062,354600,Volkswagen,VWAGY,74.1372601598649,2020-04
2020-04-20,9.934147834777832,234100,Volkswagen,VWAGY,74.2891731755604,2020-04
2020-04-21,9.449969291687012,230900,Volkswagen,VWAGY,70.66840728463598,2020-04
2020-04-22,9.446581840515137,156200,Volkswagen,VWAGY,70.64307537384538,2020-04
2020-04-23,9.416109085083008,129200,Volkswagen,VWAGY,70.41519515270464,2020-04
2020-04-24,9.436424255371094,141000,Volkswagen,VWAGY,70.5671153001318,2020-04
2020-04-27,9.75131130218506,149200,Volkswagen,VWAGY,72.92189184871602,2020-04
2020-04-28,9.968008041381836,136300,Volkswagen,VWAGY,74.54238530749174,2020-04
2020-04-29,10.739985466003418,153500,Volkswagen,VWAGY,80.31535804145533,2020-04
2020-04-30,10.116984367370604,152200,Volkswagen,VWAGY,75.6564545024048,2020-04
2020-05-01,9.730995178222656,156300,Volkswagen,VWAGY,72.7699645695572,2020-05
2020-05-04,9.561701774597168,254500,Volkswagen,VWAGY,71.50396096375368,2020-05
2020-05-05,9.846115112304688,177400,Volkswagen,VWAGY,73.63085015946552,2020-05
2020-05-06,9.717453002929688,125000,Volkswagen,VWAGY,72.66869398024795,2020-05
2020-05-07,9.805485725402832,187000,Volkswagen,VWAGY,73.32701699634285,2020-05
2020-05-08,10.123757362365724,160000,Volkswagen,VWAGY,75.70710406052274,2020-05
2020-05-11,10.144071578979492,164100,Volkswagen,VWAGY,75.85901707621824,2020-05
2020-05-12,9.873202323913574,269100,Volkswagen,VWAGY,73.83341273327895,2020-05
2020-05-13,9.460125923156738,163100,Volkswagen,VWAGY,70.74436022661791,2020-05
2020-05-14,9.412724494934082,141200,Volkswagen,VWAGY,70.38988463710896,2020-05
2020-05-15,9.541387557983398,96100,Volkswagen,VWAGY,71.35204794805817,2020-05
2020-05-18,10.191473960876465,268900,Volkswagen,VWAGY,76.21349979745882,2020-05
2020-05-19,10.07635498046875,167000,Volkswagen,VWAGY,75.35262133928214,2020-05
2020-05-20,10.41494083404541,183600,Volkswagen,VWAGY,77.88462141915754,2020-05
2020-05-21,10.31336498260498,201100,Volkswagen,VWAGY,77.12502068202176,2020-05
2020-05-22,10.262578010559082,93800,Volkswagen,VWAGY,76.74522744518552,2020-05
2020-05-26,10.67903995513916,260100,Volkswagen,VWAGY,79.85959759917385,2020-05
2020-05-27,11.349442481994627,198600,Volkswagen,VWAGY,84.8729767277333,2020-05
2020-05-28,11.017627716064451,145400,Volkswagen,VWAGY,82.39161194251253,2020-05
2020-05-29,10.68581199645996,183300,Volkswagen,VWAGY,79.91024002556011,2020-05
2020-06-01,11.004083633422852,118300,Volkswagen,VWAGY,82.29032708974,2020-06
2020-06-02,11.186919212341309,166700,Volkswagen,VWAGY,83.65760128485277,2020-06
2020-06-03,11.613539695739746,125700,Volkswagen,VWAGY,86.84793864428634,2020-06
2020-06-04,11.627084732055664,115400,Volkswagen,VWAGY,86.94923062879052,2020-06
2020-06-05,11.87086582183838,190100,Volkswagen,VWAGY,88.77226526618477,2020-06
2020-06-08,12.270400047302246,190700,Volkswagen,VWAGY,91.76004718353654,2020-06
2020-06-09,11.891182899475098,156300,Volkswagen,VWAGY,88.9241996770752,2020-06
2020-06-10,11.911497116088867,101900,Volkswagen,VWAGY,89.0761126927707,2020-06
2020-06-11,10.841561317443848,143300,Volkswagen,VWAGY,81.07495877859111,2020-06
2020-06-12,11.153061866760254,79500,Volkswagen,VWAGY,83.40441054811637,2020-06
2020-06-15,11.285111427307127,84900,Volkswagen,VWAGY,84.3918986381245,2020-06
2020-06-16,11.159833908081056,139000,Volkswagen,VWAGY,83.45505297450264,2020-06
2020-06-17,11.081958770751951,61800,Volkswagen,VWAGY,82.87269003212131,2020-06
2020-06-18,10.868647575378418,92400,Volkswagen,VWAGY,81.2775142206729,2020-06
2020-06-19,10.67903995513916,74900,Volkswagen,VWAGY,79.85959759917385,2020-06
2020-06-22,10.91943645477295,80700,Volkswagen,VWAGY,81.65732172097243,2020-06
2020-06-23,11.037941932678224,107900,Volkswagen,VWAGY,82.54352495820807,2020-06
2020-06-24,10.712898254394531,103900,Volkswagen,VWAGY,80.1127954676419,2020-06
2020-06-25,10.99053955078125,62300,Volkswagen,VWAGY,82.18904223696747,2020-06
2020-06-26,10.75352954864502,73800,Volkswagen,VWAGY,80.41664289422786,2020-06
2020-06-29,10.841561317443848,79600,Volkswagen,VWAGY,81.07495877859111,2020-06
2020-06-30,10.95329475402832,97100,Volkswagen,VWAGY,81.91051958944048,2020-06
2020-07-01,10.834789276123049,72400,Volkswagen,VWAGY,81.02431635220486,2020-07
2020-07-02,11.037941932678224,85600,Volkswagen,VWAGY,82.54352495820807,2020-07
2020-07-06,11.200465202331545,79800,Volkswagen,VWAGY,83.7589004010886,2020-07
2020-07-07,10.899120330810549,71400,Volkswagen,VWAGY,81.50539444181364,2020-07
2020-07-08,11.073155403137209,104400,Volkswagen,VWAGY,82.80685701733867,2020-07
2020-07-09,10.976995468139648,56900,Volkswagen,VWAGY,82.08775738419493,2020-07
2020-07-10,11.295268058776855,80800,Volkswagen,VWAGY,84.46785158010647,2020-07
2020-07-13,10.983768463134766,82600,Volkswagen,VWAGY,82.13840694231284,2020-07
2020-07-14,11.23432445526123,72200,Volkswagen,VWAGY,84.01210540128827,2020-07
2020-07-15,11.474719047546388,232600,Volkswagen,VWAGY,85.80981525962356,2020-07
2020-07-16,11.555980682373049,100300,Volkswagen,VWAGY,86.41750298106385,2020-07
2020-07-17,11.545823097229004,97400,Volkswagen,VWAGY,86.34154290735025,2020-07
2020-07-20,11.572911262512209,110200,Volkswagen,VWAGY,86.54411261289533,2020-07
2020-07-21,11.681259155273438,79100,Volkswagen,VWAGY,87.35435577641736,2020-07
2020-07-22,11.809921264648438,103400,Volkswagen,VWAGY,88.31651195563492,2020-07
2020-07-23,11.76928997039795,91400,Volkswagen,VWAGY,88.01266452904896,2020-07
2020-07-24,11.779448509216309,120000,Volkswagen,VWAGY,88.0886317344942,2020-07
2020-07-27,11.90134048461914,82700,Volkswagen,VWAGY,89.00015975078877,2020-07
2020-07-28,11.74897575378418,53600,Volkswagen,VWAGY,87.86075151335345,2020-07
2020-07-29,11.620312690734863,46300,Volkswagen,VWAGY,86.89858820240424,2020-07
2020-07-30,11.13613224029541,104400,Volkswagen,VWAGY,83.27780804801652,2020-07
2020-07-31,10.57746410369873,156400,Volkswagen,VWAGY,79.09999686203808,2020-07
2020-08-03,11.004083633422852,307300,Volkswagen,VWAGY,82.29032708974,2020-08
2020-08-04,11.498420715332031,73700,Volkswagen,VWAGY,85.98706018610966,2020-08
2020-08-05,11.576294898986816,80000,Volkswagen,VWAGY,86.56941599675933,2020-08
2020-08-06,11.694801330566406,45800,Volkswagen,VWAGY,87.45562636572662,2020-08
2020-08-07,11.484877586364746,79600,Volkswagen,VWAGY,85.88578246506879,2020-08
2020-08-10,11.552594184875488,52500,Volkswagen,VWAGY,86.39217820200487,2020-08
2020-08-11,11.83023452758789,73600,Volkswagen,VWAGY,88.4684178395988,2020-08
2020-08-12,12.189138412475586,89200,Volkswagen,VWAGY,91.15235946209627,2020-08
2020-08-13,11.992756843566896,49100,Volkswagen,VWAGY,89.68378615074771,2020-08
2020-08-14,12.01307201385498,39800,Volkswagen,VWAGY,89.83570629817484,2020-08
2020-08-17,12.094334602355955,74600,Volkswagen,VWAGY,90.44340115134675,2020-08
2020-08-18,12.114648818969728,69000,Volkswagen,VWAGY,90.59531416704229,2020-08
2020-08-19,12.057089805603027,53500,Volkswagen,VWAGY,90.16487850381975,2020-08
2020-08-20,11.945355415344238,83300,Volkswagen,VWAGY,89.32931056123876,2020-08
2020-08-21,11.762517929077148,47700,Volkswagen,VWAGY,87.9620221026627,2020-08
2020-08-24,11.935197830200195,73900,Volkswagen,VWAGY,89.25335048752517,2020-08
2020-08-25,12.006300926208496,43000,Volkswagen,VWAGY,89.78507100352022,2020-08
2020-08-26,12.243313789367676,102400,Volkswagen,VWAGY,91.55749174145475,2020-08
2020-08-27,12.182366371154783,154900,Volkswagen,VWAGY,91.10171703571,2020-08
2020-08-28,12.236539840698242,82100,Volkswagen,VWAGY,91.50683505160521,2020-08
2020-08-31,12.14173698425293,80000,Volkswagen,VWAGY,90.79788387258733,2020-08
2020-09-01,12.026616096496582,198000,Volkswagen,VWAGY,89.93699115094738,2020-09
2020-09-02,12.060476303100586,99400,Volkswagen,VWAGY,90.19020328287871,2020-09
2020-09-03,11.999529838562012,152300,Volkswagen,VWAGY,89.7344357088656,2020-09
2020-09-04,12.209454536437988,141800,Volkswagen,VWAGY,91.30428674125507,2020-09
2020-09-08,12.54127025604248,174000,Volkswagen,VWAGY,93.78565865820748,2020-09
2020-09-09,12.93403148651123,176600,Volkswagen,VWAGY,96.72279101744137,2020-09
2020-09-10,12.812140464782717,234000,Volkswagen,VWAGY,95.81127013287843,2020-09
2020-09-11,12.786405563354492,142700,Volkswagen,VWAGY,95.61882035453264,2020-09
2020-09-14,12.639459609985352,105000,Volkswagen,VWAGY,94.5199346162843,2020-09
2020-09-15,12.534497261047363,84300,Volkswagen,VWAGY,93.73500910008957,2020-09
2020-09-16,12.520954132080078,113900,Volkswagen,VWAGY,93.63373137904868,2020-09
2020-09-17,12.476938247680664,83500,Volkswagen,VWAGY,93.30457343686706,2020-09
2020-09-18,12.121420860290527,197500,Volkswagen,VWAGY,90.64595659342854,2020-09
2020-09-21,11.51534938812256,206600,Volkswagen,VWAGY,86.11365555447789,2020-09
2020-09-22,11.566137313842772,96200,Volkswagen,VWAGY,86.49345592304574,2020-09
2020-09-23,11.38330078125,199300,Volkswagen,VWAGY,85.12617459620135,2020-09
2020-09-24,11.64739990234375,214600,Volkswagen,VWAGY,87.10115077621768,2020-09
2020-09-25,11.53227996826172,191000,Volkswagen,VWAGY,86.24026518630937,2020-09
2020-09-28,11.918270111083984,124800,Volkswagen,VWAGY,89.12676225088862,2020-09
2020-09-29,11.979214668273926,99200,Volkswagen,VWAGY,89.58251556143844,2020-09
2020-09-30,12.01307201385498,107700,Volkswagen,VWAGY,89.83570629817484,2020-09
2020-10-01,11.933331489562988,170100,Volkswagen,VWAGY,89.23939368870276,2020-10
2020-10-02,11.74446964263916,159800,Volkswagen,VWAGY,87.82705408134738,2020-10
2020-10-05,12.10120964050293,82000,Volkswagen,VWAGY,90.49481380475031,2020-10
2020-10-06,11.961311340332031,74900,Volkswagen,VWAGY,89.44863156333263,2020-10
2020-10-07,12.248102188110352,89600,Volkswagen,VWAGY,91.59330016602671,2020-10
2020-10-08,12.09421443939209,76700,Volkswagen,VWAGY,90.44250255315993,2020-10
2020-10-09,12.111701011657717,92100,Volkswagen,VWAGY,90.57326998453841,2020-10
2020-10-12,12.283077239990234,84900,Volkswagen,VWAGY,91.85484929224695,2020-10
2020-10-13,12.07322883605957,92200,Volkswagen,VWAGY,90.28556879838881,2020-10
2020-10-14,12.083721160888672,138700,Volkswagen,VWAGY,90.36403210990855,2020-10
2020-10-15,11.821413040161133,113800,Volkswagen,VWAGY,88.40244932191496,2020-10
2020-10-16,12.03126049041748,133400,Volkswagen,VWAGY,89.97172268404147,2020-10
2020-10-19,12.05224609375,290900,Volkswagen,VWAGY,90.1286564388126,2020-10
2020-10-20,12.297067642211914,205800,Volkswagen,VWAGY,91.9594717954277,2020-10
2020-10-21,12.066235542297363,203000,Volkswagen,VWAGY,90.23327181026171,2020-10
2020-10-22,12.136183738708496,139800,Volkswagen,VWAGY,90.7563557992389,2020-10
2020-10-23,12.171157836914062,451800,Volkswagen,VWAGY,91.0178977937275,2020-10
2020-10-26,11.849392890930176,230400,Volkswagen,VWAGY,88.61168719654482,2020-10
2020-10-27,11.506641387939451,415000,Volkswagen,VWAGY,86.04853571285935,2020-10
2020-10-28,10.87010383605957,387400,Volkswagen,VWAGY,81.28840437488945,2020-10
2020-10-29,11.072957038879396,188800,Volkswagen,VWAGY,82.80537361715726,2020-10
2020-10-30,10.891087532043455,182000,Volkswagen,VWAGY,81.4453238661973,2020-10
2020-11-02,11.24782943725586,140700,Volkswagen,VWAGY,84.11309785306351,2020-11
2020-11-03,11.737473487854004,304900,Volkswagen,VWAGY,87.77473569802537,2020-11
2020-11-04,11.47166633605957,137700,Volkswagen,VWAGY,85.78698658663913,2020-11
2020-11-05,11.989290237426758,210300,Volkswagen,VWAGY,89.65786230623085,2020-11
2020-11-06,11.954315185546877,65100,Volkswagen,VWAGY,89.39631318001062,2020-11
2020-11-09,12.346031188964844,163200,Volkswagen,VWAGY,92.32562916136541,2020-11
2020-11-10,13.02453899383545,241900,Volkswagen,VWAGY,97.39962087714595,2020-11
2020-11-11,12.98956298828125,133300,Volkswagen,VWAGY,97.13806461919405,2020-11
2020-11-12,12.849666595458984,101000,Volkswagen,VWAGY,96.09189664123967,2020-11
2020-11-13,13.115472793579102,132300,Volkswagen,VWAGY,98.07963862089426,2020-11
2020-11-16,13.409258842468262,181600,Volkswagen,VWAGY,100.27661847517872,2020-11
2020-11-17,13.365890502929688,144300,Volkswagen,VWAGY,99.95230297878167,2020-11
2020-11-18,13.290346145629885,144700,Volkswagen,VWAGY,99.38736998853219,2020-11
2020-11-19,13.482706069946287,146200,Volkswagen,VWAGY,100.82586878754856,2020-11
2020-11-20,13.444231986999512,75200,Volkswagen,VWAGY,100.53815333793568,2020-11
2020-11-23,13.34980010986328,104100,Volkswagen,VWAGY,99.83197640252634,2020-11
2020-11-24,13.927582740783691,195800,Volkswagen,VWAGY,104.1527288857953,2020-11
2020-11-25,13.724031448364258,84400,Volkswagen,VWAGY,102.63053921596594,2020-11
2020-11-27,13.402263641357422,116400,Volkswagen,VWAGY,100.22430722358835,2020-11
2020-11-30,12.982568740844728,341500,Volkswagen,VWAGY,97.08576049933534,2020-11
2020-12-01,13.633095741271973,285300,Volkswagen,VWAGY,101.95050720875433,2020-12
2020-12-02,13.61910629272461,128800,Volkswagen,VWAGY,101.84589183730523,2020-12
2020-12-03,13.568744659423828,162500,Volkswagen,VWAGY,101.4692793527811,2020-12
2020-12-04,13.605116844177246,121900,Volkswagen,VWAGY,101.74127646585612,2020-12
2020-12-07,13.479207992553713,162900,Volkswagen,VWAGY,100.79970959588758,2020-12
2020-12-08,13.444231986999512,183400,Volkswagen,VWAGY,100.53815333793568,2020-12
2020-12-09,13.563146591186523,260700,Volkswagen,VWAGY,101.4274160880455,2020-12
2020-12-10,13.419751167297363,441100,Volkswagen,VWAGY,100.35508178669848,2020-12
2020-12-11,13.066506385803224,367700,Volkswagen,VWAGY,97.71345985976164,2020-12
2020-12-14,13.08049774169922,133500,Volkswagen,VWAGY,97.81808949467403,2020-12
2020-12-15,13.961857795715332,203300,Volkswagen,VWAGY,104.40904332099068,2020-12
2020-12-16,14.402538299560549,236500,Volkswagen,VWAGY,107.70452380001485,2020-12
2020-12-17,14.293416023254396,190900,Volkswagen,VWAGY,106.8884896703999,2020-12
2020-12-18,14.074475288391112,175200,Volkswagen,VWAGY,105.25121524707171,2020-12
2020-12-21,13.96885108947754,230100,Volkswagen,VWAGY,104.4613403091178,2020-12
2020-12-22,14.02481174468994,563000,Volkswagen,VWAGY,104.87982319010914,2020-12
2020-12-23,14.472487449645996,343100,Volkswagen,VWAGY,108.22761492072368,2020-12
2020-12-24,14.570415496826172,124300,Volkswagen,VWAGY,108.95993678433074,2020-12
2020-12-28,14.573213577270508,229800,Volkswagen,VWAGY,108.98086128496689,2020-12
2020-12-29,14.563419342041016,103700,Volkswagen,VWAGY,108.9076184010087,2020-12
2020-12-30,14.655054092407228,152600,Volkswagen,VWAGY,109.59287796751356,2020-12
2020-12-31,14.584406852722168,127100,Volkswagen,VWAGY,109.0645664192431,2020-12
2021-01-04,14.199684143066406,217200,Volkswagen,VWAGY,106.18754742601541,2021-01
2021-01-05,14.381551742553713,213700,Volkswagen,VWAGY,107.54758291351207,2021-01
2021-01-06,14.416526794433594,321700,Volkswagen,VWAGY,107.8091320397323,2021-01
2021-01-07,14.671841621398926,267200,Volkswagen,VWAGY,109.71841783959879,2021-01
2021-01-08,14.542436599731444,451000,Volkswagen,VWAGY,108.7507060414325,2021-01
2021-01-11,14.164710998535156,321100,Volkswagen,VWAGY,105.92601256325847,2021-01
2021-01-12,14.17170524597168,553100,Volkswagen,VWAGY,105.97831668311719,2021-01
2021-01-13,14.115747451782228,616400,Volkswagen,VWAGY,105.55985519732076,2021-01
2021-01-14,14.283623695373535,402100,Volkswagen,VWAGY,106.81526104990499,2021-01
2021-01-15,14.09476089477539,308200,Volkswagen,VWAGY,105.40291431081799,2021-01
2021-01-19,14.129737854003906,363500,Volkswagen,VWAGY,105.66447770050151,2021-01
2021-01-20,14.64735984802246,386700,Volkswagen,VWAGY,109.53533915662995,2021-01
2021-01-21,14.962130546569824,487100,Volkswagen,VWAGY,111.88924563395388,2021-01
2021-01-22,15.334959983825684,424200,Volkswagen,VWAGY,114.67732480188049,2021-01
2021-01-25,14.801246643066406,542000,Volkswagen,VWAGY,110.68612963776509,2021-01
2021-01-26,15.095036506652832,280000,Volkswagen,VWAGY,112.88313801897611,2021-01
2021-01-27,15.10902500152588,470000,Volkswagen,VWAGY,112.98774625869359,2021-01
2021-01-28,14.958632469177246,205300,Volkswagen,VWAGY,111.86308644229288,2021-01
2021-01-29,14.78026294708252,255000,Volkswagen,VWAGY,110.52921014645725,2021-01
2021-02-01,14.769768714904783,221300,Volkswagen,VWAGY,110.45073257147419,2021-02
2021-02-02,15.102028846740724,345800,Volkswagen,VWAGY,112.93542787537159,2021-02
2021-02-03,15.33985710144043,209400,Volkswagen,VWAGY,114.71394624385958,2021-02
2021-02-04,15.12301540374756,204300,Volkswagen,VWAGY,113.09236876187434,2021-02
2021-02-05,15.304880142211914,176800,Volkswagen,VWAGY,114.45238285417605,2021-02
2021-02-08,15.493744850158691,259400,Volkswagen,VWAGY,115.86474385672636,2021-02
2021-02-09,15.402812004089355,328700,Volkswagen,VWAGY,115.18473324470968,2021-02
2021-02-10,15.325868606567385,225700,Volkswagen,VWAGY,114.60933800414213,2021-02
2021-02-11,15.458770751953123,286500,Volkswagen,VWAGY,115.60320186223775,2021-02
2021-02-12,15.41680145263672,434200,Volkswagen,VWAGY,115.2893486161588,2021-02
2021-02-16,15.444780349731444,550000,Volkswagen,VWAGY,115.498579359057,2021-02
2021-02-17,15.395816802978516,320300,Volkswagen,VWAGY,115.13242199311931,2021-02
2021-02-18,15.972896575927734,508900,Volkswagen,VWAGY,119.44791839016848,2021-02
2021-02-19,16.004371643066406,699500,Volkswagen,VWAGY,119.68329406126443,2021-02
2021-02-22,16.35411834716797,349200,Volkswagen,VWAGY,122.29875679654026,2021-02
2021-02-23,16.36810874938965,330400,Volkswagen,VWAGY,122.40337929972101,2021-02
2021-02-24,16.649307250976562,272000,Volkswagen,VWAGY,124.50622742806937,2021-02
2021-02-25,16.123287200927734,592700,Volkswagen,VWAGY,120.57256394310589,2021-02
2021-02-26,16.380701065063477,235200,Volkswagen,VWAGY,122.49754668431532,2021-02
2021-03-01,16.417072296142578,163800,Volkswagen,VWAGY,122.7695366656587,2021-03
2021-03-02,16.717857360839844,203600,Volkswagen,VWAGY,125.01885629846012,2021-03
2021-03-03,17.606210708618164,749900,Volkswagen,VWAGY,131.66210711290387,2021-03
2021-03-04,18.04689216613769,1174700,Volkswagen,VWAGY,134.95759472365964,2021-03
2021-03-05,18.032901763916016,813200,Volkswagen,VWAGY,134.8529722204789,2021-03
2021-03-08,18.300806045532227,969900,Volkswagen,VWAGY,136.85640400974478,2021-03
2021-03-09,18.62047576904297,934800,Volkswagen,VWAGY,139.2469461925111,2021-03
2021-03-10,19.99847221374512,2582700,Volkswagen,VWAGY,149.55182772018512,2021-03
2021-03-11,19.319965362548828,1607100,Volkswagen,VWAGY,144.47784313613622,2021-03
2021-03-12,19.424888610839844,921700,Volkswagen,VWAGY,145.26247625133365,2021-03
2021-03-15,20.816877365112305,2898700,Volkswagen,VWAGY,155.67199454565164,2021-03
2021-03-16,22.908361434936523,5219500,Volkswagen,VWAGY,171.3124525739846,2021-03
2021-03-17,29.60948944091797,11898000,Volkswagen,VWAGY,221.4245776588522,2021-03
2021-03-18,25.146732330322266,9235600,Volkswagen,VWAGY,188.0513541732041,2021-03
2021-03-19,23.88764953613281,4769500,Volkswagen,VWAGY,178.63572826390828,2021-03
2021-03-22,26.888463973999023,4735700,Volkswagen,VWAGY,201.07630667587136,2021-03
2021-03-23,25.31460952758789,2765300,Volkswagen,VWAGY,189.30676715751997,2021-03
2021-03-24,23.42598342895508,2849300,Volkswagen,VWAGY,175.18331403011305,2021-03
2021-03-25,22.99229621887207,1932100,Volkswagen,VWAGY,171.94013053921597,2021-03
2021-03-26,22.75446891784668,1172600,Volkswagen,VWAGY,170.1616193024596,2021-03
2021-03-29,24.23739624023437,1969200,Volkswagen,VWAGY,181.2511909991841,2021-03
2021-03-30,26.40581703186035,4207100,Volkswagen,VWAGY,197.46699434596314,2021-03
2021-03-31,25.39155387878418,2450800,Volkswagen,VWAGY,189.8821695298192,2021-03
2021-04-01,24.887922286987305,2353800,Volkswagen,VWAGY,186.1159305768715,2021-04
2021-04-05,25.989620208740234,1293800,Volkswagen,VWAGY,194.35460681337113,2021-04
2021-04-06,25.951147079467773,873900,Volkswagen,VWAGY,194.0668984954899,2021-04
2021-04-07,25.38106155395508,850500,Volkswagen,VWAGY,189.80370621829948,2021-04
2021-04-08,24.831960678100582,924100,Volkswagen,VWAGY,185.69744056414848,2021-04
2021-04-09,24.534677505493164,669800,Volkswagen,VWAGY,183.47430864993467,2021-04
2021-04-12,24.31433486938477,1038600,Volkswagen,VWAGY,181.82655058109353,2021-04
2021-04-13,23.852672576904297,1427800,Volkswagen,VWAGY,178.37416487422476,2021-04
2021-04-14,23.384016036987305,1021900,Volkswagen,VWAGY,174.86947504749733,2021-04
2021-04-15,23.74075126647949,747300,Volkswagen,VWAGY,177.537199112242,2021-04
2021-04-16,24.845951080322266,1018000,Volkswagen,VWAGY,185.80206306732924,2021-04
2021-04-19,24.38778686523437,641300,Volkswagen,VWAGY,182.37583655212154,2021-04
2021-04-20,23.950603485107425,519700,Volkswagen,VWAGY,179.1065081330268,2021-04
2021-04-21,23.97858047485352,637700,Volkswagen,VWAGY,179.31572461246174,2021-04
2021-04-22,23.53090476989746,468100,Volkswagen,VWAGY,175.9679328818472,2021-04
2021-04-23,23.922622680664062,450500,Volkswagen,VWAGY,178.89726312666525,2021-04
2021-04-26,23.37701797485352,689200,Volkswagen,VWAGY,174.81714240071207,2021-04
2021-04-27,23.474946975708008,434300,Volkswagen,VWAGY,175.54947139605073,2021-04
2021-04-28,23.17066764831543,424300,Volkswagen,VWAGY,173.27402109851488,2021-04
2021-04-29,22.45368766784668,880200,Volkswagen,VWAGY,167.91232819658475,2021-04
2021-04-30,22.180885314941406,493500,Volkswagen,VWAGY,165.87226783360813,2021-04
2021-05-03,22.31379127502441,407200,Volkswagen,VWAGY,166.86616021863034,2021-05
2021-05-04,21.45341682434082,860600,Volkswagen,VWAGY,160.43214014708482,2021-05
2021-05-05,21.90808486938477,623700,Volkswagen,VWAGY,163.83222173409484,2021-05
2021-05-06,21.9780330657959,483300,Volkswagen,VWAGY,164.355305723072,2021-05
2021-05-07,22.481666564941406,713000,Volkswagen,VWAGY,168.12155893948298,2021-05
2021-05-10,22.37674331665039,576700,Volkswagen,VWAGY,167.33692582428554,2021-05
2021-05-11,21.88010597229004,413700,Volkswagen,VWAGY,163.6229909911966,2021-05
2021-05-12,21.467405319213867,881900,Volkswagen,VWAGY,160.5367483868023,2021-05
2021-05-13,21.88010597229004,576800,Volkswagen,VWAGY,163.6229909911966,2021-05
2021-05-14,22.607576370239254,415500,Volkswagen,VWAGY,169.06313294118317,2021-05
2021-05-17,22.869186401367188,318100,Volkswagen,VWAGY,171.0194953016152,2021-05
2021-05-18,22.69851303100586,301800,Volkswagen,VWAGY,169.74317208012644,2021-05
2021-05-19,22.83841133117676,282700,Volkswagen,VWAGY,170.78935432154415,2021-05
2021-05-20,23.121702194213867,347200,Volkswagen,VWAGY,172.9078494691139,2021-05
2021-05-21,23.46795082092285,541800,Volkswagen,VWAGY,175.49715301272872,2021-05
2021-05-24,23.621841430664062,339800,Volkswagen,VWAGY,176.64797202079043,2021-05
2021-05-25,23.852672576904297,424300,Volkswagen,VWAGY,178.37416487422476,2021-05
2021-05-26,23.831687927246094,290700,Volkswagen,VWAGY,178.2172382511853,2021-05
2021-05-27,24.720043182373047,1128100,Volkswagen,VWAGY,184.86050332909235,2021-05
2021-05-28,25.297122955322266,837300,Volkswagen,VWAGY,189.1759997261415,2021-05
2021-06-01,25.650365829467773,603900,Volkswagen,VWAGY,191.81760738961506,2021-06
2021-06-02,26.38483238220215,628800,Volkswagen,VWAGY,197.3100677229237,2021-06
2021-06-03,26.230945587158203,620700,Volkswagen,VWAGY,196.15927724178852,2021-06
2021-06-04,26.227445602416992,319800,Volkswagen,VWAGY,196.13310378666424,2021-06
2021-06-07,26.825511932373047,433500,Volkswagen,VWAGY,200.6055410702162,2021-06
2021-06-08,25.69933319091797,680000,Volkswagen,VWAGY,192.18379328247934,2021-06
2021-06-09,25.62448501586914,235300,Volkswagen,VWAGY,191.62406645632814,2021-06
2021-06-10,25.18170547485352,510400,Volkswagen,VWAGY,188.31288903596106,2021-06
2021-06-11,25.32859992980957,250100,Volkswagen,VWAGY,189.41138966070073,2021-06
2021-06-14,25.146732330322266,244700,Volkswagen,VWAGY,188.0513541732041,2021-06
2021-06-15,24.98235321044922,217100,Volkswagen,VWAGY,186.82210038054922,2021-06
2021-06-16,24.356306076049805,381600,Volkswagen,VWAGY,182.14041809063573,2021-06
2021-06-17,24.377290725708008,235800,Volkswagen,VWAGY,182.29734471367524,2021-06
2021-06-18,23.677797317504883,417000,Volkswagen,VWAGY,177.0664192431236,2021-06
2021-06-21,24.545169830322266,260000,Volkswagen,VWAGY,183.5527719614544,2021-06
2021-06-22,24.06252098083496,301700,Volkswagen,VWAGY,179.94344536808293,2021-06
2021-06-23,23.691789627075195,412500,Volkswagen,VWAGY,177.17105600976763,2021-06
2021-06-24,23.77573013305664,290700,Volkswagen,VWAGY,177.79877676538885,2021-06
2021-06-25,23.61484718322754,227000,Volkswagen,VWAGY,176.5956679009317,2021-06
2021-06-28,23.08323097229004,618600,Volkswagen,VWAGY,172.62015541469594,2021-06
2021-06-29,23.565881729125977,472200,Volkswagen,VWAGY,176.2294962715307,2021-06
2021-06-30,22.999292373657227,419200,Volkswagen,VWAGY,171.992448922538,2021-06
2021-07-01,23.32805061340332,432800,Volkswagen,VWAGY,174.45095650784776,2021-07
2021-07-02,23.30356979370117,210600,Volkswagen,VWAGY,174.26788495661052,2021-07
2021-07-06,22.64255142211914,765900,Volkswagen,VWAGY,169.32468206740344,2021-07
2021-07-07,22.86638832092285,582400,Volkswagen,VWAGY,170.99857080097905,2021-07
2021-07-08,21.96404457092285,634400,Volkswagen,VWAGY,164.25069748335454,2021-07
2021-07-09,23.362327575683597,384700,Volkswagen,VWAGY,174.70728520650644,2021-07
2021-07-12,24.059022903442383,544300,Volkswagen,VWAGY,179.91728617642192,2021-07
2021-07-13,23.50292587280273,316900,Volkswagen,VWAGY,175.75870213894893,2021-07
2021-07-14,23.838682174682617,276700,Volkswagen,VWAGY,178.26954237104403,2021-07
2021-07-15,23.32455444335937,401700,Volkswagen,VWAGY,174.42481157965,2021-07
2021-07-16,23.02657127380371,327300,Volkswagen,VWAGY,172.19644497441135,2021-07
2021-07-19,22.25083351135254,438900,Volkswagen,VWAGY,166.39535182258533,2021-07
2021-07-20,22.62856101989746,368400,Volkswagen,VWAGY,169.22005956422268,2021-07
2021-07-21,23.580570220947266,455800,Volkswagen,VWAGY,176.33933920227304,2021-07
2021-07-22,23.2021427154541,189000,Volkswagen,VWAGY,173.50939676961085,2021-07
2021-07-23,23.390117645263672,172000,Volkswagen,VWAGY,174.91510386653962,2021-07
2021-07-26,23.63932991027832,521200,Volkswagen,VWAGY,176.77875371563218,2021-07
2021-07-27,23.53252410888672,318800,Volkswagen,VWAGY,175.98004256217445,2021-07
2021-07-28,23.728334426879883,343500,Volkswagen,VWAGY,177.44434396626977,2021-07
2021-07-29,23.963302612304688,351400,Volkswagen,VWAGY,179.20147427156493,2021-07
2021-07-30,23.63220977783203,236700,Volkswagen,VWAGY,176.72550820719678,2021-07
2021-08-02,23.831579208374023,377300,Volkswagen,VWAGY,178.21642523377815,2021-08
2021-08-03,24.458162307739254,666700,Volkswagen,VWAGY,182.9021155568741,2021-08
2021-08-04,24.44036293029785,493300,Volkswagen,VWAGY,182.76900891751723,2021-08
2021-08-05,24.390520095825195,301400,Volkswagen,VWAGY,182.39627609500607,2021-08
2021-08-06,25.02066421508789,1080600,Volkswagen,VWAGY,187.1085963040514,2021-08
2021-08-09,24.77145767211914,437000,Volkswagen,VWAGY,185.24498924534868,2021-08
2021-08-10,24.856895446777344,797400,Volkswagen,VWAGY,185.88390681964705,2021-08
2021-08-11,25.234270095825195,788400,Volkswagen,VWAGY,188.70597582057704,2021-08
2021-08-12,26.11006736755371,752000,Volkswagen,VWAGY,195.25533025622886,2021-08
2021-08-13,25.96410179138184,386700,Volkswagen,VWAGY,194.16377593810802,2021-08
2021-08-16,25.177309036254883,404700,Volkswagen,VWAGY,188.28001175309373,2021-08
2021-08-17,24.21607208251953,611500,Volkswagen,VWAGY,181.09172547968026,2021-08
2021-08-18,24.223194122314453,312100,Volkswagen,VWAGY,181.14498525157896,2021-08
2021-08-19,23.46844291687012,567400,Volkswagen,VWAGY,175.50083298625577,2021-08
2021-08-20,23.26195335388184,291800,Volkswagen,VWAGY,173.95667045123895,2021-08
2021-08-23,23.304676055908203,294200,Volkswagen,VWAGY,174.27615776531468,2021-08
2021-08-24,23.63577079772949,246000,Volkswagen,VWAGY,176.7521380931461,2021-08
2021-08-25,23.795976638793945,223000,Volkswagen,VWAGY,177.95018342813782,2021-08
2021-08-26,23.47556495666504,188000,Volkswagen,VWAGY,175.5540927581544,2021-08
2021-08-27,23.682048797607425,189700,Volkswagen,VWAGY,177.0982125027814,2021-08
2021-08-30,24.023826599121094,696200,Volkswagen,VWAGY,179.65408248846086,2021-08
2021-08-31,23.803098678588867,342200,Volkswagen,VWAGY,178.00344320003651,2021-08
2021-09-01,24.493764877319336,668500,Volkswagen,VWAGY,183.16835736251446,2021-09
2021-09-02,24.84977912902832,478700,Volkswagen,VWAGY,185.83068983813823,2021-09
2021-09-03,24.33711624145508,297800,Volkswagen,VWAGY,181.99691338654557,2021-09
2021-09-07,24.10214614868164,410200,Volkswagen,VWAGY,180.2397688177871,2021-09
2021-09-08,23.439960479736328,465200,Volkswagen,VWAGY,175.28783668905078,2021-09
2021-09-09,23.38300132751465,242800,Volkswagen,VWAGY,174.86188688503077,2021-09
2021-09-10,23.52682876586914,418700,Volkswagen,VWAGY,175.93745186081142,2021-09
2021-09-13,23.860057830810547,344600,Volkswagen,VWAGY,178.42939300405652,2021-09
2021-09-14,23.507604598999023,287700,Volkswagen,VWAGY,175.79369041438213,2021-09
2021-09-15,23.696290969848636,247100,Volkswagen,VWAGY,177.2047177831155,2021-09
2021-09-16,23.36163902282715,271600,Volkswagen,VWAGY,174.70213609626126,2021-09
2021-09-17,22.642488479614254,521100,Volkswagen,VWAGY,169.32421137311508,2021-09
2021-09-20,21.7061767578125,840000,Volkswagen,VWAGY,162.32232003788377,2021-09
2021-09-21,21.966066360473636,411200,Volkswagen,VWAGY,164.26581675443455,2021-09
2021-09-22,22.201032638549805,228200,Volkswagen,VWAGY,166.0229327962664,2021-09
2021-09-23,22.557048797607425,285300,Volkswagen,VWAGY,168.68527953535343,2021-09
2021-09-24,22.34913444519043,401300,Volkswagen,VWAGY,167.1304621932642,2021-09
2021-09-27,22.870338439941406,406900,Volkswagen,VWAGY,171.02811043343814,2021-09
2021-09-28,22.585529327392575,495300,Volkswagen,VWAGY,168.89826156909504,2021-09
2021-09-29,22.649608612060547,330100,Volkswagen,VWAGY,169.3774568815505,2021-09
2021-09-30,22.15831184387207,374800,Volkswagen,VWAGY,165.70345974565393,2021-09
2021-10-01,22.19391250610352,250200,Volkswagen,VWAGY,165.96968728783102,2021-10
2021-10-04,22.001665115356445,390900,Volkswagen,VWAGY,164.5320300331483,2021-10
2021-10-05,22.019466400146484,365100,Volkswagen,VWAGY,164.66515093596846,2021-10
2021-10-06,21.26115608215332,964000,Volkswagen,VWAGY,158.99438304815916,2021-10
2021-10-07,22.069307327270508,596600,Volkswagen,VWAGY,165.03786949501637,2021-10
2021-10-08,22.21527671813965,276400,Volkswagen,VWAGY,166.12945234006378,2021-10
2021-10-11,21.980304718017575,244600,Volkswagen,VWAGY,164.37229350784202,2021-10
2021-10-12,21.78093719482422,290400,Volkswagen,VWAGY,162.88139074472394,2021-10
2021-10-13,22.27935791015625,249000,Volkswagen,VWAGY,166.60866191598248,2021-10
2021-10-14,22.678091049194336,349200,Volkswagen,VWAGY,169.59045317875544,2021-10
2021-10-15,22.592647552490234,374800,Volkswagen,VWAGY,168.9514928140672,2021-10
2021-10-18,22.15546226501465,548300,Volkswagen,VWAGY,165.68215013150913,2021-10
2021-10-19,22.02658462524414,377100,Volkswagen,VWAGY,164.71838218094058,2021-10
2021-10-20,22.42176055908203,459600,Volkswagen,VWAGY,167.67357208469073,2021-10
2021-10-21,22.784894943237305,347400,Volkswagen,VWAGY,170.38915006874987,2021-10
2021-10-22,23.03410530090332,347900,Volkswagen,VWAGY,172.25278565437915,2021-10
2021-10-25,23.54676628112793,441300,Volkswagen,VWAGY,176.08654784250854,2021-10
2021-10-26,24.287277221679688,534400,Volkswagen,VWAGY,181.62420909096096,2021-10
2021-10-27,23.746131896972656,415000,Volkswagen,VWAGY,177.57743634216337,2021-10
2021-10-28,23.6749324798584,1400300,Volkswagen,VWAGY,177.04499552127254,2021-10
2021-10-29,23.21923446655273,410400,Volkswagen,VWAGY,173.6372116640897,2021-10
2021-11-01,23.831579208374023,530900,Volkswagen,VWAGY,178.21642523377815,2021-11
2021-11-02,23.795976638793945,558000,Volkswagen,VWAGY,177.95018342813782,2021-11
2021-11-03,24.19470977783203,429300,Volkswagen,VWAGY,180.93197469091075,2021-11
2021-11-04,24.20895004272461,351400,Volkswagen,VWAGY,181.03846570778157,2021-11
2021-11-05,24.664649963378903,337500,Volkswagen,VWAGY,184.44626382842765,2021-11
2021-11-08,23.562429428100582,951200,Volkswagen,VWAGY,176.20367940298846,2021-11
2021-11-09,23.55673217773437,382000,Volkswagen,VWAGY,176.16107443816216,2021-11
2021-11-10,23.1551513671875,490800,Volkswagen,VWAGY,173.15798782470776,2021-11
2021-11-11,23.25483512878418,337900,Volkswagen,VWAGY,173.9034392062668,2021-11
2021-11-12,23.16226959228516,286800,Volkswagen,VWAGY,173.21121906967988,2021-11
2021-11-15,22.635372161865234,409500,Volkswagen,VWAGY,169.27099439160625,2021-11
2021-11-16,22.4858455657959,527100,Volkswagen,VWAGY,168.152810187536,2021-11
2021-11-17,22.649608612060547,482300,Volkswagen,VWAGY,169.3774568815505,2021-11
2021-11-18,23.03766441345215,569900,Volkswagen,VWAGY,172.27940127686523,2021-11
2021-11-19,22.25443649291992,446000,Volkswagen,VWAGY,166.4222955047269,2021-11
2021-11-22,22.172550201416016,412500,Volkswagen,VWAGY,165.80993649906145,2021-11
2021-11-23,22.34343910217285,252000,Volkswagen,VWAGY,167.0878714919012,2021-11
2021-11-24,21.58868980407715,537000,Volkswagen,VWAGY,161.44373349004124,2021-11
2021-11-26,20.805458068847656,500000,Volkswagen,VWAGY,155.58659919097636,2021-11
2021-11-29,20.435203552246094,913700,Volkswagen,VWAGY,152.8177756984818,2021-11
2021-11-30,19.829980850219727,732000,Volkswagen,VWAGY,148.29182190069204,2021-11
2021-12-01,20.74849510192871,598100,Volkswagen,VWAGY,155.16062086002978,2021-12
2021-12-02,20.78409767150879,459600,Volkswagen,VWAGY,155.42686266567011,2021-12
2021-12-03,20.2571964263916,584000,Volkswagen,VWAGY,151.4866094606699,2021-12
2021-12-06,20.28567886352539,434500,Volkswagen,VWAGY,151.69960575787488,2021-12
2021-12-07,21.125871658325195,1251000,Volkswagen,VWAGY,157.98270412442304,2021-12
2021-12-08,22.66385269165039,1082500,Volkswagen,VWAGY,169.4839764253479,2021-12
2021-12-09,22.0728702545166,380000,Volkswagen,VWAGY,165.06451364442898,2021-12
2021-12-10,22.10135078430176,255200,Volkswagen,VWAGY,165.27749567817065,2021-12
2021-12-13,22.122711181640625,333300,Volkswagen,VWAGY,165.43723220347687,2021-12
2021-12-14,21.82009696960449,329600,Volkswagen,VWAGY,163.17423390938703,2021-12
2021-12-15,22.45024299621582,255800,Volkswagen,VWAGY,167.88656838189567,2021-12
2021-12-16,22.322080612182617,209500,Volkswagen,VWAGY,166.92814923005827,2021-12
2021-12-17,21.17571258544922,384000,Volkswagen,VWAGY,158.35542268347095,2021-12
2021-12-20,20.990583419799805,482100,Volkswagen,VWAGY,156.97099667376037,2021-12
2021-12-21,20.96210479736328,347100,Volkswagen,VWAGY,156.758028903482,2021-12
2021-12-22,20.90086936950684,486600,Volkswagen,VWAGY,156.30010041478153,2021-12
2021-12-23,21.360841751098636,382800,Volkswagen,VWAGY,159.73984869318153,2021-12
2021-12-27,21.303878784179688,337100,Volkswagen,VWAGY,159.31387036223492,2021-12
2021-12-28,21.27397346496582,333600,Volkswagen,VWAGY,159.09023352142086,2021-12
2021-12-29,20.919382095336918,446200,Volkswagen,VWAGY,156.43854158940627,2021-12
2021-12-30,20.712892532348636,536900,Volkswagen,VWAGY,154.89437905438947,2021-12
2021-12-31,20.79121971130371,295700,Volkswagen,VWAGY,155.4801224375688,2021-12
2022-01-03,21.417802810668945,303100,Volkswagen,VWAGY,160.1658127606648,2022-01
2022-01-04,22.293598175048828,568100,Volkswagen,VWAGY,166.71515293285333,2022-01
2022-01-05,22.129831314086918,334600,Volkswagen,VWAGY,165.4904777119123,2022-01
2022-01-06,22.005226135253903,236300,Volkswagen,VWAGY,164.5586599190976,2022-01
2022-01-07,21.924768447875977,315700,Volkswagen,VWAGY,163.95698424743114,2022-01
2022-01-10,21.90910148620605,255200,Volkswagen,VWAGY,163.83982416002462,2022-01
2022-01-11,22.322080612182617,259600,Volkswagen,VWAGY,166.92814923005827,2022-01
2022-01-12,22.45736312866211,270600,Volkswagen,VWAGY,167.93981389033107,2022-01
2022-01-13,22.272235870361328,369100,Volkswagen,VWAGY,166.55540214408379,2022-01
2022-01-14,22.492965698242188,580400,Volkswagen,VWAGY,168.20605569597143,2022-01
2022-01-18,21.48900413513184,555900,Volkswagen,VWAGY,160.69826784501896,2022-01
2022-01-19,21.49612617492676,258600,Volkswagen,VWAGY,160.75152761691766,2022-01
2022-01-20,21.410682678222656,362100,Volkswagen,VWAGY,160.11256725222938,2022-01
2022-01-21,20.7769775390625,620500,Volkswagen,VWAGY,155.37361715723472,2022-01
2022-01-24,19.99730682373047,756700,Volkswagen,VWAGY,149.54311274411918,2022-01
2022-01-25,19.97950553894043,292100,Volkswagen,VWAGY,149.409991841299,2022-01
2022-01-26,20.42808151245117,266100,Volkswagen,VWAGY,152.76451592658307,2022-01
2022-01-27,20.292797088623047,295400,Volkswagen,VWAGY,151.75283700284697,2022-01
2022-01-28,19.97950553894043,312800,Volkswagen,VWAGY,149.409991841299,2022-01
2022-01-31,20.46368408203125,264400,Volkswagen,VWAGY,153.03075773222346,2022-01
2022-02-01,20.912261962890625,214300,Volkswagen,VWAGY,156.38529608097082,2022-02
2022-02-02,20.74351119995117,196500,Volkswagen,VWAGY,155.1233504304713,2022-02
2022-02-03,20.542007446289062,156900,Volkswagen,VWAGY,153.61647258847626,2022-02
2022-02-04,20.173891067504883,279000,Volkswagen,VWAGY,150.86363843832194,2022-02
2022-02-07,19.88338279724121,245300,Volkswagen,VWAGY,148.6911703456893,2022-02
2022-02-08,19.82286071777344,211900,Volkswagen,VWAGY,148.23857639225668,2022-02
2022-02-09,20.86954116821289,337300,Volkswagen,VWAGY,156.06582303035836,2022-02
2022-02-10,20.48504638671875,201900,Volkswagen,VWAGY,153.19050852099295,2022-02
2022-02-11,20.10339736938477,260800,Volkswagen,VWAGY,150.33647509884582,2022-02
2022-02-14,19.324438095092773,526600,Volkswagen,VWAGY,144.5112909575348,2022-02
2022-02-15,20.6274528503418,293100,Volkswagen,VWAGY,154.2554472166278,2022-02
2022-02-16,20.598970413208008,507600,Volkswagen,VWAGY,154.04245091942283,2022-02
2022-02-17,20.022226333618164,229400,Volkswagen,VWAGY,149.72946489191148,2022-02
2022-02-18,19.517396926879883,334300,Volkswagen,VWAGY,145.95426848402207,2022-02
2022-02-22,19.929662704467773,595700,Volkswagen,VWAGY,149.03725901878784,2022-02
2022-02-23,19.40276336669922,386600,Volkswagen,VWAGY,145.0970200772509,2022-02
2022-02-24,18.43084526062012,1016600,Volkswagen,VWAGY,137.82885840945272,2022-02
2022-02-25,19.367162704467773,625700,Volkswagen,VWAGY,144.83079253507384,2022-02
2022-02-28,18.36320304870605,617900,Volkswagen,VWAGY,137.32301894758461,2022-02
2022-03-01,17.159875869750977,779700,Volkswagen,VWAGY,128.3243425969773,2022-03
2022-03-02,17.32008171081543,481800,Volkswagen,VWAGY,129.522387931969,2022-03
2022-03-03,16.64009666442871,764200,Volkswagen,VWAGY,124.4373491638758,2022-03
2022-03-04,15.294360160827637,1099600,Volkswagen,VWAGY,114.3737127224387,2022-03
2022-03-07,14.098153114318848,1392300,Volkswagen,VWAGY,105.42828188026678,2022-03
2022-03-08,15.009552001953123,988800,Volkswagen,VWAGY,112.24387098982729,2022-03
2022-03-09,16.576013565063477,1028300,Volkswagen,VWAGY,123.95812532449379,2022-03
2022-03-10,15.799901008605955,446200,Volkswagen,VWAGY,118.15422940213264,2022-03
2022-03-11,15.72015380859375,424500,Volkswagen,VWAGY,117.5578668705391,2022-03
2022-03-14,16.31256103515625,359300,Volkswagen,VWAGY,121.9879844585304,2022-03
2022-03-15,16.451406478881836,337900,Volkswagen,VWAGY,123.02629326821585,2022-03
2022-03-16,17.366363525390625,328100,Volkswagen,VWAGY,129.8684908685308,2022-03
2022-03-17,17.345003128051758,214200,Volkswagen,VWAGY,129.70875434322457,2022-03
2022-03-18,17.551488876342773,663100,Volkswagen,VWAGY,131.25288835131482,2022-03
2022-03-21,17.444684982299805,466900,Volkswagen,VWAGY,130.45419146132033,2022-03
2022-03-22,17.665414810180664,419900,Volkswagen,VWAGY,132.10484501320795,2022-03
2022-03-23,17.202594757080078,279700,Volkswagen,VWAGY,128.64380138412648,2022-03
2022-03-24,17.352123260498047,188000,Volkswagen,VWAGY,129.76199985166,2022-03
2022-03-25,17.145633697509766,217300,Volkswagen,VWAGY,128.21783731664317,2022-03
2022-03-28,17.50876808166504,330200,Volkswagen,VWAGY,130.93341530070234,2022-03
2022-03-29,18.833141326904297,730200,Volkswagen,VWAGY,140.83729382163824,2022-03
2022-03-30,18.41304397583008,434500,Volkswagen,VWAGY,137.69573750663253,2022-03
2022-03-31,17.565731048583984,445700,Volkswagen,VWAGY,131.3593936316489,2022-03
2022-04-01,17.957345962524414,303500,Volkswagen,VWAGY,134.28795364944972,2022-04
2022-04-04,17.857664108276367,207400,Volkswagen,VWAGY,133.54251653135393,2022-04
2022-04-05,17.284481048583984,230500,Volkswagen,VWAGY,129.25616038979194,2022-04
2022-04-06,16.547531127929688,356100,Volkswagen,VWAGY,123.74512902728884,2022-04
2022-04-07,16.71841812133789,185300,Volkswagen,VWAGY,125.02304975666532,2022-04
2022-04-08,16.611614227294922,197800,Volkswagen,VWAGY,124.22435286667084,2022-04
2022-04-11,16.376644134521484,175700,Volkswagen,VWAGY,122.4672082979124,2022-04
2022-04-12,16.02775001525879,303900,Volkswagen,VWAGY,119.85812133072406,2022-04
2022-04-13,16.26984214782715,343100,Volkswagen,VWAGY,121.66852567138122,2022-04
2022-04-14,15.87822437286377,408800,Volkswagen,VWAGY,118.73994425838549,2022-04
2022-04-18,15.778539657592772,407600,Volkswagen,VWAGY,117.99448574509479,2022-04
2022-04-19,16.568891525268555,444000,Volkswagen,VWAGY,123.9048655525951,2022-04
2022-04-20,16.611614227294922,247400,Volkswagen,VWAGY,124.22435286667084,2022-04
2022-04-21,16.745473861694336,352000,Volkswagen,VWAGY,125.22537698333458,2022-04
2022-04-22,16.398006439208984,252600,Volkswagen,VWAGY,122.62695908668191,2022-04
2022-04-25,16.30544090270996,318100,Volkswagen,VWAGY,121.934738950095,2022-04
2022-04-26,15.344202041625977,409700,Volkswagen,VWAGY,114.74643841321823,2022-04
2022-04-27,15.426087379455566,256000,Volkswagen,VWAGY,115.35879028715203,2022-04
2022-04-28,15.707337379455566,496400,Volkswagen,VWAGY,117.46202352900903,2022-04
2022-04-29,15.36556625366211,218200,Volkswagen,VWAGY,114.90620346545104,2022-04
2022-05-02,15.20179843902588,342200,Volkswagen,VWAGY,113.68152111277836,2022-05
2022-05-03,15.294360160827637,344400,Volkswagen,VWAGY,114.3737127224387,2022-05
2022-05-04,15.734393119812012,412700,Volkswagen,VWAGY,117.6643507556783,2022-05
2022-05-05,14.988189697265623,588200,Volkswagen,VWAGY,112.08412020105776,2022-05
2022-05-06,15.072209358215332,331000,Volkswagen,VWAGY,112.71243289040524,2022-05
2022-05-09,14.29040241241455,561100,Volkswagen,VWAGY,106.86595339841276,2022-05
2022-05-10,14.301082611083984,460800,Volkswagen,VWAGY,106.94582166106588,2022-05
2022-05-11,14.418567657470703,379900,Volkswagen,VWAGY,107.8243939454451,2022-05
2022-05-12,14.454168319702148,328100,Volkswagen,VWAGY,108.09062148762216,2022-05
2022-05-13,14.868162155151367,399600,Volkswagen,VWAGY,111.18653472012232,2022-05
2022-05-16,14.756872177124023,430800,Volkswagen,VWAGY,110.35429016448626,2022-05
2022-05-17,15.03880500793457,275700,Volkswagen,VWAGY,112.46262972619856,2022-05
2022-05-18,14.512036323547363,227500,Volkswagen,VWAGY,108.52336783189654,2022-05
2022-05-19,14.6159086227417,360500,Volkswagen,VWAGY,109.30014177882504,2022-05
2022-05-20,14.52687644958496,236500,Volkswagen,VWAGY,108.63434470796984,2022-05
2022-05-23,15.001708030700684,614100,Volkswagen,VWAGY,112.18521249707598,2022-05
2022-05-24,14.630745887756348,348600,Volkswagen,VWAGY,109.41109725970344,2022-05
2022-05-25,14.742035865783691,339100,Volkswagen,VWAGY,110.2433418153395,2022-05
2022-05-26,15.39641284942627,479500,Volkswagen,VWAGY,115.13687932539524,2022-05
2022-05-27,15.706537246704102,273500,Volkswagen,VWAGY,117.45604000616181,2022-05
2022-05-31,16.671035766601562,365700,Volkswagen,VWAGY,124.66871680178922,2022-05
2022-06-01,16.96780776977539,302700,Volkswagen,VWAGY,126.8880261078432,2022-06
2022-06-02,17.297964096069336,315900,Volkswagen,VWAGY,129.3569888117394,2022-06
2022-06-03,16.708133697509766,220700,Volkswagen,VWAGY,124.94614116264341,2022-06
2022-06-06,16.678455352783203,435800,Volkswagen,VWAGY,124.72420167396005,2022-06
2022-06-07,16.596847534179688,224900,Volkswagen,VWAGY,124.11392513393392,2022-06
2022-06-08,16.641359329223633,264400,Volkswagen,VWAGY,124.44679157656913,2022-06
2022-06-09,16.322336196899414,160800,Volkswagen,VWAGY,122.06108470785576,2022-06
2022-06-10,15.89943790435791,202900,Volkswagen,VWAGY,118.89858249701895,2022-06
2022-06-13,14.927515983581545,325000,Volkswagen,VWAGY,111.63039230229414,2022-06
2022-06-14,14.712358474731444,448700,Volkswagen,VWAGY,110.02140945838777,2022-06
2022-06-15,14.71977710723877,438700,Volkswagen,VWAGY,110.07688719882698,2022-06
2022-06-16,14.203396797180176,265500,Volkswagen,VWAGY,106.21531125729575,2022-06
2022-06-17,14.178173065185549,302100,Volkswagen,VWAGY,106.02668408710984,2022-06
2022-06-21,14.43784523010254,350400,Volkswagen,VWAGY,107.96855476884633,2022-06
2022-06-22,14.259782791137695,290700,Volkswagen,VWAGY,106.63697489059925,2022-06
2022-06-23,13.877693176269531,739900,Volkswagen,VWAGY,103.77964660843371,2022-06
2022-06-24,14.259782791137695,248000,Volkswagen,VWAGY,106.63697489059925,2022-06
2022-06-27,14.352524757385254,281200,Volkswagen,VWAGY,107.33051439753984,2022-06
2022-06-28,14.497200012207031,892500,Volkswagen,VWAGY,108.41241948274978,2022-06
2022-06-29,14.133655548095703,318200,Volkswagen,VWAGY,105.69377485408478,2022-06
2022-06-30,13.517858505249023,478000,Volkswagen,VWAGY,101.08874441585411,2022-06
2022-07-01,13.53269863128662,262200,Volkswagen,VWAGY,101.19972129192745,2022-07
2022-07-05,12.813032150268556,477500,Volkswagen,VWAGY,95.81793830196324,2022-07
2022-07-06,12.82787036895752,390000,Volkswagen,VWAGY,95.92890091457326,2022-07
2022-07-07,13.53269863128662,351900,Volkswagen,VWAGY,101.19972129192745,2022-07
2022-07-08,14.15591526031494,278900,Volkswagen,VWAGY,105.86023660232892,2022-07
2022-07-11,13.577213287353516,262500,Volkswagen,VWAGY,101.53260912975756,2022-07
2022-07-12,13.621729850769045,211800,Volkswagen,VWAGY,101.86551123105102,2022-07
2022-07-13,13.53269863128662,241300,Volkswagen,VWAGY,101.19972129192745,2022-07
2022-07-14,13.228508949279783,296900,Volkswagen,VWAGY,98.9249413771659,2022-07
2022-07-15,13.688504219055176,264100,Volkswagen,VWAGY,102.36486081712528,2022-07
2022-07-18,13.963014602661133,433300,Volkswagen,VWAGY,104.41769411147182,2022-07
2022-07-19,14.6159086227417,430600,Volkswagen,VWAGY,109.30014177882504,2022-07
2022-07-20,14.541714668273926,458100,Volkswagen,VWAGY,108.7453073205799,2022-07
2022-07-21,14.378490447998049,322900,Volkswagen,VWAGY,107.52469005494288,2022-07
2022-07-22,14.126238822937012,341900,Volkswagen,VWAGY,105.63831137710886,2022-07
2022-07-25,13.881402015686035,380400,Volkswagen,VWAGY,103.80738191278749,2022-07
2022-07-26,13.703340530395508,425300,Volkswagen,VWAGY,102.47580916627203,2022-07
2022-07-27,13.703340530395508,345900,Volkswagen,VWAGY,102.47580916627203,2022-07
2022-07-28,14.178173065185549,275100,Volkswagen,VWAGY,106.02668408710984,2022-07
2022-07-29,14.660422325134276,271100,Volkswagen,VWAGY,109.6330224849235,2022-07
2022-08-01,14.868162155151367,294400,Volkswagen,VWAGY,111.18653472012232,2022-08
2022-08-02,14.60848903656006,273500,Volkswagen,VWAGY,109.24465690665421,2022-08
2022-08-03,14.92009735107422,322000,Volkswagen,VWAGY,111.57491456185495,2022-08
2022-08-04,14.801387786865234,176700,Volkswagen,VWAGY,110.68718513404802,2022-08
2022-08-05,14.6159086227417,207000,Volkswagen,VWAGY,109.30014177882504,2022-08
2022-08-08,14.541714668273926,238500,Volkswagen,VWAGY,108.7453073205799,2022-08
2022-08-09,14.333975791931152,439400,Volkswagen,VWAGY,107.19180221711272,2022-08
2022-08-10,15.127835273742676,436600,Volkswagen,VWAGY,113.12841253359045,2022-08
2022-08-11,15.0684814453125,322900,Volkswagen,VWAGY,112.68455495141865,2022-08
2022-08-12,15.121899604797363,161300,Volkswagen,VWAGY,113.08402463585378,2022-08
2022-08-15,14.93493366241455,189700,Volkswagen,VWAGY,111.68586291100169,2022-08
2022-08-16,15.127835273742676,262700,Volkswagen,VWAGY,113.12841253359045,2022-08
2022-08-17,14.793970108032228,120900,Volkswagen,VWAGY,110.63171452534048,2022-08
2022-08-18,14.756872177124023,226600,Volkswagen,VWAGY,110.35429016448626,2022-08
2022-08-19,14.37107276916504,120100,Volkswagen,VWAGY,107.46921944623531,2022-08
2022-08-22,13.3479585647583,564500,Volkswagen,VWAGY,99.81820502872661,2022-08
2022-08-23,13.710761070251465,256200,Volkswagen,VWAGY,102.53130117017453,2022-08
2022-08-24,13.577213287353516,229600,Volkswagen,VWAGY,101.53260912975756,2022-08
2022-08-25,13.770113945007324,260900,Volkswagen,VWAGY,102.9751516206147,2022-08
2022-08-26,13.54753875732422,259400,Volkswagen,VWAGY,101.31069816800078,2022-08
2022-08-29,13.784952163696287,223300,Volkswagen,VWAGY,103.08611423322473,2022-08
2022-08-30,14.181882858276367,320200,Volkswagen,VWAGY,106.05442652319523,2022-08
2022-08-31,13.733017921447754,477500,Volkswagen,VWAGY,102.69774152322377,2022-08
2022-09-01,13.52527904510498,280800,Volkswagen,VWAGY,101.14423641975661,2022-09
2022-09-02,13.540117263793944,294300,Volkswagen,VWAGY,101.25519903236663,2022-09
2022-09-06,14.296879768371582,779900,Volkswagen,VWAGY,106.9143921197218,2022-09
2022-09-07,14.341397285461426,442200,Volkswagen,VWAGY,107.24730135274685,2022-09
2022-09-08,13.955594062805176,556500,Volkswagen,VWAGY,104.36220210756932,2022-09
2022-09-09,13.74785614013672,1235000,Volkswagen,VWAGY,102.80870413583384,2022-09
2022-09-12,14.912675857543944,1288500,Volkswagen,VWAGY,111.51941542622079,2022-09
2022-09-13,14.378490447998049,799500,Volkswagen,VWAGY,107.52469005494288,2022-09
2022-09-14,14.71977710723877,667600,Volkswagen,VWAGY,110.07688719882698,2022-09
2022-09-15,14.571391105651855,376800,Volkswagen,VWAGY,108.96723254579999,2022-09
2022-09-16,14.660422325134276,567800,Volkswagen,VWAGY,109.6330224849235,2022-09
2022-09-19,15.305895805358888,1385400,Volkswagen,VWAGY,114.45997814837425,2022-09
2022-09-20,15.14267349243164,819400,Volkswagen,VWAGY,113.2393751462005,2022-09
2022-09-21,14.623326301574709,374200,Volkswagen,VWAGY,109.3556123875326,2022-09
2022-09-22,14.4630708694458,407900,Volkswagen,VWAGY,108.15719620249553,2022-09
2022-09-23,13.79237174987793,880800,Volkswagen,VWAGY,103.14159910539557,2022-09
2022-09-26,13.5957612991333,843000,Volkswagen,VWAGY,101.67131417845303,2022-09
2022-09-27,13.503021240234377,1290300,Volkswagen,VWAGY,100.97778893497573,2022-09
2022-09-28,14.185591697692873,977900,Volkswagen,VWAGY,106.08216182754904,2022-09
2022-09-29,12.646099090576172,1920700,Volkswagen,VWAGY,94.56958573197241,2022-09
2022-09-30,12.052559852600098,726500,Volkswagen,VWAGY,90.13100277852266,2022-09
2022-10-03,12.174976348876951,546800,Volkswagen,VWAGY,91.04645324722004,2022-10
2022-10-04,12.716581344604492,698800,Volkswagen,VWAGY,95.09666349066885,2022-10
2022-10-05,12.538519859313965,359400,Volkswagen,VWAGY,93.7650907441534,2022-10
2022-10-06,12.686904907226562,171900,Volkswagen,VWAGY,94.87473826544876,2022-10
2022-10-07,12.219491958618164,498300,Volkswagen,VWAGY,91.37934821678182,2022-10
2022-10-10,11.796594619750977,489300,Volkswagen,VWAGY,88.21685313767665,2022-10
2022-10-11,11.744661331176758,387400,Volkswagen,VWAGY,87.82848755940732,2022-10
2022-10-12,11.484987258911133,361300,Volkswagen,VWAGY,85.88660261420755,2022-10
2022-10-13,11.893046379089355,401300,Volkswagen,VWAGY,88.93813508070268,2022-10
2022-10-14,11.566598892211914,496800,Volkswagen,VWAGY,86.49690768116025,2022-10
2022-10-17,12.212072372436523,363100,Volkswagen,VWAGY,91.32386334461098,2022-10
2022-10-18,12.538519859313965,537800,Volkswagen,VWAGY,93.7650907441534,2022-10
2022-10-19,12.1378812789917,300300,Volkswagen,VWAGY,90.76905028156077,2022-10
2022-10-20,12.260297775268556,224500,Volkswagen,VWAGY,91.68450075025818,2022-10
2022-10-21,12.538519859313965,226900,Volkswagen,VWAGY,93.7650907441534,2022-10
2022-10-24,12.404973030090332,231100,Volkswagen,VWAGY,92.7664058354681,2022-10
2022-10-25,12.501423835754396,316600,Volkswagen,VWAGY,93.4876806467625,2022-10
2022-10-26,12.657228469848633,490500,Volkswagen,VWAGY,94.65281304022866,2022-10
2022-10-27,12.612710952758787,235600,Volkswagen,VWAGY,94.31990380720362,2022-10
2022-10-28,12.553359031677246,607400,Volkswagen,VWAGY,93.8760604884951,2022-10
2022-10-31,12.679485321044922,497600,Volkswagen,VWAGY,94.81925339327792,2022-10
2022-11-01,12.768516540527344,449600,Volkswagen,VWAGY,95.48504333240146,2022-11
2022-11-02,12.36045742034912,530200,Volkswagen,VWAGY,92.43351086590633,2022-11
2022-11-03,12.130462646484377,332700,Volkswagen,VWAGY,90.71357254112158,2022-11
2022-11-04,12.850128173828123,303000,Volkswagen,VWAGY,96.09534839935414,2022-11
2022-11-07,13.443668365478516,315100,Volkswagen,VWAGY,100.53393848453555,2022-11
2022-11-08,13.38431453704834,202900,Volkswagen,VWAGY,100.09008090236374,2022-11
2022-11-09,13.161735534667969,224700,Volkswagen,VWAGY,98.42559892282326,2022-11
2022-11-10,13.925917625427246,351900,Volkswagen,VWAGY,104.14027688234926,2022-11
2022-11-11,14.630745887756348,287000,Volkswagen,VWAGY,109.41109725970344,2022-11
2022-11-14,14.541714668273926,350700,Volkswagen,VWAGY,108.7453073205799,2022-11
2022-11-15,14.47494125366211,464600,Volkswagen,VWAGY,108.24596486623723,2022-11
2022-11-16,14.118817329406738,297600,Volkswagen,VWAGY,105.58281224147473,2022-11
2022-11-17,14.170753479003906,271500,Volkswagen,VWAGY,105.97119921493898,2022-11
2022-11-18,14.417814254760742,246400,Volkswagen,VWAGY,107.81875987744833,2022-11
2022-11-21,13.873983383178713,121000,Volkswagen,VWAGY,103.7519041723483,2022-11
2022-11-22,13.992691040039062,127100,Volkswagen,VWAGY,104.63961933669191,2022-11
2022-11-23,13.851725578308104,151400,Volkswagen,VWAGY,103.58545668756737,2022-11
2022-11-25,14.044626235961914,62100,Volkswagen,VWAGY,105.02799917842451,2022-11
2022-11-28,13.807211875915527,276700,Volkswagen,VWAGY,103.25257598146891,2022-11
2022-11-29,13.925917625427246,256100,Volkswagen,VWAGY,104.14027688234926,2022-11
2022-11-30,14.274622917175291,237100,Volkswagen,VWAGY,106.74795176667256,2022-11
2022-12-01,14.43784523010254,290300,Volkswagen,VWAGY,107.96855476884633,2022-12
2022-12-02,14.311718940734863,133000,Volkswagen,VWAGY,107.02536186406348,2022-12
2022-12-05,14.37107276916504,482800,Volkswagen,VWAGY,107.46921944623531,2022-12
2022-12-06,14.200429916381836,245800,Volkswagen,VWAGY,106.19312444015907,2022-12
2022-12-07,13.977852821350098,155100,Volkswagen,VWAGY,104.52865672408187,2022-12
2022-12-08,13.84430694580078,146400,Volkswagen,VWAGY,103.52997894712819,2022-12
2022-12-09,13.799792289733888,144000,Volkswagen,VWAGY,103.19709110929809,2022-12
2022-12-12,13.53269863128662,280500,Volkswagen,VWAGY,101.19972129192745,2022-12
2022-12-13,13.562376976013184,280500,Volkswagen,VWAGY,101.42166078061081,2022-12
2022-12-14,13.72559928894043,372100,Volkswagen,VWAGY,102.64226378278455,2022-12
2022-12-15,13.421409606933594,240000,Volkswagen,VWAGY,100.36748386802303,2022-12
2022-12-16,13.24334716796875,380300,Volkswagen,VWAGY,99.03590398977596,2022-12
2022-12-19,13.687477111816406,549800,Volkswagen,VWAGY,102.3571799421474,2022-12
2022-12-20,13.411038398742676,428800,Volkswagen,VWAGY,100.28992628642175,2022-12
2022-12-21,13.240857124328612,726800,Volkswagen,VWAGY,99.01728303846,2022-12
2022-12-22,12.81748104095459,541300,Volkswagen,VWAGY,95.8512078300708,2022-12
2022-12-23,13.04992389678955,237100,Volkswagen,VWAGY,97.58945330997929,2022-12
2022-12-27,12.958606719970703,683900,Volkswagen,VWAGY,96.9065686101111,2022-12
2022-12-28,12.638999938964844,390300,Volkswagen,VWAGY,94.51649712163311,2022-12
2022-12-29,13.0997314453125,580700,Volkswagen,VWAGY,97.96192225841972,2022-12
2022-12-30,12.987662315368652,372000,Volkswagen,VWAGY,97.12385107803256,2022-12
2023-01-03,13.564614295959473,232600,Volkswagen,VWAGY,101.43839182304177,2023-01
2023-01-04,13.938182830810549,296000,Volkswagen,VWAGY,104.23199808299056,2023-01
2023-01-05,13.889204025268556,128700,Volkswagen,VWAGY,103.86572660934657,2023-01
2023-01-06,14.16647243499756,178600,Volkswagen,VWAGY,105.93918487160032,2023-01
2023-01-09,14.23703384399414,155000,Volkswagen,VWAGY,106.46685456402298,2023-01
2023-01-10,14.216280937194824,143600,Volkswagen,VWAGY,106.31166095177238,2023-01
2023-01-11,14.490229606628418,214600,Volkswagen,VWAGY,108.36029365618207,2023-01
2023-01-12,14.818137168884276,235100,Volkswagen,VWAGY,110.8124397368676,2023-01
2023-01-13,14.486080169677734,171400,Volkswagen,VWAGY,108.32926349180991,2023-01
2023-01-17,14.52758502960205,265000,Volkswagen,VWAGY,108.63964358457949,2023-01
2023-01-18,14.303446769714355,184800,Volkswagen,VWAGY,106.96350122380515,2023-01
2023-01-19,14.159829139709473,132400,Volkswagen,VWAGY,105.88950522898564,2023-01
2023-01-20,14.336652755737305,165000,Volkswagen,VWAGY,107.21182098783042,2023-01
2023-01-23,14.43211841583252,192200,Volkswagen,VWAGY,107.92572872033912,2023-01
2023-01-24,14.31174659729004,391800,Volkswagen,VWAGY,107.0255686842811,2023-01
2023-01-25,14.320050239562988,222600,Volkswagen,VWAGY,107.0876646716836,2023-01
2023-01-26,14.452871322631836,142000,Volkswagen,VWAGY,108.08092233258972,2023-01
2023-01-27,14.394762992858888,829300,Volkswagen,VWAGY,107.64637879194171,2023-01
2023-01-30,14.27439022064209,168200,Volkswagen,VWAGY,106.74621162415204,2023-01
2023-01-31,14.494379043579102,154600,Volkswagen,VWAGY,108.39132382055423,2023-01
2023-02-01,14.84304141998291,265100,Volkswagen,VWAGY,110.99867777695367,2023-02
2023-02-02,15.212457656860352,189200,Volkswagen,VWAGY,113.76123247733535,2023-02
2023-02-03,15.00076961517334,181400,Volkswagen,VWAGY,112.17819487314075,2023-02
2023-02-06,14.647957801818848,128800,Volkswagen,VWAGY,109.53981075236916,2023-02
2023-02-07,14.74342441558838,170200,Volkswagen,VWAGY,110.25372561660953,2023-02
2023-02-08,14.552491188049316,205400,Volkswagen,VWAGY,108.82589588812881,2023-02
2023-02-09,14.618903160095217,165800,Volkswagen,VWAGY,109.32253541617933,2023-02
2023-02-10,14.477778434753418,162100,Volkswagen,VWAGY,108.2671817678707,2023-02
2023-02-13,14.510982513427734,139100,Volkswagen,VWAGY,108.51548726843268,2023-02
2023-02-14,14.99246883392334,184600,Volkswagen,VWAGY,112.11612028093316,2023-02
2023-02-15,14.784931182861328,454900,Volkswagen,VWAGY,110.56411997284236,2023-02
2023-02-16,14.830589294433594,101000,Volkswagen,VWAGY,110.90555875691064,2023-02
2023-02-17,14.82643985748291,92200,Volkswagen,VWAGY,110.8745285925385,2023-02
2023-02-21,14.510982513427734,233900,Volkswagen,VWAGY,108.51548726843268,2023-02
2023-02-22,14.58569622039795,87700,Volkswagen,VWAGY,109.07420852042242,2023-02
2023-02-23,14.851344108581545,135400,Volkswagen,VWAGY,111.06076663262454,2023-02
2023-02-24,14.295144081115724,163800,Volkswagen,VWAGY,106.90141236813429,2023-02
2023-02-27,14.477778434753418,164100,Volkswagen,VWAGY,108.2671817678707,2023-02
2023-02-28,14.74342441558838,194500,Volkswagen,VWAGY,110.25372561660953,2023-02
2023-03-01,14.74342441558838,140300,Volkswagen,VWAGY,110.25372561660953,2023-03
2023-03-02,14.58569622039795,146400,Volkswagen,VWAGY,109.07420852042242,2023-03
2023-03-03,15.98034381866455,431300,Volkswagen,VWAGY,119.50361008255692,2023-03
2023-03-06,15.938838958740234,320800,Volkswagen,VWAGY,119.19322998978737,2023-03
2023-03-07,15.615078926086426,270400,Volkswagen,VWAGY,116.77209981001067,2023-03
2023-03-08,15.673188209533691,164900,Volkswagen,VWAGY,117.20665048239032,2023-03
2023-03-09,15.465652465820312,196900,Volkswagen,VWAGY,115.6546644377628,2023-03
2023-03-10,15.208307266235352,181400,Volkswagen,VWAGY,113.73019518123158,2023-03
2023-03-13,15.212457656860352,131100,Volkswagen,VWAGY,113.76123247733535,2023-03
2023-03-14,14.99163818359375,291500,Volkswagen,VWAGY,112.10990854267342,2023-03
2023-03-15,14.303446769714355,272900,Volkswagen,VWAGY,106.96350122380515,2023-03
2023-03-16,14.083457946777344,259000,Volkswagen,VWAGY,105.31838902740296,2023-03
2023-03-17,13.548011779785156,423500,Volkswagen,VWAGY,101.31423550689496,2023-03
2023-03-20,13.614422798156738,121600,Volkswagen,VWAGY,101.81086790321385,2023-03
2023-03-21,13.971386909484863,196500,Volkswagen,VWAGY,104.48030358355251,2023-03
2023-03-22,13.97968864440918,125700,Volkswagen,VWAGY,104.54238530749174,2023-03
2023-03-23,13.747246742248535,165900,Volkswagen,VWAGY,102.8041469593149,2023-03
2023-03-24,13.37368106842041,390100,Volkswagen,VWAGY,100.01056209456105,2023-03
2023-03-27,13.548011779785156,174600,Volkswagen,VWAGY,101.31423550689496,2023-03
2023-03-28,13.618575096130373,232000,Volkswagen,VWAGY,101.84191946278094,2023-03
2023-03-29,13.8053560256958,144000,Volkswagen,VWAGY,103.23869763169455,2023-03
2023-03-30,14.270241737365724,197400,Volkswagen,VWAGY,106.71518859151155,2023-03
2023-03-31,14.195527076721191,227200,Volkswagen,VWAGY,106.15646020779013,2023-03
2023-04-03,14.361557006835938,218400,Volkswagen,VWAGY,107.39805902791646,2023-04
2023-04-04,14.154019355773926,128500,Volkswagen,VWAGY,105.84605871982563,2023-04
2023-04-05,13.929880142211914,166600,Volkswagen,VWAGY,104.16990922731966,2023-04
2023-04-06,13.81781005859375,185900,Volkswagen,VWAGY,103.33183091520087,2023-04
2023-04-10,13.8468656539917,143400,Volkswagen,VWAGY,103.54911338312233,2023-04
2023-04-11,14.12911605834961,139400,Volkswagen,VWAGY,105.65982781147125,2023-04
2023-04-12,13.946481704711914,148100,Volkswagen,VWAGY,104.29405841173485,2023-04
2023-04-13,14.11251163482666,183600,Volkswagen,VWAGY,105.53565723186115,2023-04
2023-04-14,14.26193904876709,192200,Volkswagen,VWAGY,106.65309973584066,2023-04
2023-04-17,14.087606430053713,265200,Volkswagen,VWAGY,105.34941206004349,2023-04
2023-04-18,13.996292114257812,172800,Volkswagen,VWAGY,104.6665487553702,2023-04
2023-04-19,13.954784393310549,132300,Volkswagen,VWAGY,104.35614726740572,2023-04
2023-04-20,13.797057151794434,358800,Volkswagen,VWAGY,103.17663730295025,2023-04
2023-04-21,13.69743824005127,166500,Volkswagen,VWAGY,102.43167087914283,2023-04
2023-04-24,13.84105396270752,99900,Volkswagen,VWAGY,103.50565261049904,2023-04
2023-04-25,13.50650405883789,291000,Volkswagen,VWAGY,101.00383401893048,2023-04
2023-04-26,13.489901542663574,152100,Volkswagen,VWAGY,100.87967770278365,2023-04
2023-04-27,13.647629737854004,139600,Volkswagen,VWAGY,102.05919479897074,2023-04
2023-04-28,13.878410339355469,168000,Volkswagen,VWAGY,103.78500967062811,2023-04
2023-05-01,13.7887544631958,182800,Volkswagen,VWAGY,103.11454844727939,2023-05
2023-05-02,13.747246742248535,173700,Volkswagen,VWAGY,102.8041469593149,2023-05
2023-05-03,13.772151947021484,82600,Volkswagen,VWAGY,102.99039213113257,2023-05
2023-05-04,13.772151947021484,177200,Volkswagen,VWAGY,102.99039213113257,2023-05
2023-05-05,14.021196365356444,172100,Volkswagen,VWAGY,104.85278679545623,2023-05
2023-05-08,14.212130546569824,164600,Volkswagen,VWAGY,106.28062365566859,2023-05
2023-05-09,13.888371467590332,213600,Volkswagen,VWAGY,103.85950060762354,2023-05
2023-05-10,13.973877906799316,146300,Volkswagen,VWAGY,104.49893166660011,2023-05
2023-05-11,14.301753997802734,128800,Volkswagen,VWAGY,106.9508424001415,2023-05
2023-05-12,14.038046836853027,172100,Volkswagen,VWAGY,104.97879736182982,2023-05
2023-05-15,13.98090934753418,247500,Volkswagen,VWAGY,104.55151392399287,2023-05
2023-05-16,13.712807655334473,273700,Volkswagen,VWAGY,102.54660586627718,2023-05
2023-05-17,13.853450775146484,234400,Volkswagen,VWAGY,103.59835799010686,2023-05
2023-05-18,14.118916511535645,187700,Volkswagen,VWAGY,105.58355394156544,2023-05
2023-05-19,14.150561332702637,117400,Volkswagen,VWAGY,105.82019906089357,2023-05
2023-05-22,14.34043025970459,135600,Volkswagen,VWAGY,107.24006977686238,2023-05
2023-05-23,14.161110877990724,194000,Volkswagen,VWAGY,105.89909027631181,2023-05
2023-05-24,13.941353797912598,135100,Volkswagen,VWAGY,104.25571109069851,2023-05
2023-05-25,13.78312873840332,158200,Volkswagen,VWAGY,103.07247836232621,2023-05
2023-05-26,13.87982177734375,354200,Volkswagen,VWAGY,103.79556463345752,2023-05
2023-05-30,13.78312873840332,270600,Volkswagen,VWAGY,103.07247836232621,2023-05
2023-05-31,13.255712509155272,448000,Volkswagen,VWAGY,99.12837402223957,2023-05
2023-06-01,13.52821159362793,209400,Volkswagen,VWAGY,101.1661664945542,2023-06
2023-06-02,14.042441368103027,249600,Volkswagen,VWAGY,105.01166038123384,2023-06
2023-06-05,14.038046836853027,157000,Volkswagen,VWAGY,104.97879736182982,2023-06
2023-06-06,14.196269989013672,147800,Volkswagen,VWAGY,106.16201582673885,2023-06
2023-06-07,14.249011993408203,231300,Volkswagen,VWAGY,106.55642911344016,2023-06
2023-06-08,14.657758712768556,268200,Volkswagen,VWAGY,109.61310355844884,2023-06
2023-06-09,14.66830825805664,208200,Volkswagen,VWAGY,109.69199477386707,2023-06
2023-06-12,14.820380210876465,288600,Volkswagen,VWAGY,110.82921356968842,2023-06
2023-06-13,15.07529640197754,347500,Volkswagen,VWAGY,112.73551830572879,2023-06
2023-06-14,15.207151412963867,225600,Volkswagen,VWAGY,113.72155152248207,2023-06
2023-06-15,15.347793579101562,161000,Volkswagen,VWAGY,114.7732965145801,2023-06
2023-06-16,15.317028045654297,136200,Volkswagen,VWAGY,114.54322685182544,2023-06
2023-06-20,14.85554027557373,159300,Volkswagen,VWAGY,111.09214625184711,2023-06
2023-06-21,14.846750259399414,238900,Volkswagen,VWAGY,111.02641308130745,2023-06
2023-06-22,14.530301094055176,160700,Volkswagen,VWAGY,108.65995475629447,2023-06
2023-06-23,14.372076988220217,250900,Volkswagen,VWAGY,107.4767291596538,2023-06
2023-06-26,14.438002586364746,135100,Volkswagen,VWAGY,107.96973150456716,2023-06
2023-06-27,14.354496002197266,397500,Volkswagen,VWAGY,107.3452556868428,2023-06
2023-06-28,14.515357971191406,174100,Volkswagen,VWAGY,108.54820765320386,2023-06
2023-06-29,14.466132164001465,121400,Volkswagen,VWAGY,108.18008906106473,2023-06
2023-06-30,14.697315216064451,205900,Volkswagen,VWAGY,109.90891352347481,2023-06
2023-07-03,14.785218238830566,193900,Volkswagen,VWAGY,110.56626662406646,2023-07
2023-07-05,14.82917022705078,160900,Volkswagen,VWAGY,110.89494674022808,2023-07
2023-07-06,14.495139122009276,154000,Volkswagen,VWAGY,108.39700781067248,2023-07
2023-07-07,14.72368621826172,152500,Volkswagen,VWAGY,110.10612016682548,2023-07
2023-07-10,14.679736137390137,118800,Volkswagen,VWAGY,109.77745431412711,2023-07
2023-07-11,14.85554027557373,202800,Volkswagen,VWAGY,111.09214625184711,2023-07
2023-07-12,15.07529640197754,235700,Volkswagen,VWAGY,112.73551830572879,2023-07
2023-07-13,15.15440845489502,165500,Volkswagen,VWAGY,113.3271311040491,2023-07
2023-07-14,14.85554027557373,414800,Volkswagen,VWAGY,111.09214625184711,2023-07
2023-07-17,14.7500581741333,267700,Volkswagen,VWAGY,110.30333394190777,2023-07
2023-07-18,14.934652328491213,145400,Volkswagen,VWAGY,111.68375905016748,2023-07
2023-07-19,14.815983772277832,261400,Volkswagen,VWAGY,110.79633628682113,2023-07
2023-07-20,14.60062313079834,180600,Volkswagen,VWAGY,109.18583438407512,2023-07
2023-07-21,14.574252128601074,123500,Volkswagen,VWAGY,108.98862774072447,2023-07
2023-07-24,14.641937255859377,151500,Volkswagen,VWAGY,109.49478813051641,2023-07
2023-07-25,14.688525199890137,145200,Volkswagen,VWAGY,109.84318035293515,2023-07
2023-07-26,14.618202209472656,216000,Volkswagen,VWAGY,109.31729359342283,2023-07
2023-07-27,14.090787887573242,474700,Volkswagen,VWAGY,105.3732035167995,2023-07
2023-07-28,14.081997871398926,209900,Volkswagen,VWAGY,105.30747034625982,2023-07
2023-07-31,14.05562686920166,226000,Volkswagen,VWAGY,105.11026370290917,2023-07
2023-08-01,13.976513862609863,312600,Volkswagen,VWAGY,104.5186437728572,2023-08
2023-08-02,13.774338722229004,202300,Volkswagen,VWAGY,103.00674519178652,2023-08
2023-08-03,13.638089179992676,189900,Volkswagen,VWAGY,101.98784895562922,2023-08
2023-08-04,13.545791625976562,132300,Volkswagen,VWAGY,101.29763283563355,2023-08
2023-08-07,13.55458164215088,190900,Volkswagen,VWAGY,101.36336600617324,2023-08
2023-08-08,13.325156211853027,263400,Volkswagen,VWAGY,99.64768532517844,2023-08
2023-08-09,13.28208351135254,245100,Volkswagen,VWAGY,99.32558066559027,2023-08
2023-08-10,13.273293495178224,196300,Volkswagen,VWAGY,99.2598474950506,2023-08
2023-08-11,13.229342460632324,346700,Volkswagen,VWAGY,98.93117451062058,2023-08
2023-08-14,13.079907417297363,171000,Volkswagen,VWAGY,97.81367495278793,2023-08
2023-08-15,12.9612398147583,284300,Volkswagen,VWAGY,96.92625932117326,2023-08
2023-08-16,12.772249221801758,417100,Volkswagen,VWAGY,95.51295693004627,2023-08
2023-08-17,12.71071720123291,270300,Volkswagen,VWAGY,95.05281047280528,2023-08
2023-08-18,12.759063720703123,241800,Volkswagen,VWAGY,95.41435360837093,2023-08
2023-08-21,12.763458251953123,195500,Volkswagen,VWAGY,95.44721662777495,2023-08
2023-08-22,12.877732276916504,201600,Volkswagen,VWAGY,96.30177637171727,2023-08
2023-08-23,12.90410327911377,192700,Volkswagen,VWAGY,96.49898301506792,2023-08
2023-08-24,12.65797519683838,164800,Volkswagen,VWAGY,94.65839718610398,2023-08
2023-08-25,12.609628677368164,156400,Volkswagen,VWAGY,94.2968540505383,2023-08
2023-08-28,12.464590072631836,323700,Volkswagen,VWAGY,93.21223177557296,2023-08
2023-08-29,12.596444129943848,266600,Volkswagen,VWAGY,94.19825786059461,2023-08
2023-08-30,12.649185180664062,319400,Volkswagen,VWAGY,94.59266401556428,2023-08
2023-08-31,12.552492141723633,188900,Volkswagen,VWAGY,93.86957774443297,2023-08
2023-09-01,11.853666305541992,1028700,Volkswagen,VWAGY,88.64364448603035,2023-09
2023-09-05,11.84048080444336,440900,Volkswagen,VWAGY,88.54504116435503,2023-09
2023-09-06,11.6383056640625,408500,Volkswagen,VWAGY,87.03314258328436,2023-09
2023-09-07,11.295485496520996,594900,Volkswagen,VWAGY,84.46947761492072,2023-09
2023-09-08,11.400968551635742,329400,Volkswagen,VWAGY,85.25829705659172,2023-09
2023-09-11,11.480080604553224,362200,Volkswagen,VWAGY,85.84990985491207,2023-09
2023-09-12,11.814109802246094,400800,Volkswagen,VWAGY,88.34783452100437,2023-09
2023-09-13,11.717416763305664,238800,Volkswagen,VWAGY,87.62474824987305,2023-09
2023-09-14,11.65588665008545,209100,Volkswagen,VWAGY,87.16461605609534,2023-09
2023-09-15,11.6383056640625,174300,Volkswagen,VWAGY,87.03314258328436,2023-09
2023-09-18,11.46689510345459,266200,Volkswagen,VWAGY,85.75130653323673,2023-09
2023-09-19,11.858061790466309,452700,Volkswagen,VWAGY,88.67651463716602,2023-09
2023-09-20,12.117374420166016,549500,Volkswagen,VWAGY,90.61569665607367,2023-09
2023-09-21,12.042656898498535,189400,Volkswagen,VWAGY,90.05694687715734,2023-09
2023-09-22,12.29317855834961,314100,Volkswagen,VWAGY,91.93038859379368,2023-09
2023-09-25,12.0690279006958,198800,Volkswagen,VWAGY,90.25415352050801,2023-09
2023-09-26,11.778948783874512,287500,Volkswagen,VWAGY,88.08489470711405,2023-09
2023-09-27,11.352621078491213,975300,Volkswagen,VWAGY,84.89674678929443,2023-09
2023-09-28,11.453709602355955,378600,Volkswagen,VWAGY,85.65270321156137,2023-09
2023-09-29,11.515241622924805,257500,Volkswagen,VWAGY,86.11284966880238,2023-09
2023-10-02,11.348226547241213,324100,Volkswagen,VWAGY,84.8638837698904,2023-10
2023-10-03,11.154840469360352,453200,Volkswagen,VWAGY,83.41771122762776,2023-10
2023-10-04,11.207582473754885,210700,Volkswagen,VWAGY,83.81212451432908,2023-10
2023-10-05,11.093308448791504,260200,Volkswagen,VWAGY,82.95756477038677,2023-10
2023-10-06,11.295485496520996,227000,Volkswagen,VWAGY,84.46947761492072,2023-10
2023-10-09,11.154840469360352,339400,Volkswagen,VWAGY,83.41771122762776,2023-10
2023-10-10,11.41854763031006,621000,Volkswagen,VWAGY,85.38975626593943,2023-10
2023-10-11,11.6383056640625,274800,Volkswagen,VWAGY,87.03314258328436,2023-10
2023-10-12,11.409757614135742,261700,Volkswagen,VWAGY,85.32402309539975,2023-10
2023-10-13,11.146051406860352,359400,Volkswagen,VWAGY,83.35198518881973,2023-10
2023-10-16,11.36580753326416,472400,Volkswagen,VWAGY,84.99535724270139,2023-10
2023-10-17,11.317461013793944,662700,Volkswagen,VWAGY,84.6338141071357,2023-10
2023-10-18,11.2163724899292,184000,Volkswagen,VWAGY,83.87785768486876,2023-10
2023-10-19,10.91750431060791,391300,Volkswagen,VWAGY,81.64287283266675,2023-10
2023-10-20,10.596659660339355,307600,Volkswagen,VWAGY,79.24354435651811,2023-10
2023-10-23,10.601054191589355,285300,Volkswagen,VWAGY,79.27640737592213,2023-10
2023-10-24,10.460410118103027,364700,Volkswagen,VWAGY,78.22464812036081,2023-10
2023-10-25,10.205492973327637,472200,Volkswagen,VWAGY,76.31833625258881,2023-10
2023-10-26,9.928600311279297,505300,Volkswagen,VWAGY,74.24768789260182,2023-10
2023-10-27,9.818721771240234,836900,Volkswagen,VWAGY,73.42599829979518,2023-10
2023-10-30,10.00331687927246,273600,Volkswagen,VWAGY,74.80643053978649,2023-10
2023-10-31,10.108799934387209,427500,Volkswagen,VWAGY,75.59524998145751,2023-10
2023-11-01,10.231863975524902,269000,Volkswagen,VWAGY,76.51554289593948,2023-11
2023-11-02,10.697747230529783,446400,Volkswagen,VWAGY,79.99949364705344,2023-11
2023-11-03,11.022987365722656,214300,Volkswagen,VWAGY,82.43169227433775,2023-11
2023-11-06,10.970244407653809,285100,Volkswagen,VWAGY,82.03727185590479,2023-11
2023-11-07,10.76367473602295,211800,Volkswagen,VWAGY,80.4925102554301,2023-11
2023-11-08,10.838391304016112,184500,Volkswagen,VWAGY,81.05125290261476,2023-11
2023-11-09,10.74169921875,203800,Volkswagen,VWAGY,80.32817376321509,2023-11
2023-11-10,10.776859283447266,160900,Volkswagen,VWAGY,80.59110644537378,2023-11
2023-11-13,10.899922370910645,416600,Volkswagen,VWAGY,81.51139222812412,2023-11
2023-11-14,11.383387565612791,410300,Volkswagen,VWAGY,85.12682358378072,2023-11
2023-11-15,11.691046714782717,218900,Volkswagen,VWAGY,87.42754873825405,2023-11
2023-11-16,11.436129570007324,94400,Volkswagen,VWAGY,85.52123687048204,2023-11
2023-11-17,11.537217140197754,356900,Volkswagen,VWAGY,86.27718616101738,2023-11
2023-11-20,11.550403594970703,141200,Volkswagen,VWAGY,86.37579661442436,2023-11
2023-11-21,11.203186988830566,301300,Volkswagen,VWAGY,83.77925436319342,2023-11
2023-11-22,11.1724214553833,276100,Volkswagen,VWAGY,83.54918470043874,2023-11
2023-11-24,11.383387565612791,174300,Volkswagen,VWAGY,85.12682358378072,2023-11
2023-11-27,11.330646514892578,168200,Volkswagen,VWAGY,84.73241742881106,2023-11
2023-11-28,11.339436531066896,215600,Volkswagen,VWAGY,84.79815059935075,2023-11
2023-11-29,11.444920539855955,265400,Volkswagen,VWAGY,85.58697717275335,2023-11
2023-11-30,11.330646514892578,312200,Volkswagen,VWAGY,84.73241742881106,2023-11
2023-12-01,11.313065528869627,201800,Volkswagen,VWAGY,84.60094395600005,2023-12
2023-12-04,11.277904510498049,631000,Volkswagen,VWAGY,84.33800414210975,2023-12
2023-12-05,11.295485496520996,189100,Volkswagen,VWAGY,84.46947761492072,2023-12
2023-12-06,11.651490211486816,372400,Volkswagen,VWAGY,87.13173877322805,2023-12
2023-12-07,11.708626747131348,202700,Volkswagen,VWAGY,87.55901507933338,2023-12
2023-12-08,11.752578735351562,150100,Volkswagen,VWAGY,87.88769519549503,2023-12
2023-12-11,11.726207733154297,257900,Volkswagen,VWAGY,87.69048855214437,2023-12
2023-12-12,11.774554252624512,451300,Volkswagen,VWAGY,88.05203168771003,2023-12
2023-12-13,11.858061790466309,491000,Volkswagen,VWAGY,88.67651463716602,2023-12
2023-12-14,11.981125831604004,653800,Volkswagen,VWAGY,89.596807551648,2023-12
2023-12-15,11.849271774291992,274800,Volkswagen,VWAGY,88.61078146662635,2023-12
2023-12-18,11.691046714782717,484600,Volkswagen,VWAGY,87.42754873825405,2023-12
2023-12-19,11.84048080444336,482600,Volkswagen,VWAGY,88.54504116435503,2023-12
2023-12-20,11.652369499206545,380700,Volkswagen,VWAGY,87.13831422980152,2023-12
2023-12-21,11.594353675842283,410000,Volkswagen,VWAGY,86.7044624671227,2023-12
2023-12-22,11.524030685424805,317500,Volkswagen,VWAGY,86.17857570761042,2023-12
2023-12-26,11.576773643493652,343900,Volkswagen,VWAGY,86.57299612604338,2023-12
2023-12-27,11.594353675842283,463200,Volkswagen,VWAGY,86.7044624671227,2023-12
2023-12-28,11.286694526672363,626000,Volkswagen,VWAGY,84.40373731264941,2023-12
2023-12-29,11.409757614135742,563500,Volkswagen,VWAGY,85.32402309539975,2023-12
2024-01-02,11.409757614135742,256000,Volkswagen,VWAGY,85.32402309539975,2024-01
2024-01-03,11.022987365722656,404600,Volkswagen,VWAGY,82.43169227433775,2024-01
2024-01-04,11.233953475952148,239400,Volkswagen,VWAGY,84.00933115767974,2024-01
2024-01-05,11.462499618530272,260800,Volkswagen,VWAGY,85.71843638210105,2024-01
2024-01-08,11.720054626464844,268200,Volkswagen,VWAGY,87.64447461959344,2024-01
2024-01-09,11.726207733154297,249900,Volkswagen,VWAGY,87.69048855214437,2024-01
2024-01-10,11.814109802246094,229400,Volkswagen,VWAGY,88.34783452100437,2024-01
2024-01-11,11.858061790466309,462900,Volkswagen,VWAGY,88.67651463716602,2024-01
2024-01-12,11.54161262512207,192900,Volkswagen,VWAGY,86.31005631215304,2024-01
2024-01-16,11.348226547241213,418300,Volkswagen,VWAGY,84.8638837698904,2024-01
2024-01-17,11.084518432617188,446100,Volkswagen,VWAGY,82.8918315998471,2024-01
2024-01-18,11.207582473754885,506400,Volkswagen,VWAGY,83.81212451432908,2024-01
2024-01-19,11.163631439208984,341800,Volkswagen,VWAGY,83.48345152989907,2024-01
2024-01-22,11.207582473754885,327500,Volkswagen,VWAGY,83.81212451432908,2024-01
2024-01-23,12.01628589630127,646600,Volkswagen,VWAGY,89.85974023380669,2024-01
2024-01-24,12.139349937438965,253200,Volkswagen,VWAGY,90.78003314828868,2024-01
2024-01-25,11.89322280883789,283400,Volkswagen,VWAGY,88.93945445105635,2024-01
2024-01-26,12.121768951416016,175300,Volkswagen,VWAGY,90.64855967547769,2024-01
2024-01-29,12.209671974182127,268200,Volkswagen,VWAGY,91.30591277606932,2024-01
2024-01-30,12.183300971984863,376600,Volkswagen,VWAGY,91.10870613271868,2024-01
2024-01-31,12.388993263244627,406600,Volkswagen,VWAGY,92.64690654008318,2024-01
2024-02-01,12.51381492614746,346800,Volkswagen,VWAGY,93.58034323598042,2024-02
2024-02-02,12.464590072631836,254100,Volkswagen,VWAGY,93.21223177557296,2024-02
2024-02-05,12.376687049865724,170700,Volkswagen,VWAGY,92.55487867498134,2024-02
2024-02-06,12.411848068237305,260200,Volkswagen,VWAGY,92.81781848887165,2024-02
2024-02-07,12.425034523010254,207200,Volkswagen,VWAGY,92.91642894227861,2024-02
2024-02-08,12.56128215789795,187400,Volkswagen,VWAGY,93.93531091497265,2024-02
2024-02-09,12.701927185058594,315000,Volkswagen,VWAGY,94.9870773022656,2024-02
2024-02-12,12.89091682434082,227300,Volkswagen,VWAGY,96.40037256166096,2024-02
2024-02-13,12.587653160095217,179900,Volkswagen,VWAGY,94.13251755832331,2024-02
2024-02-14,12.574468612670898,161600,Volkswagen,VWAGY,94.03392136837961,2024-02
2024-02-15,12.824990272521973,213800,Volkswagen,VWAGY,95.90736308501594,2024-02
2024-02-16,12.797740936279297,175500,Volkswagen,VWAGY,95.70358811682347,2024-02
2024-02-20,12.675556182861328,434500,Volkswagen,VWAGY,94.78987065891495,2024-02
2024-02-21,12.9656343460083,349600,Volkswagen,VWAGY,96.95912234057728,2024-02
2024-02-22,13.264503479003906,393900,Volkswagen,VWAGY,99.1941143245109,2024-02
2024-02-23,13.405147552490234,222500,Volkswagen,VWAGY,100.24587358007221,2024-02
2024-02-26,13.396357536315918,162300,Volkswagen,VWAGY,100.18014040953256,2024-02
2024-02-27,13.651274681091309,171000,Volkswagen,VWAGY,102.08645227730455,2024-02
2024-02-28,13.747967720031738,241400,Volkswagen,VWAGY,102.80953854843587,2024-02
2024-02-29,13.791918754577637,243500,Volkswagen,VWAGY,103.13821153286587,2024-02
2024-03-01,13.273293495178224,285600,Volkswagen,VWAGY,99.2598474950506,2024-03
2024-03-04,13.515026092529297,203900,Volkswagen,VWAGY,101.06756317287888,2024-03
2024-03-05,13.16780948638916,213800,Volkswagen,VWAGY,98.47102092164795,2024-03
2024-03-06,13.013980865478516,242400,Volkswagen,VWAGY,97.32066547614293,2024-03
2024-03-07,12.91289234161377,219000,Volkswagen,VWAGY,96.56470905387596,2024-03
2024-03-08,12.842570304870604,180800,Volkswagen,VWAGY,96.03882942609528,2024-03
2024-03-11,12.91289234161377,169700,Volkswagen,VWAGY,96.56470905387596,2024-03
2024-03-12,13.220552444458008,149300,Volkswagen,VWAGY,98.8654413400809,2024-03
2024-03-13,12.763458251953123,441500,Volkswagen,VWAGY,95.44721662777495,2024-03
2024-03-14,12.464590072631836,446100,Volkswagen,VWAGY,93.21223177557296,2024-03
2024-03-15,12.622814178466797,287400,Volkswagen,VWAGY,94.39545737221363,2024-03
2024-03-18,12.943659782409668,193000,Volkswagen,VWAGY,96.79479298009392,2024-03
2024-03-19,13.115069389343262,222100,Volkswagen,VWAGY,98.07662189840991,2024-03
2024-03-20,13.229342460632324,150700,Volkswagen,VWAGY,98.93117451062058,2024-03
2024-03-21,13.053537368774414,180700,Volkswagen,VWAGY,97.61647544116892,2024-03
2024-03-22,13.035956382751465,103500,Volkswagen,VWAGY,97.48500196835793,2024-03
2024-03-25,13.220552444458008,144400,Volkswagen,VWAGY,98.8654413400809,2024-03
2024-03-26,13.311970710754396,200200,Volkswagen,VWAGY,99.54908200350312,2024-03
2024-03-27,13.36119556427002,124600,Volkswagen,VWAGY,99.91719346391058,2024-03
2024-03-28,13.405147552490234,108100,Volkswagen,VWAGY,100.24587358007221,2024-03
2024-04-01,13.36119556427002,155400,Volkswagen,VWAGY,99.91719346391058,2024-04
2024-04-02,13.563372611999512,153200,Volkswagen,VWAGY,101.42910630844455,2024-04
2024-04-03,13.976513862609863,219200,Volkswagen,VWAGY,104.5186437728572,2024-04
2024-04-04,14.17868995666504,263300,Volkswagen,VWAGY,106.03054948565953,2024-04
2024-04-05,14.090787887573242,144900,Volkswagen,VWAGY,105.3732035167995,2024-04
2024-04-08,14.10836696624756,114900,Volkswagen,VWAGY,105.50466272614723,2024-04
2024-04-09,14.046835899353027,393300,Volkswagen,VWAGY,105.04452340063786,2024-04
2024-04-10,13.81829071044922,116400,Volkswagen,VWAGY,103.33542530794819,2024-04
2024-04-11,13.816532135009766,123000,Volkswagen,VWAGY,103.32227439480125,2024-04
2024-04-12,13.519421577453612,123200,Volkswagen,VWAGY,101.10043332401453,2024-04
2024-04-15,13.440308570861816,121700,Volkswagen,VWAGY,100.50881339396255,2024-04
2024-04-16,13.185391426086426,127300,Volkswagen,VWAGY,98.60250152619057,2024-04
2024-04-17,13.185391426086426,122100,Volkswagen,VWAGY,98.60250152619057,2024-04
2024-04-18,13.211761474609377,432100,Volkswagen,VWAGY,98.79970103780961,2024-04
2024-04-19,13.16780948638916,146000,Volkswagen,VWAGY,98.47102092164795,2024-04
2024-04-22,13.106278419494627,372000,Volkswagen,VWAGY,98.01088159613857,2024-04
2024-04-23,13.19418239593506,135900,Volkswagen,VWAGY,98.6682418284619,2024-04
2024-04-24,13.044747352600098,256600,Volkswagen,VWAGY,97.55074227062924,2024-04
2024-04-25,12.899707794189451,256800,Volkswagen,VWAGY,96.46611286393225,2024-04
2024-04-26,13.062326431274414,90200,Volkswagen,VWAGY,97.68220147997695,2024-04
2024-04-29,13.150230407714844,106700,Volkswagen,VWAGY,98.33956171230024,2024-04
2024-04-30,12.499751091003418,469000,Volkswagen,VWAGY,93.47517158946329,2024-04
2024-05-01,12.482170104980469,130600,Volkswagen,VWAGY,93.3436981166523,2024-05
2024-05-02,12.447009086608888,392300,Volkswagen,VWAGY,93.08075830276199,2024-05
2024-05-03,12.552492141723633,278300,Volkswagen,VWAGY,93.86957774443297,2024-05
2024-05-06,12.745878219604492,130500,Volkswagen,VWAGY,95.31575028669562,2024-05
2024-05-07,12.772249221801758,144400,Volkswagen,VWAGY,95.51295693004627,2024-05
2024-05-08,12.631604194641112,120400,Volkswagen,VWAGY,94.46119054275329,2024-05
2024-05-09,12.789830207824709,122100,Volkswagen,VWAGY,95.64443040285727,2024-05
2024-05-10,12.719507217407228,139700,Volkswagen,VWAGY,95.11854364334496,2024-05
2024-05-13,13.071117401123049,174600,Volkswagen,VWAGY,97.74794178224828,2024-05
2024-05-14,13.523816108703612,253100,Volkswagen,VWAGY,101.13329634341855,2024-05
2024-05-15,13.459647178649902,151800,Volkswagen,VWAGY,100.65343064818883,2024-05
2024-05-16,13.260108947753906,153900,Volkswagen,VWAGY,99.16125130510689,2024-05
2024-05-17,13.372623443603516,97200,Volkswagen,VWAGY,100.00265300417064,2024-05
2024-05-20,13.141439437866213,178000,Volkswagen,VWAGY,98.27382141002894,2024-05
2024-05-21,13.185391426086426,82000,Volkswagen,VWAGY,98.60250152619057,2024-05
2024-05-22,13.044747352600098,231600,Volkswagen,VWAGY,97.55074227062924,2024-05
2024-05-23,12.974424362182615,113500,Volkswagen,VWAGY,97.02485551111693,2024-05
2024-05-24,13.255712509155272,164100,Volkswagen,VWAGY,99.12837402223957,2024-05
2024-05-28,13.440308570861816,163400,Volkswagen,VWAGY,100.50881339396255,2024-05
2024-05-29,13.220552444458008,116500,Volkswagen,VWAGY,98.8654413400809,2024-05
2024-05-30,13.097488403320312,178100,Volkswagen,VWAGY,97.94514842559893,2024-05
2024-05-31,13.373798370361328,208900,Volkswagen,VWAGY,100.01143929755297,2024-05
2024-06-03,13.298611640930176,157200,Volkswagen,VWAGY,99.44918070666903,2024-06
2024-06-04,13.138840675354004,267000,Volkswagen,VWAGY,98.25438744130585,2024-06
2024-06-05,13.0448579788208,444100,Volkswagen,VWAGY,97.55156955149967,2024-06
2024-06-06,12.79110336303711,237700,Volkswagen,VWAGY,95.65395126459866,2024-06
2024-06-07,12.574942588806152,189300,Volkswagen,VWAGY,94.03746583900543,2024-06
2024-06-10,12.408592224121094,273600,Volkswagen,VWAGY,92.79347075704759,2024-06
2024-06-11,12.142620086669922,273600,Volkswagen,VWAGY,90.80448785608736,2024-06
2024-06-12,12.114425659179688,243900,Volkswagen,VWAGY,90.59364534183815,2024-06
2024-06-13,11.582480430603027,520500,Volkswagen,VWAGY,86.61567240818609,2024-06
2024-06-14,11.287373542785645,562500,Volkswagen,VWAGY,84.40881510557816,2024-06
2024-06-17,11.418949127197266,701300,Volkswagen,VWAGY,85.39275872496049,2024-06
2024-06-18,11.400153160095217,434300,Volkswagen,VWAGY,85.25219942603826,2024-06
2024-06-20,11.37195873260498,336400,Volkswagen,VWAGY,85.04135691178904,2024-06
2024-06-21,11.268576622009276,263700,Volkswagen,VWAGY,84.26824867492425,2024-06
2024-06-24,11.409551620483398,405400,Volkswagen,VWAGY,85.32248264136518,2024-06
2024-06-25,11.465941429138184,213000,Volkswagen,VWAGY,85.74417480159524,2024-06
2024-06-26,11.296772003173828,451800,Volkswagen,VWAGY,84.4790983209051,2024-06
2024-06-27,11.249780654907228,335500,Volkswagen,VWAGY,84.12768937600202,2024-06
2024-06-28,11.202788352966309,295800,Volkswagen,VWAGY,83.77627329936728,2024-06
2024-07-01,11.292073249816896,362100,Volkswagen,VWAGY,84.44396027910747,2024-07
2024-07-02,11.202788352966309,332500,Volkswagen,VWAGY,83.77627329936728,2024-07
2024-07-03,11.409551620483398,164200,Volkswagen,VWAGY,85.32248264136518,2024-07
2024-07-05,11.390754699707031,423700,Volkswagen,VWAGY,85.1819162107113,2024-07
2024-07-08,11.381356239318848,338200,Volkswagen,VWAGY,85.11163299538434,2024-07
2024-07-09,11.23098373413086,460300,Volkswagen,VWAGY,83.98712294534812,2024-07
2024-07-10,11.550525665283203,370200,Volkswagen,VWAGY,86.37670947607447,2024-07
2024-07-11,11.569323539733888,328700,Volkswagen,VWAGY,86.51728303846001,2024-07
2024-07-12,11.794882774353027,345700,Volkswagen,VWAGY,88.20405167938017,2024-07
2024-07-15,11.672704696655272,298800,Volkswagen,VWAGY,87.29038414359313,2024-07
2024-07-16,11.569323539733888,339400,Volkswagen,VWAGY,86.51728303846001,2024-07
2024-07-17,11.569323539733888,206400,Volkswagen,VWAGY,86.51728303846001,2024-07
2024-07-18,11.550525665283203,225800,Volkswagen,VWAGY,86.37670947607447,2024-07
2024-07-19,11.306169509887695,216200,Volkswagen,VWAGY,84.54937440450041,2024-07
2024-07-22,11.47346019744873,206500,Volkswagen,VWAGY,85.80040137385679,2024-07
2024-07-23,11.240382194519045,317900,Volkswagen,VWAGY,84.05740616067507,2024-07
2024-07-24,11.108804702758787,321200,Volkswagen,VWAGY,83.07344827782943,2024-07
2024-07-25,11.16989517211914,382500,Volkswagen,VWAGY,83.53029274332042,2024-07
2024-07-26,11.221585273742676,334100,Volkswagen,VWAGY,83.91683973002117,2024-07
2024-07-29,11.108804702758787,258900,Volkswagen,VWAGY,83.07344827782943,2024-07
2024-07-30,11.137001037597656,211500,Volkswagen,VWAGY,83.28430505554194,2024-07
2024-07-31,11.099407196044922,299900,Volkswagen,VWAGY,83.00317219423414,2024-07
2024-08-01,10.648287773132324,538100,Volkswagen,VWAGY,79.62962778066218,2024-08
2024-08-02,10.601296424865724,499100,Volkswagen,VWAGY,79.27821883575909,2024-08
2024-08-05,10.371977806091309,457000,Volkswagen,VWAGY,77.56333690870812,2024-08
2024-08-06,10.309948921203612,539000,Volkswagen,VWAGY,77.09947481928191,2024-08
2024-08-07,10.385135650634766,451200,Volkswagen,VWAGY,77.66173341016585,2024-08
2024-08-08,10.450923919677734,387700,Volkswagen,VWAGY,78.15370878572284,2024-08
2024-08-09,10.356941223144531,420700,Volkswagen,VWAGY,77.45089089591666,2024-08
2024-08-12,10.257317543029783,373100,Volkswagen,VWAGY,76.70588881345101,2024-08
2024-08-13,10.253559112548828,345200,Volkswagen,VWAGY,76.67778265905187,2024-08
2024-08-14,10.159576416015623,266800,Volkswagen,VWAGY,75.97496476924567,2024-08
2024-08-15,10.356941223144531,383100,Volkswagen,VWAGY,77.45089089591666,2024-08
2024-08-16,10.479118347167969,231600,Volkswagen,VWAGY,78.36455129997204,2024-08
2024-08-19,10.761067390441896,381500,Volkswagen,VWAGY,80.47301210112226,2024-08
2024-08-20,10.73287296295166,158000,Volkswagen,VWAGY,80.26216958687304,2024-08
2024-08-21,11.014822959899902,159700,Volkswagen,VWAGY,82.3706375197549,2024-08
2024-08-22,10.798661231994627,235900,Volkswagen,VWAGY,80.75414496243002,2024-08
2024-08-23,11.090008735656738,317300,Volkswagen,VWAGY,82.93288897890719,2024-08
2024-08-26,11.010123252868652,229200,Volkswagen,VWAGY,82.3354923462256,2024-08
2024-08-27,10.949033737182615,444400,Volkswagen,VWAGY,81.87865501246625,2024-08
2024-08-28,10.73287296295166,209200,Volkswagen,VWAGY,80.26216958687304,2024-08
2024-08-29,10.667084693908691,228700,Volkswagen,VWAGY,79.77019421131605,2024-08
2024-08-30,10.573101997375488,467600,Volkswagen,VWAGY,79.06737632150987,2024-08
2024-09-03,10.535508155822754,339100,Volkswagen,VWAGY,78.78624346020209,2024-09
2024-09-04,10.432126998901367,481900,Volkswagen,VWAGY,78.01314235506895,2024-09
2024-09-05,10.52610969543457,245400,Volkswagen,VWAGY,78.71596024487513,2024-09
2024-09-06,9.98100757598877,652200,Volkswagen,VWAGY,74.63959794149699,2024-09
2024-09-09,10.00920295715332,469800,Volkswagen,VWAGY,74.85044758747782,2024-09
2024-09-10,9.689661026000977,897000,Volkswagen,VWAGY,72.46086105675147,2024-09
2024-09-11,9.821236610412598,430700,Volkswagen,VWAGY,73.4448046761338,2024-09
2024-09-12,9.96221160888672,712800,Volkswagen,VWAGY,74.49903864257475,2024-09
2024-09-13,10.234763145446776,488000,Volkswagen,VWAGY,76.53722336012962,2024-09
2024-09-16,10.178372383117676,307500,Volkswagen,VWAGY,76.11552406816794,2024-09
2024-09-17,10.215965270996094,234100,Volkswagen,VWAGY,76.39664979774409,2024-09
2024-09-18,10.272356033325195,167600,Volkswagen,VWAGY,76.81834908970578,2024-09
2024-09-19,10.272356033325195,395500,Volkswagen,VWAGY,76.81834908970578,2024-09
2024-09-20,10.046795845031738,323700,Volkswagen,VWAGY,75.13157331705396,2024-09
2024-09-23,10.20656681060791,247100,Volkswagen,VWAGY,76.32636658241715,2024-09
2024-09-24,10.450923919677734,330300,Volkswagen,VWAGY,78.15370878572284,2024-09
2024-09-25,10.291152000427246,241500,Volkswagen,VWAGY,76.95890838862802,2024-09
2024-09-26,10.63888931274414,294600,Volkswagen,VWAGY,79.55934456533522,2024-09
2024-09-27,10.751668930053713,276500,Volkswagen,VWAGY,80.40272888579531,2024-09
2024-09-30,10.422728538513184,633600,Volkswagen,VWAGY,77.942859139742,2024-09
2024-10-01,10.178372383117676,230500,Volkswagen,VWAGY,76.11552406816794,2024-10
2024-10-02,10.074991226196287,216100,Volkswagen,VWAGY,75.34242296303479,2024-10
2024-10-03,9.915220260620115,168900,Volkswagen,VWAGY,74.14762969767162,2024-10
2024-10-04,10.131381034851074,275900,Volkswagen,VWAGY,75.76411512326486,2024-10
2024-10-07,10.074991226196287,395100,Volkswagen,VWAGY,75.34242296303479,2024-10
2024-10-08,10.00920295715332,254700,Volkswagen,VWAGY,74.85044758747782,2024-10
2024-10-09,10.037398338317873,152200,Volkswagen,VWAGY,75.06129723345867,2024-10
2024-10-10,9.990406036376951,429300,Volkswagen,VWAGY,74.70988115682391,2024-10
2024-10-11,9.905821800231934,305400,Volkswagen,VWAGY,74.07734648234468,2024-10
2024-10-14,9.821236610412598,362200,Volkswagen,VWAGY,73.4448046761338,2024-10
2024-10-15,9.746049880981444,268700,Volkswagen,VWAGY,72.88254608524986,2024-10
2024-10-16,9.652067184448242,632000,Volkswagen,VWAGY,72.17972819544369,2024-10
2024-10-17,9.567482948303224,428000,Volkswagen,VWAGY,71.54719352096444,2024-10
2024-10-18,9.727253913879396,363100,Volkswagen,VWAGY,72.74198678632763,2024-10
2024-10-21,9.586278915405272,382800,Volkswagen,VWAGY,71.68775281988667,2024-10
2024-10-22,9.689661026000977,341100,Volkswagen,VWAGY,72.46086105675147,2024-10
2024-10-23,9.60507583618164,363800,Volkswagen,VWAGY,71.82831925054059,2024-10
2024-10-24,9.854130744934082,277100,Volkswagen,VWAGY,73.6907923639123,2024-10
2024-10-25,9.793042182922363,260100,Volkswagen,VWAGY,73.2339621618846,2024-10
2024-10-28,9.689661026000977,402500,Volkswagen,VWAGY,72.46086105675147,2024-10
2024-10-29,9.294931411743164,986400,Volkswagen,VWAGY,69.50900880340953,2024-10
2024-10-30,9.539286613464355,398600,Volkswagen,VWAGY,71.33633674325196,2024-10
2024-10-31,9.304328918457031,361700,Volkswagen,VWAGY,69.57928488700485,2024-10
2024-11-01,9.219744682312012,252900,Volkswagen,VWAGY,68.9467502125256,2024-11
2024-11-04,9.266736030578612,259500,Volkswagen,VWAGY,69.29815915742869,2024-11
2024-11-05,9.257338523864746,276800,Volkswagen,VWAGY,69.2278830738334,2024-11
2024-11-06,8.73667049407959,664400,Volkswagen,VWAGY,65.334242866842,2024-11
2024-11-07,9.07876968383789,579800,Volkswagen,VWAGY,67.89251624608468,2024-11
2024-11-08,8.76298713684082,446400,Volkswagen,VWAGY,65.53104300148911,2024-11
2024-11-11,8.75922679901123,359400,Volkswagen,VWAGY,65.50292258362668,2024-11
2024-11-12,8.608854293823242,467600,Volkswagen,VWAGY,64.37841253359046,2024-11
2024-11-13,8.402091026306152,728100,Volkswagen,VWAGY,62.83220319159254,2024-11
2024-11-14,8.486676216125488,555000,Volkswagen,VWAGY,63.46474499780342,2024-11
2024-11-15,8.580659866333008,372100,Volkswagen,VWAGY,64.16757001934126,2024-11
2024-11-18,8.571261405944824,746300,Volkswagen,VWAGY,64.0972868040143,2024-11
2024-11-19,8.477278709411621,657700,Volkswagen,VWAGY,63.394468914208126,2024-11
2024-11-20,8.345701217651367,585400,Volkswagen,VWAGY,62.4105110313625,2024-11
2024-11-21,8.21412467956543,566100,Volkswagen,VWAGY,61.42656028024852,2024-11
2024-11-22,8.251718521118164,695300,Volkswagen,VWAGY,61.70769314155632,2024-11
2024-11-25,8.336302757263184,608100,Volkswagen,VWAGY,62.34022781603555,2024-11
2024-11-26,8.10134506225586,669900,Volkswagen,VWAGY,60.58317595978845,2024-11
2024-11-27,8.148337364196777,526000,Volkswagen,VWAGY,60.93459203642318,2024-11
2024-11-29,8.227282524108887,189600,Volkswagen,VWAGY,61.52495678170625,2024-11
2024-12-02,8.12954044342041,639700,Volkswagen,VWAGY,60.794025605769285,2024-12
2024-12-03,8.176531791687012,766600,Volkswagen,VWAGY,61.145434550672384,2024-12
2024-12-04,8.333483695983887,813200,Volkswagen,VWAGY,62.319146417303294,2024-12
2024-12-05,8.383295059204102,561700,Volkswagen,VWAGY,62.69164389267029,2024-12
2024-12-06,8.486676216125488,488800,Volkswagen,VWAGY,63.46474499780342,2024-12
2024-12-09,8.580659866333008,707600,Volkswagen,VWAGY,64.16757001934126,2024-12
2024-12-10,8.693439483642578,531700,Volkswagen,VWAGY,65.01095433980134,2024-12
2024-12-11,8.74513053894043,449100,Volkswagen,VWAGY,65.39750845823372,2024-12
2024-12-12,8.768625259399414,296000,Volkswagen,VWAGY,65.57320579895364,2024-12
2024-12-13,8.843811988830566,551700,Volkswagen,VWAGY,66.13546438983758,2024-12
2024-12-16,8.721633911132812,622200,Volkswagen,VWAGY,65.22179685405054,2024-12
2024-12-17,8.75922679901123,469800,Volkswagen,VWAGY,65.50292258362668,2024-12
2024-12-18,8.665244102478027,466000,Volkswagen,VWAGY,64.80010469382049,2024-12
2024-12-19,8.599455833435059,489000,Volkswagen,VWAGY,64.30812931826351,2024-12
2024-12-20,8.843811988830566,465200,Volkswagen,VWAGY,66.13546438983758,2024-12
2024-12-23,8.731032371520996,415900,Volkswagen,VWAGY,65.29208006937749,2024-12
2024-12-24,8.749829292297363,171700,Volkswagen,VWAGY,65.43264650003138,2024-12
2024-12-26,8.731032371520996,436200,Volkswagen,VWAGY,65.29208006937749,2024-12
2024-12-27,8.862608909606934,427300,Volkswagen,VWAGY,66.27603082049146,2024-12
2024-12-30,8.796820640563965,759600,Volkswagen,VWAGY,65.78405544493448,2024-12
2018-01-02,2.8452908992767334,322800,BYD,BYDDY,100.0,2018-01
2018-01-03,2.9396536350250244,138600,BYD,BYDDY,103.3164530126701,2018-01
2018-01-04,2.9028682708740234,179400,BYD,BYDDY,102.02360228305393,2018-01
2018-01-05,2.8724799156188965,202200,BYD,BYDDY,100.95557949273568,2018-01
2018-01-08,2.8708813190460205,404400,BYD,BYDDY,100.89939555128764,2018-01
2018-01-09,2.8676819801330566,219600,BYD,BYDDY,100.78695225370507,2018-01
2018-01-10,2.8101041316986084,658800,BYD,BYDDY,98.76333321183189,2018-01
2018-01-11,2.8213002681732178,141000,BYD,BYDDY,99.15683028720845,2018-01
2018-01-12,2.918862581253052,559200,BYD,BYDDY,102.58573497687075,2018-01
2018-01-16,2.824498176574707,364200,BYD,BYDDY,99.26922330833337,2018-01
2018-01-17,2.9124643802642822,698400,BYD,BYDDY,102.36086514052481,2018-01
2018-01-18,2.8612847328186035,205800,BYD,BYDDY,100.56211593499758,2018-01
2018-01-19,2.8836758136749268,193200,BYD,BYDDY,101.34906818870262,2018-01
2018-01-22,3.088395833969116,941400,BYD,BYDDY,108.5441152872692,2018-01
2018-01-23,3.145972967147827,392400,BYD,BYDDY,110.56770919091355,2018-01
2018-01-24,3.101191520690918,855600,BYD,BYDDY,108.99382982173225,2018-01
2018-01-25,3.054808616638184,669600,BYD,BYDDY,107.36366595818761,2018-01
2018-01-26,3.0772006511688232,302400,BYD,BYDDY,108.15065172953109,2018-01
2018-01-29,2.9908342361450195,594600,BYD,BYDDY,105.11523573583577,2018-01
2018-01-30,2.973240375518799,770400,BYD,BYDDY,104.49688558293249,2018-01
2018-01-31,3.019623041152954,366000,BYD,BYDDY,106.12704106706754,2018-01
2018-02-01,2.9428529739379883,195000,BYD,BYDDY,103.42889631025267,2018-02
2018-02-02,2.891672372817993,390000,BYD,BYDDY,101.630113587087,2018-02
2018-02-05,2.811704158782959,643200,BYD,BYDDY,98.8195674297376,2018-02
2018-02-06,2.856486558914185,1078800,BYD,BYDDY,100.39348031655734,2018-02
2018-02-07,2.787713050842285,427200,BYD,BYDDY,97.97638095812682,2018-02
2018-02-08,2.70134711265564,250800,BYD,BYDDY,94.94098172325074,2018-02
2018-02-09,2.686952352523804,715800,BYD,BYDDY,94.43506648852043,2018-02
2018-02-12,2.843690872192383,935400,BYD,BYDDY,99.94376578209429,2018-02
2018-02-13,2.824498176574707,626400,BYD,BYDDY,99.26922330833337,2018-02
2018-02-14,2.9476511478424072,621600,BYD,BYDDY,103.5975319286929,2018-02
2018-02-15,2.987634897232056,315000,BYD,BYDDY,105.0027924382532,2018-02
2018-02-16,3.010026693344116,179400,BYD,BYDDY,105.78976983018707,2018-02
2018-02-20,2.9652438163757324,250800,BYD,BYDDY,104.21584018454813,2018-02
2018-02-21,3.008427143096924,739800,BYD,BYDDY,105.73355237110059,2018-02
2018-02-22,2.994032382965088,471600,BYD,BYDDY,105.22763713637029,2018-02
2018-02-23,2.9972310066223145,130800,BYD,BYDDY,105.34005529572403,2018-02
2018-02-26,3.046812057495117,475200,BYD,BYDDY,107.08262055980322,2018-02
2018-02-27,2.9556474685668945,415800,BYD,BYDDY,103.87856894766765,2018-02
2018-02-28,2.8884739875793457,544200,BYD,BYDDY,101.51770380714287,2018-02
2018-03-01,2.856486558914185,537000,BYD,BYDDY,100.39348031655734,2018-03
2018-03-02,2.850088834762573,388800,BYD,BYDDY,100.1686272390306,2018-03
2018-03-05,2.954047679901123,168000,BYD,BYDDY,103.82234310917156,2018-03
2018-03-06,3.0580081939697266,300600,BYD,BYDDY,107.47611763517978,2018-03
2018-03-07,3.035616159439087,522600,BYD,BYDDY,106.68913186383627,2018-03
2018-03-08,3.0276193618774414,138600,BYD,BYDDY,106.4080780860423,2018-03
2018-03-09,3.046812057495117,384000,BYD,BYDDY,107.08262055980322,2018-03
2018-03-12,3.086796760559082,183000,BYD,BYDDY,108.48791458700195,2018-03
2018-03-13,3.046812057495117,246600,BYD,BYDDY,107.08262055980322,2018-03
2018-03-14,3.070802688598633,88800,BYD,BYDDY,107.92579027259477,2018-03
2018-03-15,3.051610231399536,115200,BYD,BYDDY,107.25125617824345,2018-03
2018-03-16,3.026020050048828,177600,BYD,BYDDY,106.35186900636542,2018-03
2018-03-19,2.9812378883361816,202200,BYD,BYDDY,104.77796449895528,2018-03
2018-03-20,2.97963809967041,99600,BYD,BYDDY,104.7217386604592,2018-03
2018-03-21,3.010026693344116,183000,BYD,BYDDY,105.78976983018707,2018-03
2018-03-22,2.90606689453125,313800,BYD,BYDDY,102.13602044240768,2018-03
2018-03-23,2.789313077926636,265200,BYD,BYDDY,98.03261517603255,2018-03
2018-03-26,2.8772778511047363,166200,BYD,BYDDY,101.1242067317663,2018-03
2018-03-27,2.758924722671509,436200,BYD,BYDDY,96.96459238571428,2018-03
2018-03-28,2.547806978225708,1394400,BYD,BYDDY,89.54469220962099,2018-03
2018-03-29,2.557402849197388,1044600,BYD,BYDDY,89.88194668768224,2018-03
2018-04-02,2.464638948440552,499800,BYD,BYDDY,86.6216859958698,2018-04
2018-04-03,2.466238498687744,214200,BYD,BYDDY,86.67790345495628,2018-04
2018-04-04,2.440648078918457,1078800,BYD,BYDDY,85.77850790366864,2018-04
2018-04-05,2.512620449066162,792000,BYD,BYDDY,88.30803380086249,2018-04
2018-04-06,2.4726364612579346,256200,BYD,BYDDY,86.9027649118926,2018-04
2018-04-09,2.582993268966675,497400,BYD,BYDDY,90.78134223896987,2018-04
2018-04-10,2.5653998851776123,355800,BYD,BYDDY,90.16300884488582,2018-04
2018-04-11,2.543008804321289,220800,BYD,BYDDY,89.37605659118076,2018-04
2018-04-12,2.570197582244873,205800,BYD,BYDDY,90.33162770450683,2018-04
2018-04-13,2.53181266784668,170400,BYD,BYDDY,88.98255951580421,2018-04
2018-04-16,2.527014970779419,123000,BYD,BYDDY,88.81394065618319,2018-04
2018-04-17,2.5238163471221924,162600,BYD,BYDDY,88.70152249682944,2018-04
2018-04-18,2.415058851242065,295200,BYD,BYDDY,84.87915424942904,2018-04
2018-04-19,2.4342517852783203,127800,BYD,BYDDY,85.5537051025996,2018-04
2018-04-20,2.376673936843872,216600,BYD,BYDDY,83.53008606072642,2018-04
2018-04-23,2.3654778003692627,481200,BYD,BYDDY,83.13658898534986,2018-04
2018-04-24,2.399064779281616,496800,BYD,BYDDY,84.31702993502186,2018-04
2018-04-25,2.376673936843872,226200,BYD,BYDDY,83.53008606072642,2018-04
2018-04-26,2.397465229034424,155400,BYD,BYDDY,84.26081247593538,2018-04
2018-04-27,2.37507438659668,99000,BYD,BYDDY,83.47386860163995,2018-04
2018-04-30,2.239126920700073,495000,BYD,BYDDY,78.6958873438654,2018-04
2018-05-01,2.2151360511779785,219600,BYD,BYDDY,77.85270925166425,2018-05
2018-05-02,2.179950714111328,685200,BYD,BYDDY,76.61609273995383,2018-05
2018-05-03,2.127171039581299,661800,BYD,BYDDY,74.76110931652089,2018-05
2018-05-04,2.0743916034698486,366000,BYD,BYDDY,72.90613427249755,2018-05
2018-05-07,2.079189777374268,782400,BYD,BYDDY,73.0747698909378,2018-05
2018-05-08,2.1303694248199463,354600,BYD,BYDDY,74.87351909646503,2018-05
2018-05-09,2.128770112991333,322800,BYD,BYDDY,74.81731001678816,2018-05
2018-05-10,2.1383659839630127,170400,BYD,BYDDY,75.15456449484938,2018-05
2018-05-11,2.194345235824585,494400,BYD,BYDDY,77.12199959527452,2018-05
2018-05-14,2.2151360511779785,621600,BYD,BYDDY,77.85270925166425,2018-05
2018-05-15,2.1879467964172363,401400,BYD,BYDDY,76.89712137951896,2018-05
2018-05-16,2.2151360511779785,416400,BYD,BYDDY,77.85270925166425,2018-05
2018-05-17,2.149562120437622,430800,BYD,BYDDY,75.54806157022594,2018-05
2018-05-18,2.1463634967803955,105600,BYD,BYDDY,75.4356434108722,2018-05
2018-05-21,2.179950714111328,170400,BYD,BYDDY,76.61609273995383,2018-05
2018-05-22,2.159158229827881,481200,BYD,BYDDY,75.8853244276968,2018-05
2018-05-23,2.1975433826446533,351000,BYD,BYDDY,77.23440099580904,2018-05
2018-05-24,2.128770112991333,469200,BYD,BYDDY,74.81731001678816,2018-05
2018-05-25,2.123971939086914,67800,BYD,BYDDY,74.64867439834791,2018-05
2018-05-29,2.047201633453369,333600,BYD,BYDDY,71.95052126212343,2018-05
2018-05-30,2.034406900405884,348600,BYD,BYDDY,71.50084024529883,2018-05
2018-05-31,2.0679941177368164,316800,BYD,BYDDY,72.68128957438046,2018-05
2018-06-01,2.061595916748047,210600,BYD,BYDDY,72.45641973803451,2018-06
2018-06-04,2.101580858230591,339000,BYD,BYDDY,73.86172214464285,2018-06
2018-06-05,2.1319692134857178,262200,BYD,BYDDY,74.92974493496112,2018-06
2018-06-06,2.207139492034912,323400,BYD,BYDDY,77.57166385327989,2018-06
2018-06-07,2.2279317378997803,647400,BYD,BYDDY,78.30242378612729,2018-06
2018-06-08,2.2135376930236816,139200,BYD,BYDDY,77.79653368962583,2018-06
2018-06-11,2.199143171310425,129600,BYD,BYDDY,77.29062683430513,2018-06
2018-06-12,2.167155265808105,141600,BYD,BYDDY,76.16638658490037,2018-06
2018-06-13,2.119173765182495,162600,BYD,BYDDY,74.48003877990769,2018-06
2018-06-14,2.1303694248199463,243600,BYD,BYDDY,74.87351909646503,2018-06
2018-06-15,2.0903854370117188,241800,BYD,BYDDY,73.46825020749513,2018-06
2018-06-18,2.079189777374268,364800,BYD,BYDDY,73.0747698909378,2018-06
2018-06-19,2.036006212234497,234600,BYD,BYDDY,71.55704932497571,2018-06
2018-06-20,1.9752295017242432,648600,BYD,BYDDY,69.42100374433919,2018-06
2018-06-21,1.9615861177444456,464400,BYD,BYDDY,68.94149621900088,2018-06
2018-06-22,1.9952956438064573,159600,BYD,BYDDY,70.12624418521344,2018-06
2018-06-25,1.9166394472122192,466800,BYD,BYDDY,67.36180991895854,2018-06
2018-06-26,1.9166394472122192,161400,BYD,BYDDY,67.36180991895854,2018-06
2018-06-27,1.873298406600952,630000,BYD,BYDDY,65.83855475294776,2018-06
2018-06-28,1.881324291229248,449400,BYD,BYDDY,66.1206308187144,2018-06
2018-06-29,1.9952956438064573,475800,BYD,BYDDY,70.12624418521344,2018-06
2018-07-02,1.9567703008651731,659400,BYD,BYDDY,68.77224052424937,2018-07
2018-07-03,1.9375075101852417,1417200,BYD,BYDDY,68.09523450406255,2018-07
2018-07-05,1.979243278503418,657600,BYD,BYDDY,69.56207110515614,2018-07
2018-07-06,1.9680060148239136,228000,BYD,BYDDY,69.16712858162153,2018-07
2018-07-09,1.9551646709442136,285600,BYD,BYDDY,68.71580939021779,2018-07
2018-07-10,1.9503490924835205,218400,BYD,BYDDY,68.5465620748759,2018-07
2018-07-11,1.935901999473572,197400,BYD,BYDDY,68.03880755973577,2018-07
2018-07-12,1.9631905555725095,204600,BYD,BYDDY,68.99788545598442,2018-07
2018-07-13,1.96479606628418,117000,BYD,BYDDY,69.05431240031122,2018-07
2018-07-16,1.860456705093384,977400,BYD,BYDDY,65.38722299242963,2018-07
2018-07-17,1.8139044046401975,1926600,BYD,BYDDY,63.75110555835567,2018-07
2018-07-18,1.8058788776397705,718200,BYD,BYDDY,63.46904206170346,2018-07
2018-07-19,1.785010576248169,390600,BYD,BYDDY,62.73560909718984,2018-07
2018-07-20,1.8010631799697876,213000,BYD,BYDDY,63.29979055665675,2018-07
2018-07-23,1.7737747430801392,352800,BYD,BYDDY,62.340716850112884,2018-07
2018-07-24,1.829957127571106,1220400,BYD,BYDDY,64.3152912075274,2018-07
2018-07-25,1.8524301052093504,349800,BYD,BYDDY,65.10512178843413,2018-07
2018-07-26,1.826746940612793,373200,BYD,BYDDY,64.20246664680747,2018-07
2018-07-27,1.8347729444503784,268200,BYD,BYDDY,64.48454690227891,2018-07
2018-07-30,1.7866160869598389,745800,BYD,BYDDY,62.79203604151662,2018-07
2018-07-31,1.8283514976501465,259200,BYD,BYDDY,64.25886007349581,2018-07
2018-08-01,1.8219313621521,413400,BYD,BYDDY,64.03321933146557,2018-08
2018-08-02,1.780194878578186,681000,BYD,BYDDY,62.56635759214313,2018-08
2018-08-03,1.7143808603286743,742800,BYD,BYDDY,60.2532718452256,2018-08
2018-08-06,1.6646184921264648,560400,BYD,BYDDY,58.50433404013653,2018-08
2018-08-07,1.7159863710403442,508200,BYD,BYDDY,60.30969878955238,2018-08
2018-08-08,1.7063552141189575,429600,BYD,BYDDY,59.971204158868574,2018-08
2018-08-09,1.778590202331543,663600,BYD,BYDDY,62.509959975749986,2018-08
2018-08-10,1.826746940612793,241200,BYD,BYDDY,64.20246664680747,2018-08
2018-08-13,1.826746940612793,304800,BYD,BYDDY,64.20246664680747,2018-08
2018-08-14,1.8251415491104128,327000,BYD,BYDDY,64.1460438921855,2018-08
2018-08-15,1.7111707925796509,591600,BYD,BYDDY,60.14045147421048,2018-08
2018-08-16,1.7480906248092651,309600,BYD,BYDDY,61.43802819084776,2018-08
2018-08-17,1.7962476015090942,985800,BYD,BYDDY,63.130543241314854,2018-08
2018-08-20,1.8957709074020384,507600,BYD,BYDDY,66.6283685750353,2018-08
2018-08-21,1.985664129257202,1230000,BYD,BYDDY,69.78773698541522,2018-08
2018-08-22,2.0225839614868164,264600,BYD,BYDDY,71.0853137020525,2018-08
2018-08-23,1.940717816352844,96000,BYD,BYDDY,68.20806325448727,2018-08
2018-08-24,1.9487433433532717,127800,BYD,BYDDY,68.4901267511395,2018-08
2018-08-27,2.0322153568267822,424200,BYD,BYDDY,71.42381671214592,2018-08
2018-08-28,2.0354256629943848,187800,BYD,BYDDY,71.53664546257065,2018-08
2018-08-29,1.9615861177444456,437400,BYD,BYDDY,68.94149621900088,2018-08
2018-08-30,1.9326918125152588,414600,BYD,BYDDY,67.92598299901584,2018-08
2018-08-31,1.892560958862305,447000,BYD,BYDDY,66.515552393725,2018-08
2018-09-04,1.9118237495422363,135600,BYD,BYDDY,67.19255841391183,2018-09
2018-09-05,1.860456705093384,264600,BYD,BYDDY,65.38722299242963,2018-09
2018-09-06,1.8492199182510376,420600,BYD,BYDDY,64.99229722771422,2018-09
2018-09-07,1.8379828929901123,428400,BYD,BYDDY,64.59736308358922,2018-09
2018-09-10,1.8187201023101809,360600,BYD,BYDDY,63.92035706340239,2018-09
2018-09-11,1.7914316654205322,394200,BYD,BYDDY,62.96128335685852,2018-09
2018-09-12,1.8122999668121336,241200,BYD,BYDDY,63.694716321372134,2018-09
2018-09-13,1.873298406600952,247800,BYD,BYDDY,65.83855475294776,2018-09
2018-09-14,2.001716136932373,303000,BYD,BYDDY,70.35189749635809,2018-09
2018-09-17,1.979243278503418,369000,BYD,BYDDY,69.56207110515614,2018-09
2018-09-18,1.9712172746658323,1090800,BYD,BYDDY,69.2799908496847,2018-09
2018-09-19,2.1317391395568848,460800,BYD,BYDDY,74.92165880468559,2018-09
2018-09-20,2.125318765640259,602400,BYD,BYDDY,74.69600968324575,2018-09
2018-09-21,2.2264482975006104,399600,BYD,BYDDY,78.25028709952183,2018-09
2018-09-24,2.236079692840576,235800,BYD,BYDDY,78.58879010961525,2018-09
2018-09-25,2.2521309852600098,487200,BYD,BYDDY,79.1529254823293,2018-09
2018-09-26,2.2890520095825195,865800,BYD,BYDDY,80.45054409601462,2018-09
2018-09-27,2.2473156452178955,382200,BYD,BYDDY,78.983686546397,2018-09
2018-09-28,2.282630681991577,502200,BYD,BYDDY,80.22486145693632,2018-09
2018-10-01,2.3018932342529297,210600,BYD,BYDDY,80.90185909771355,2018-10
2018-10-02,2.187922954559326,280200,BYD,BYDDY,76.89628343855776,2018-10
2018-10-03,2.192738771438598,207000,BYD,BYDDY,77.06553913330927,2018-10
2018-10-04,2.090003967285156,352800,BYD,BYDDY,73.45484315211601,2018-10
2018-10-05,2.114081859588623,180000,BYD,BYDDY,74.30107972882554,2018-10
2018-10-08,2.0787670612335205,433800,BYD,BYDDY,73.05991319769582,2018-10
2018-10-09,2.075556755065918,384000,BYD,BYDDY,72.9470844472711,2018-10
2018-10-10,2.019374132156372,467400,BYD,BYDDY,70.97250171044699,2018-10
2018-10-11,1.9487433433532717,270600,BYD,BYDDY,68.4901267511395,2018-10
2018-10-12,2.0546886920928955,213600,BYD,BYDDY,72.21365986216709,2018-10
2018-10-15,2.057899475097656,249600,BYD,BYDDY,72.32650537141103,2018-10
2018-10-16,2.0948193073272705,142200,BYD,BYDDY,73.62408208804833,2018-10
2018-10-17,2.109266519546509,213600,BYD,BYDDY,74.13184079289326,2018-10
2018-10-18,1.984058499336243,384600,BYD,BYDDY,69.73130585138364,2018-10
2018-10-19,1.985664129257202,198000,BYD,BYDDY,69.78773698541522,2018-10
2018-10-22,2.134950399398804,741600,BYD,BYDDY,75.03452107274879,2018-10
2018-10-23,2.098029613494873,759600,BYD,BYDDY,73.73691083847305,2018-10
2018-10-24,2.099634885787964,285000,BYD,BYDDY,73.79332940339023,2018-10
2018-10-25,2.1654491424560547,490200,BYD,BYDDY,76.10642352971738,2018-10
2018-10-26,2.083582639694214,257400,BYD,BYDDY,73.22916051303773,2018-10
2018-10-29,2.051478385925293,324000,BYD,BYDDY,72.10083111174235,2018-10
2018-10-30,1.980848789215088,521400,BYD,BYDDY,69.61849804948292,2018-10
2018-10-31,2.059504508972168,279600,BYD,BYDDY,72.3829155569186,2018-10
2018-11-01,2.0466628074646,279600,BYD,BYDDY,71.93158379640047,2018-11
2018-11-02,2.0948193073272705,243000,BYD,BYDDY,73.62408208804833,2018-11
2018-11-05,2.123713254928589,201600,BYD,BYDDY,74.63958273891896,2018-11
2018-11-06,2.0948193073272705,593400,BYD,BYDDY,73.62408208804833,2018-11
2018-11-07,2.1108717918396,229800,BYD,BYDDY,74.18825935781044,2018-11
2018-11-08,2.134950399398804,648600,BYD,BYDDY,75.03452107274879,2018-11
2018-11-09,2.1429760456085205,224400,BYD,BYDDY,75.3165887591058,2018-11
2018-11-12,2.1445815563201904,340800,BYD,BYDDY,75.37301570343259,2018-11
2018-11-13,2.173475742340088,123600,BYD,BYDDY,76.38852473371284,2018-11
2018-11-14,2.192738771438598,103800,BYD,BYDDY,77.06553913330927,2018-11
2018-11-15,2.199158906936645,259200,BYD,BYDDY,77.29117987533951,2018-11
2018-11-16,2.2569468021392822,219600,BYD,BYDDY,79.32218117708081,2018-11
2018-11-19,2.3372089862823486,802200,BYD,BYDDY,82.14305914648172,2018-11
2018-11-20,2.350050449371338,817800,BYD,BYDDY,82.59438252759026,2018-11
2018-11-21,2.327577590942383,330000,BYD,BYDDY,81.8045561363883,2018-11
2018-11-23,2.284236192703247,72000,BYD,BYDDY,80.28128840126311,2018-11
2018-11-26,2.2890520095825195,112800,BYD,BYDDY,80.45054409601462,2018-11
2018-11-27,2.3452348709106445,423600,BYD,BYDDY,82.42513521224835,2018-11
2018-11-28,2.417470216751098,731400,BYD,BYDDY,84.96390359824416,2018-11
2018-11-29,2.428706407546997,168600,BYD,BYDDY,85.35880841443554,2018-11
2018-11-30,2.4078385829925537,342000,BYD,BYDDY,84.62539220874115,2018-11
2018-12-03,2.3211560249328613,229800,BYD,BYDDY,81.57886511790039,2018-12
2018-12-04,2.2874462604522705,387000,BYD,BYDDY,80.39410877227823,2018-12
2018-12-06,2.269789457321167,625200,BYD,BYDDY,79.7735464552374,2018-12
2018-12-07,2.231264114379883,144000,BYD,BYDDY,78.41954279427334,2018-12
2018-12-10,2.197554349899292,588600,BYD,BYDDY,77.23478644865118,2018-12
2018-12-11,2.2473156452178955,229800,BYD,BYDDY,78.983686546397,2018-12
2018-12-12,2.3115246295928955,367800,BYD,BYDDY,81.24036210780697,2018-12
2018-12-13,2.346840143203736,79200,BYD,BYDDY,82.48155377716554,2018-12
2018-12-14,2.3436291217803955,241800,BYD,BYDDY,82.36869988851196,2018-12
2018-12-17,2.2103960514068604,276600,BYD,BYDDY,77.68611820916934,2018-12
2018-12-18,2.2392895221710205,269400,BYD,BYDDY,78.70160210122076,2018-12
2018-12-19,2.125318765640259,583200,BYD,BYDDY,74.69600968324575,2018-12
2018-12-20,2.0867934226989746,1122000,BYD,BYDDY,73.3420060222817,2018-12
2018-12-21,2.0851879119873047,381000,BYD,BYDDY,73.2855790779549,2018-12
2018-12-24,2.056294202804565,209400,BYD,BYDDY,72.27008680649386,2018-12
2018-12-26,2.098029613494873,468000,BYD,BYDDY,73.73691083847305,2018-12
2018-12-27,2.004926919937134,156600,BYD,BYDDY,70.46474300560206,2018-12
2018-12-28,2.0482680797576904,304800,BYD,BYDDY,71.98800236131763,2018-12
2018-12-31,2.0225839614868164,191400,BYD,BYDDY,71.0853137020525,2018-12
2019-01-02,1.9776374101638796,471000,BYD,BYDDY,69.50563159171496,2019-01
2019-01-03,1.8829296827316284,153000,BYD,BYDDY,66.17705357333638,2019-01
2019-01-04,1.9551646709442136,172200,BYD,BYDDY,68.71580939021779,2019-01
2019-01-07,1.9583748579025269,325200,BYD,BYDDY,68.82863395093773,2019-01
2019-01-08,2.0627150535583496,564000,BYD,BYDDY,72.49575268675295,2019-01
2019-01-09,1.990480065345764,274800,BYD,BYDDY,69.95699686987153,2019-01
2019-01-10,1.9519546031951904,425400,BYD,BYDDY,68.60298901920268,2019-01
2019-01-11,1.943927764892578,136800,BYD,BYDDY,68.3208794357976,2019-01
2019-01-14,1.8379828929901123,460200,BYD,BYDDY,64.59736308358922,2019-01
2019-01-15,1.8700882196426392,570000,BYD,BYDDY,65.72573019222784,2019-01
2019-01-16,1.8877452611923216,197400,BYD,BYDDY,66.34630088867827,2019-01
2019-01-17,1.789826273918152,313200,BYD,BYDDY,62.90486060223655,2019-01
2019-01-18,1.8122999668121336,336000,BYD,BYDDY,63.694716321372134,2019-01
2019-01-22,1.7962476015090942,499200,BYD,BYDDY,63.130543241314854,2019-01
2019-01-23,1.839588522911072,691200,BYD,BYDDY,64.65379421762081,2019-01
2019-01-24,1.886139750480652,235800,BYD,BYDDY,66.28987394435151,2019-01
2019-01-25,1.91824471950531,157200,BYD,BYDDY,67.41822848387571,2019-01
2019-01-28,1.900586724281311,168000,BYD,BYDDY,66.79762426978682,2019-01
2019-01-29,1.881324291229248,229200,BYD,BYDDY,66.1206308187144,2019-01
2019-01-30,1.8684827089309688,323400,BYD,BYDDY,65.66930324790104,2019-01
2019-01-31,1.8957709074020384,209400,BYD,BYDDY,66.6283685750353,2019-01
2019-02-01,1.9118237495422363,425400,BYD,BYDDY,67.19255841391183,2019-02
2019-02-04,1.9375075101852417,292200,BYD,BYDDY,68.09523450406255,2019-02
2019-02-05,1.9712172746658323,363600,BYD,BYDDY,69.2799908496847,2019-02
2019-02-06,1.9519546031951904,108600,BYD,BYDDY,68.60298901920268,2019-02
2019-02-07,1.927876114845276,329400,BYD,BYDDY,67.75673149396914,2019-02
2019-02-08,1.9054023027420044,276000,BYD,BYDDY,66.96687158512873,2019-02
2019-02-11,1.9391120672225952,70200,BYD,BYDDY,68.15162793075088,2019-02
2019-02-12,2.001716136932373,198600,BYD,BYDDY,70.35189749635809,2019-02
2019-02-13,2.0691356658935547,252600,BYD,BYDDY,72.7214101876024,2019-02
2019-02-14,2.114081859588623,357600,BYD,BYDDY,74.30107972882554,2019-02
2019-02-15,2.0627150535583496,197400,BYD,BYDDY,72.49575268675295,2019-02
2019-02-19,2.019374132156372,258600,BYD,BYDDY,70.97250171044699,2019-02
2019-02-20,2.049872875213623,117000,BYD,BYDDY,72.04440416741558,2019-02
2019-02-21,2.0354256629943848,158400,BYD,BYDDY,71.53664546257065,2019-02
2019-02-22,2.040241479873657,422400,BYD,BYDDY,71.70590115732213,2019-02
2019-02-25,2.1831068992614746,647400,BYD,BYDDY,76.72701936439664,2019-02
2019-02-26,2.1108717918396,463200,BYD,BYDDY,74.18825935781044,2019-02
2019-02-27,2.040241479873657,497400,BYD,BYDDY,71.70590115732213,2019-02
2019-02-28,2.0482680797576904,108600,BYD,BYDDY,71.98800236131763,2019-02
2019-03-01,2.049872875213623,276000,BYD,BYDDY,72.04440416741558,2019-03
2019-03-04,1.984058499336243,305400,BYD,BYDDY,69.73130585138364,2019-03
2019-03-05,2.0241894721984863,229800,BYD,BYDDY,71.14174064637928,2019-03
2019-03-06,2.0113470554351807,103800,BYD,BYDDY,70.6903837476323,2019-03
2019-03-07,2.006531238555908,304200,BYD,BYDDY,70.52112805288078,2019-03
2019-03-08,1.927876114845276,180000,BYD,BYDDY,67.75673149396914,2019-03
2019-03-11,1.9294806718826292,229800,BYD,BYDDY,67.81312492065746,2019-03
2019-03-12,1.942323088645935,208200,BYD,BYDDY,68.26448181940445,2019-03
2019-03-13,1.91824471950531,205800,BYD,BYDDY,67.41822848387571,2019-03
2019-03-14,1.9326918125152588,196200,BYD,BYDDY,67.92598299901584,2019-03
2019-03-15,1.9969003200531008,258000,BYD,BYDDY,70.1826418016066,2019-03
2019-03-18,2.0386366844177246,358800,BYD,BYDDY,71.64949935122421,2019-03
2019-03-19,2.0322153568267822,82800,BYD,BYDDY,71.42381671214592,2019-03
2019-03-20,2.051478385925293,253200,BYD,BYDDY,72.10083111174235,2019-03
2019-03-21,2.057899475097656,322800,BYD,BYDDY,72.32650537141103,2019-03
2019-03-22,2.053083896636963,533400,BYD,BYDDY,72.15725805606914,2019-03
2019-03-25,2.037031412124634,171000,BYD,BYDDY,71.59308078630704,2019-03
2019-03-26,2.041846752166748,73200,BYD,BYDDY,71.76231972223933,2019-03
2019-03-27,1.9391120672225952,936600,BYD,BYDDY,68.15162793075088,2019-03
2019-03-28,1.935901999473572,289200,BYD,BYDDY,68.03880755973577,2019-03
2019-03-29,1.935901999473572,115200,BYD,BYDDY,68.03880755973577,2019-03
2019-04-01,1.9728217124938965,88200,BYD,BYDDY,69.33638008666824,2019-04
2019-04-02,2.0113470554351807,117600,BYD,BYDDY,70.6903837476323,2019-04
2019-04-03,2.043452262878418,111600,BYD,BYDDY,71.81874666656611,2019-04
2019-04-04,2.067530870437622,205200,BYD,BYDDY,72.66500838150446,2019-04
2019-04-05,2.0723469257354736,153600,BYD,BYDDY,72.8342724556656,2019-04
2019-04-08,2.090003967285156,222600,BYD,BYDDY,73.45484315211601,2019-04
2019-04-09,2.104450464248657,526800,BYD,BYDDY,73.96257671873211,2019-04
2019-04-10,2.1445815563201904,184800,BYD,BYDDY,75.37301570343259,2019-04
2019-04-11,2.115687608718872,76800,BYD,BYDDY,74.35751505256194,2019-04
2019-04-12,2.1301345825195312,174600,BYD,BYDDY,74.86526537799726,2019-04
2019-04-15,2.134950399398804,204600,BYD,BYDDY,75.03452107274879,2019-04
2019-04-16,2.1317391395568848,70800,BYD,BYDDY,74.92165880468559,2019-04
2019-04-17,2.3677072525024414,937800,BYD,BYDDY,83.21494484463108,2019-04
2019-04-18,2.3195507526397705,389400,BYD,BYDDY,81.52244655298321,2019-04
2019-04-22,2.3099193572998047,97800,BYD,BYDDY,81.1839435428898,2019-04
2019-04-23,2.279420852661133,313200,BYD,BYDDY,80.11204946533083,2019-04
2019-04-24,2.2136058807373047,118200,BYD,BYDDY,77.79893020077483,2019-04
2019-04-25,2.1510019302368164,426000,BYD,BYDDY,75.59866482487243,2019-04
2019-04-26,2.1750802993774414,69600,BYD,BYDDY,76.44491816040117,2019-04
2019-04-29,2.163844108581543,426600,BYD,BYDDY,76.05001334420982,2019-04
2019-04-30,2.173475742340088,189600,BYD,BYDDY,76.38852473371284,2019-04
2019-05-01,2.171870470046997,379800,BYD,BYDDY,76.33210616879566,2019-05
2019-05-02,2.173475742340088,85200,BYD,BYDDY,76.38852473371284,2019-05
2019-05-03,2.199158906936645,199800,BYD,BYDDY,77.29117987533951,2019-05
2019-05-06,2.1108717918396,253800,BYD,BYDDY,74.18825935781044,2019-05
2019-05-07,2.0450570583343506,576000,BYD,BYDDY,71.87514847266407,2019-05
2019-05-08,2.0306098461151123,532800,BYD,BYDDY,71.36738976781913,2019-05
2019-05-09,2.0001115798950195,184200,BYD,BYDDY,70.29550406966976,2019-05
2019-05-10,2.0209784507751465,281400,BYD,BYDDY,71.0288867577257,2019-05
2019-05-13,1.940717816352844,322800,BYD,BYDDY,68.20806325448727,2019-05
2019-05-14,1.985664129257202,134400,BYD,BYDDY,69.78773698541522,2019-05
2019-05-15,1.9985060691833496,191400,BYD,BYDDY,70.23907712534297,2019-05
2019-05-16,1.9969003200531008,184200,BYD,BYDDY,70.1826418016066,2019-05
2019-05-17,1.9342964887619016,204600,BYD,BYDDY,67.98238061540897,2019-05
2019-05-20,1.8829296827316284,534000,BYD,BYDDY,66.17705357333638,2019-05
2019-05-21,1.9102181196212769,148800,BYD,BYDDY,67.13612727988024,2019-05
2019-05-22,1.8909554481506348,96600,BYD,BYDDY,66.45912544939821,2019-05
2019-05-23,1.829957127571106,186000,BYD,BYDDY,64.3152912075274,2019-05
2019-05-24,1.8524301052093504,175200,BYD,BYDDY,65.10512178843413,2019-05
2019-05-28,1.926270604133606,214800,BYD,BYDDY,67.70030454964234,2019-05
2019-05-29,1.9326918125152588,189600,BYD,BYDDY,67.92598299901584,2019-05
2019-05-30,1.908613681793213,268800,BYD,BYDDY,67.07973804289671,2019-05
2019-05-31,1.8620615005493164,222600,BYD,BYDDY,65.44362479852757,2019-05
2019-06-03,1.886139750480652,258600,BYD,BYDDY,66.28987394435151,2019-06
2019-06-04,1.8700882196426392,238200,BYD,BYDDY,65.72573019222784,2019-06
2019-06-05,1.8460097312927248,192000,BYD,BYDDY,64.8794726669943,2019-06
2019-06-06,1.9310866594314573,130200,BYD,BYDDY,67.86956862380347,2019-06
2019-06-07,1.9567703008651731,139800,BYD,BYDDY,68.77224052424937,2019-06
2019-06-10,1.9307998418807983,169200,BYD,BYDDY,67.85948819404031,2019-06
2019-06-11,1.9582209587097168,138000,BYD,BYDDY,68.82322504203322,2019-06
2019-06-12,1.914669156074524,185400,BYD,BYDDY,67.29256247792549,2019-06
2019-06-13,1.9001519680023196,181800,BYD,BYDDY,66.78234441635946,2019-06
2019-06-14,1.8582134246826167,186600,BYD,BYDDY,65.30838112739089,2019-06
2019-06-17,1.8759565353393557,75000,BYD,BYDDY,65.93197679071126,2019-06
2019-06-18,1.9082179069519043,564600,BYD,BYDDY,67.0658282229409,2019-06
2019-06-19,1.9162826538085935,36600,BYD,BYDDY,67.34927013247427,2019-06
2019-06-20,1.9549951553344729,287400,BYD,BYDDY,68.7098516299837,2019-06
2019-06-21,1.943703770637512,75000,BYD,BYDDY,68.31300698046718,2019-06
2019-06-24,1.9420913457870483,268800,BYD,BYDDY,68.25633703326164,2019-06
2019-06-25,1.917896151542664,124800,BYD,BYDDY,67.40597778702308,2019-06
2019-06-26,1.909830093383789,148800,BYD,BYDDY,67.12248979073682,2019-06
2019-06-27,1.914669156074524,171000,BYD,BYDDY,67.29256247792549,2019-06
2019-06-28,1.943703770637512,78600,BYD,BYDDY,68.31300698046718,2019-06
2019-07-01,1.9646735191345213,165600,BYD,BYDDY,69.05000538377067,2019-07
2019-07-02,2.006612062454224,223800,BYD,BYDDY,70.52396867273924,2019-07
2019-07-03,2.0179035663604736,133800,BYD,BYDDY,70.92081751196055,2019-07
2019-07-05,1.9646735191345213,200400,BYD,BYDDY,69.05000538377067,2019-07
2019-07-08,1.9211218357086184,214200,BYD,BYDDY,67.51934700936776,2019-07
2019-07-09,1.9549951553344729,472200,BYD,BYDDY,68.7098516299837,2019-07
2019-07-10,1.971126198768616,182400,BYD,BYDDY,69.27678991521296,2019-07
2019-07-11,1.950156331062317,310200,BYD,BYDDY,68.53978732220463,2019-07
2019-07-12,1.951769471168518,48600,BYD,BYDDY,68.596482407639,2019-07
2019-07-15,1.9743517637252808,87600,BYD,BYDDY,69.39015494785285,2019-07
2019-07-16,1.9646735191345213,142200,BYD,BYDDY,69.05000538377067,2019-07
2019-07-17,1.995321273803711,92400,BYD,BYDDY,70.12714497174673,2019-07
2019-07-18,1.9662868976593015,160800,BYD,BYDDY,69.10670884861464,2019-07
2019-07-19,1.971126198768616,351000,BYD,BYDDY,69.27678991521296,2019-07
2019-07-22,1.98403000831604,200400,BYD,BYDDY,69.730304511935,2019-07
2019-07-23,2.034034013748169,265200,BYD,BYDDY,71.48773484866577,2019-07
2019-07-24,2.048551559448242,133200,BYD,BYDDY,71.99796547934622,2019-07
2019-07-25,2.019516944885254,146400,BYD,BYDDY,70.97752097680454,2019-07
2019-07-26,2.082425594329834,4990200,BYD,BYDDY,73.188495238191,2019-07
2019-07-29,2.048551559448242,2071200,BYD,BYDDY,71.99796547934622,2019-07
2019-07-30,2.035646438598633,1436400,BYD,BYDDY,71.5444047958713,2019-07
2019-07-31,2.0211291313171387,1579200,BYD,BYDDY,71.03418254460045,2019-07
2019-08-01,1.956608533859253,1006800,BYD,BYDDY,68.76655509482768,2019-08
2019-08-02,1.9307998418807983,487800,BYD,BYDDY,67.85948819404031,2019-08
2019-08-05,1.851761102676392,834000,BYD,BYDDY,65.08160916506307,2019-08
2019-08-06,1.8485352993011477,775200,BYD,BYDDY,64.96823575301356,2019-08
2019-08-07,1.779174566268921,845400,BYD,BYDDY,62.530497908708846,2019-08
2019-08-08,1.8146616220474243,407400,BYD,BYDDY,63.777718563283194,2019-08
2019-08-09,1.7920794486999512,381600,BYD,BYDDY,62.98405021277416,2019-08
2019-08-12,1.7614314556121826,765000,BYD,BYDDY,61.906902245388494,2019-08
2019-08-13,1.771109700202942,958800,BYD,BYDDY,62.247051809470655,2019-08
2019-08-14,1.7178795337677002,803400,BYD,BYDDY,60.37623549157597,2019-08
2019-08-15,1.713040471076965,543000,BYD,BYDDY,60.20616280438729,2019-08
2019-08-16,1.724331974983215,669600,BYD,BYDDY,60.60301164360862,2019-08
2019-08-19,1.766270637512207,1083600,BYD,BYDDY,62.07697912228198,2019-08
2019-08-20,1.7727229595184326,212400,BYD,BYDDY,62.30375108460983,2019-08
2019-08-21,1.743688464164734,669000,BYD,BYDDY,61.28331077177296,2019-08
2019-08-22,1.6630359888076782,1380600,BYD,BYDDY,58.448715708837305,2019-08
2019-08-23,1.5856103897094729,2179800,BYD,BYDDY,55.72753176529442,2019-08
2019-08-26,1.6098060607910156,436200,BYD,BYDDY,56.57790777035222,2019-08
2019-08-27,1.5694810152053833,670800,BYD,BYDDY,55.16065213593245,2019-08
2019-08-28,1.5630284547805786,465000,BYD,BYDDY,54.933871794195,2019-08
2019-08-29,1.6146451234817505,922200,BYD,BYDDY,56.747980457540905,2019-08
2019-08-30,1.6727142333984375,328200,BYD,BYDDY,58.788865272919466,2019-08
2019-09-03,1.6243233680725098,961200,BYD,BYDDY,57.088130021623066,2019-09
2019-09-04,1.613032579421997,496200,BYD,BYDDY,56.69130632063057,2019-09
2019-09-05,1.6694886684417725,223800,BYD,BYDDY,58.67550024027957,2019-09
2019-09-06,1.6872315406799316,220200,BYD,BYDDY,59.299087524190305,2019-09
2019-09-09,1.7259443998336792,342600,BYD,BYDDY,60.65968159081415,2019-09
2019-09-10,1.70820152759552,320400,BYD,BYDDY,60.03609430690342,2019-09
2019-09-11,1.7388492822647097,610800,BYD,BYDDY,61.113233894879485,2019-09
2019-09-12,1.6936841011047363,481800,BYD,BYDDY,59.52586786592777,2019-09
2019-09-13,1.7517530918121338,328200,BYD,BYDDY,61.56674849160153,2019-09
2019-09-16,1.7340102195739746,211800,BYD,BYDDY,60.943161207690785,2019-09
2019-09-17,1.7194929122924805,156000,BYD,BYDDY,60.432938956419946,2019-09
2019-09-18,1.72755765914917,291000,BYD,BYDDY,60.716380865953326,2019-09
2019-09-19,1.713040471076965,81600,BYD,BYDDY,60.20616280438729,2019-09
2019-09-20,1.684005856513977,239400,BYD,BYDDY,59.185718301845604,2019-09
2019-09-23,1.664649486541748,372600,BYD,BYDDY,58.505423363386086,2019-09
2019-09-24,1.651745319366455,177600,BYD,BYDDY,58.05189619754961,2019-09
2019-09-25,1.6049668788909912,785400,BYD,BYDDY,56.407830893458744,2019-09
2019-09-26,1.6049668788909912,351000,BYD,BYDDY,56.407830893458744,2019-09
2019-09-27,1.590449571609497,420600,BYD,BYDDY,55.897608642187905,2019-09
2019-09-30,1.6001278162002563,204600,BYD,BYDDY,56.23775820627006,2019-09
2019-10-01,1.6001278162002563,276000,BYD,BYDDY,56.23775820627006,2019-10
2019-10-02,1.5791590213775637,298800,BYD,BYDDY,55.50079332060501,2019-10
2019-10-03,1.5710934400558472,419400,BYD,BYDDY,55.21732208313799,2019-10
2019-10-04,1.582384705543518,449400,BYD,BYDDY,55.61416254294971,2019-10
2019-10-07,1.5646419525146484,291600,BYD,BYDDY,54.99057944874378,2019-10
2019-10-08,1.5694810152053833,340800,BYD,BYDDY,55.16065213593245,2019-10
2019-10-09,1.556576132774353,369000,BYD,BYDDY,54.70709983186715,2019-10
2019-10-10,1.5646419525146484,1559400,BYD,BYDDY,54.99057944874378,2019-10
2019-10-11,1.5969021320343018,721800,BYD,BYDDY,56.12438898392536,2019-10
2019-10-14,1.5888372659683228,132000,BYD,BYDDY,55.84094288468717,2019-10
2019-10-15,1.5678675174713137,463800,BYD,BYDDY,55.103944481383685,2019-10
2019-10-16,1.572706699371338,239400,BYD,BYDDY,55.27402135827716,2019-10
2019-10-17,1.5791590213775637,267600,BYD,BYDDY,55.50079332060501,2019-10
2019-10-18,1.572706699371338,294600,BYD,BYDDY,55.27402135827716,2019-10
2019-10-21,1.5662542581558228,325800,BYD,BYDDY,55.0472452062445,2019-10
2019-10-22,1.5581893920898438,222000,BYD,BYDDY,54.763799107006314,2019-10
2019-10-23,1.5759323835372925,129000,BYD,BYDDY,55.38739058062186,2019-10
2019-10-24,1.5743199586868286,285000,BYD,BYDDY,55.330720633416334,2019-10
2019-10-25,1.5791590213775637,247800,BYD,BYDDY,55.50079332060501,2019-10
2019-10-28,1.6227108240127563,319200,BYD,BYDDY,57.031455884712734,2019-10
2019-10-29,1.587223768234253,1861200,BYD,BYDDY,55.78423523013839,2019-10
2019-10-30,1.537219762802124,1432800,BYD,BYDDY,54.02680489340762,2019-10
2019-10-31,1.513024091720581,985200,BYD,BYDDY,53.17642888834981,2019-10
2019-11-01,1.5533503293991089,243600,BYD,BYDDY,54.593726419817635,2019-11
2019-11-04,1.5678675174713137,287400,BYD,BYDDY,55.103944481383685,2019-11
2019-11-05,1.5710934400558472,200400,BYD,BYDDY,55.21732208313799,2019-11
2019-11-06,1.548511266708374,351000,BYD,BYDDY,54.423653732628964,2019-11
2019-11-07,1.603354573249817,2151000,BYD,BYDDY,56.35116513595801,2019-11
2019-11-08,1.6001278162002563,1199400,BYD,BYDDY,56.23775820627006,2019-11
2019-11-11,1.583998203277588,265200,BYD,BYDDY,55.67087019749849,2019-11
2019-11-12,1.5694810152053833,280200,BYD,BYDDY,55.16065213593245,2019-11
2019-11-13,1.5581893920898438,267000,BYD,BYDDY,54.763799107006314,2019-11
2019-11-14,1.559802770614624,520800,BYD,BYDDY,54.82050257185029,2019-11
2019-11-15,1.5646419525146484,726600,BYD,BYDDY,54.99057944874378,2019-11
2019-11-18,1.559802770614624,441000,BYD,BYDDY,54.82050257185029,2019-11
2019-11-19,1.556576132774353,301200,BYD,BYDDY,54.70709983186715,2019-11
2019-11-20,1.548511266708374,126600,BYD,BYDDY,54.423653732628964,2019-11
2019-11-21,1.5436722040176392,475200,BYD,BYDDY,54.25358104544028,2019-11
2019-11-22,1.548511266708374,124800,BYD,BYDDY,54.423653732628964,2019-11
2019-11-25,1.5791590213775637,402000,BYD,BYDDY,55.50079332060501,2019-11
2019-11-26,1.5856103897094729,414600,BYD,BYDDY,55.72753176529442,2019-11
2019-11-27,1.5646419525146484,324600,BYD,BYDDY,54.99057944874378,2019-11
2019-11-29,1.5243158340454102,631200,BYD,BYDDY,53.57328610698075,2019-11
2019-12-02,1.509798288345337,313200,BYD,BYDDY,53.063055476300306,2019-12
2019-12-03,1.5114117860794067,393000,BYD,BYDDY,53.11976313084909,2019-12
2019-12-04,1.5356073379516602,545400,BYD,BYDDY,53.970134946202094,2019-12
2019-12-05,1.5243158340454102,246600,BYD,BYDDY,53.57328610698075,2019-12
2019-12-06,1.509798288345337,424800,BYD,BYDDY,53.063055476300306,2019-12
2019-12-09,1.513024091720581,312600,BYD,BYDDY,53.17642888834981,2019-12
2019-12-10,1.5081849098205566,835200,BYD,BYDDY,53.00635201145633,2019-12
2019-12-11,1.5356073379516602,612600,BYD,BYDDY,53.970134946202094,2019-12
2019-12-12,1.5339940786361694,516600,BYD,BYDDY,53.91343567106293,2019-12
2019-12-13,1.548511266708374,447600,BYD,BYDDY,54.423653732628964,2019-12
2019-12-16,1.5759323835372925,312600,BYD,BYDDY,55.38739058062186,2019-12
2019-12-17,1.6017413139343262,526800,BYD,BYDDY,56.294465860818846,2019-12
2019-12-18,1.5533503293991089,475800,BYD,BYDDY,54.593726419817635,2019-12
2019-12-19,1.5420588254928589,466200,BYD,BYDDY,54.1968775805963,2019-12
2019-12-20,1.540446400642395,768000,BYD,BYDDY,54.140207633390766,2019-12
2019-12-23,1.52270245552063,444000,BYD,BYDDY,53.51658264213679,2019-12
2019-12-24,1.5339940786361694,206400,BYD,BYDDY,53.91343567106293,2019-12
2019-12-26,1.5420588254928589,667800,BYD,BYDDY,54.1968775805963,2019-12
2019-12-27,1.5436722040176392,324600,BYD,BYDDY,54.25358104544028,2019-12
2019-12-30,1.5856103897094729,459600,BYD,BYDDY,55.72753176529442,2019-12
2019-12-31,1.598515510559082,314400,BYD,BYDDY,56.181092448769334,2019-12
2020-01-02,1.6275500059127808,277800,BYD,BYDDY,57.20153276160621,2020-01
2020-01-03,1.611419439315796,726600,BYD,BYDDY,56.634611235196196,2020-01
2020-01-06,1.5969021320343018,323400,BYD,BYDDY,56.12438898392536,2020-01
2020-01-07,1.583998203277588,254400,BYD,BYDDY,55.67087019749849,2020-01
2020-01-08,1.5920629501342771,336600,BYD,BYDDY,55.95431210703187,2020-01
2020-01-09,1.5936764478683472,195000,BYD,BYDDY,56.01101976158066,2020-01
2020-01-10,1.595288634300232,175200,BYD,BYDDY,56.067681329376576,2020-01
2020-01-13,1.838857054710388,1272000,BYD,BYDDY,64.62808618893138,2020-01
2020-01-14,1.851761102676392,663600,BYD,BYDDY,65.08160916506307,2020-01
2020-01-15,1.88240909576416,336600,BYD,BYDDY,66.15875713244871,2020-01
2020-01-16,1.874343991279602,484800,BYD,BYDDY,65.87530265380092,2020-01
2020-01-17,1.987255573272705,715800,BYD,BYDDY,69.8436695445749,2020-01
2020-01-21,1.8856347799301147,538200,BYD,BYDDY,66.27212635479343,2020-01
2020-01-22,1.938864588737488,636000,BYD,BYDDY,68.14293010357369,2020-01
2020-01-23,1.9227349758148196,182400,BYD,BYDDY,67.57604209480213,2020-01
2020-01-24,1.887248158454895,427200,BYD,BYDDY,66.3288298196374,2020-01
2020-01-27,1.7920794486999512,942600,BYD,BYDDY,62.98405021277416,2020-01
2020-01-28,1.8098225593566892,463200,BYD,BYDDY,63.6076458760945,2020-01
2020-01-29,1.771109700202942,393600,BYD,BYDDY,62.247051809470655,2020-01
2020-01-30,1.7340102195739746,396600,BYD,BYDDY,60.943161207690785,2020-01
2020-01-31,1.677553415298462,538200,BYD,BYDDY,58.958942149812955,2020-01
2020-02-03,1.7098147869110107,761400,BYD,BYDDY,60.09279358204259,2020-02
2020-02-04,1.8711174726486208,1224600,BYD,BYDDY,65.76190410352258,2020-02
2020-02-05,1.914669156074524,1360200,BYD,BYDDY,67.29256247792549,2020-02
2020-02-06,1.9082179069519043,622800,BYD,BYDDY,67.0658282229409,2020-02
2020-02-07,1.851761102676392,462000,BYD,BYDDY,65.08160916506307,2020-02
2020-02-10,1.8856347799301147,455400,BYD,BYDDY,66.27212635479343,2020-02
2020-02-11,1.8727307319641116,298200,BYD,BYDDY,65.81860337866175,2020-02
2020-02-12,1.8985395431518557,336600,BYD,BYDDY,66.72567446915394,2020-02
2020-02-13,1.8678916692733765,504000,BYD,BYDDY,65.64853069147307,2020-02
2020-02-14,1.827565312385559,696000,BYD,BYDDY,64.23122897030044,2020-02
2020-02-18,1.88079571723938,1074600,BYD,BYDDY,66.10205366760475,2020-02
2020-02-19,1.9937078952789309,857400,BYD,BYDDY,70.07044150690275,2020-02
2020-02-20,2.169528722763061,1899000,BYD,BYDDY,76.24980360758721,2020-02
2020-02-21,2.163076400756836,891600,BYD,BYDDY,76.02303164525937,2020-02
2020-02-24,1.975964903831482,1322400,BYD,BYDDY,69.4468500332872,2020-02
2020-02-25,2.0679080486297607,1673400,BYD,BYDDY,72.67826460751054,2020-02
2020-02-26,2.134041786193848,1734000,BYD,BYDDY,75.0025871427177,2020-02
2020-02-27,2.035646438598633,1183800,BYD,BYDDY,71.5444047958713,2020-02
2020-02-28,1.963060021400452,1098600,BYD,BYDDY,68.99329772922191,2020-02
2020-03-02,2.0162899494171143,989400,BYD,BYDDY,70.86410566770697,2020-03
2020-03-03,2.0517771244049072,1075800,BYD,BYDDY,72.11133051198611,2020-03
2020-03-04,2.0324206352233887,795000,BYD,BYDDY,71.43103138382179,2020-03
2020-03-05,2.006612062454224,460800,BYD,BYDDY,70.52396867273924,2020-03
2020-03-06,1.9307998418807983,471600,BYD,BYDDY,67.85948819404031,2020-03
2020-03-09,1.7888526916503906,912000,BYD,BYDDY,62.8706432830862,2020-03
2020-03-10,1.854987621307373,670800,BYD,BYDDY,65.1950077153414,2020-03
2020-03-11,1.7775620222091677,793200,BYD,BYDDY,62.47382377179852,2020-03
2020-03-12,1.611419439315796,898800,BYD,BYDDY,56.634611235196196,2020-03
2020-03-13,1.7485275268554688,1272000,BYD,BYDDY,61.45338345896163,2020-03
2020-03-16,1.5662542581558228,1288800,BYD,BYDDY,55.0472452062445,2020-03
2020-03-17,1.6146451234817505,1075200,BYD,BYDDY,56.747980457540905,2020-03
2020-03-18,1.4791502952575684,2039400,BYD,BYDDY,51.98590750891464,2020-03
2020-03-19,1.4823771715164185,970200,BYD,BYDDY,52.0993186283074,2020-03
2020-03-20,1.463020920753479,678600,BYD,BYDDY,51.419027879552694,2020-03
2020-03-23,1.4049514532089231,1323000,BYD,BYDDY,49.3781304950597,2020-03
2020-03-24,1.5081849098205566,978000,BYD,BYDDY,53.00635201145633,2020-03
2020-03-25,1.590449571609497,755400,BYD,BYDDY,55.897608642187905,2020-03
2020-03-26,1.6404541730880735,580800,BYD,BYDDY,57.655059927442686,2020-03
2020-03-27,1.5388330221176147,1476600,BYD,BYDDY,54.083504168546796,2020-03
2020-03-30,1.6178717613220217,873600,BYD,BYDDY,56.86138319752406,2020-03
2020-03-31,1.6952974796295166,1221600,BYD,BYDDY,59.58257133077175,2020-03
2020-04-01,1.52270245552063,753000,BYD,BYDDY,53.51658264213679,2020-04
2020-04-02,1.6275500059127808,504000,BYD,BYDDY,57.20153276160621,2020-04
2020-04-03,1.5969021320343018,298200,BYD,BYDDY,56.12438898392536,2020-04
2020-04-06,1.6452929973602295,290400,BYD,BYDDY,57.82512423522176,2020-04
2020-04-07,1.677553415298462,317400,BYD,BYDDY,58.958942149812955,2020-04
2020-04-08,1.664649486541748,480000,BYD,BYDDY,58.505423363386086,2020-04
2020-04-09,1.6565845012664795,382200,BYD,BYDDY,58.22197307444309,2020-04
2020-04-13,1.6388407945632937,234600,BYD,BYDDY,57.59835646259872,2020-04
2020-04-14,1.7485275268554688,1210200,BYD,BYDDY,61.45338345896163,2020-04
2020-04-15,1.7533665895462036,704400,BYD,BYDDY,61.62345614615031,2020-04
2020-04-16,1.817887306213379,287400,BYD,BYDDY,63.89108778562789,2020-04
2020-04-17,1.82111394405365,222600,BYD,BYDDY,64.00449052561103,2020-04
2020-04-20,1.8001441955566406,368400,BYD,BYDDY,63.26749212230753,2020-04
2020-04-21,1.7065880298614502,260400,BYD,BYDDY,59.97938665235464,2020-04
2020-04-22,1.7614314556121826,556800,BYD,BYDDY,61.906902245388494,2020-04
2020-04-23,1.7872402667999268,570600,BYD,BYDDY,62.81397333588067,2020-04
2020-04-24,1.806596755981445,276600,BYD,BYDDY,63.494272464045,2020-04
2020-04-27,1.835631251335144,339600,BYD,BYDDY,64.51471277688188,2020-04
2020-04-28,1.8969261646270752,2156400,BYD,BYDDY,66.66897100430995,2020-04
2020-04-29,2.0324206352233887,1027800,BYD,BYDDY,71.43103138382179,2020-04
2020-04-30,1.987255573272705,3108000,BYD,BYDDY,69.8436695445749,2020-04
2020-05-01,1.9211218357086184,457800,BYD,BYDDY,67.51934700936776,2020-05
2020-05-04,1.9549951553344729,1598400,BYD,BYDDY,68.7098516299837,2020-05
2020-05-05,1.9824163913726809,602400,BYD,BYDDY,69.67359266768142,2020-05
2020-05-06,1.9937078952789309,508800,BYD,BYDDY,70.07044150690275,2020-05
2020-05-07,1.943703770637512,523800,BYD,BYDDY,68.31300698046718,2020-05
2020-05-08,1.953381896018982,597000,BYD,BYDDY,68.65315235484454,2020-05
2020-05-11,1.8856347799301147,636000,BYD,BYDDY,66.27212635479343,2020-05
2020-05-12,1.88240909576416,652200,BYD,BYDDY,66.15875713244871,2020-05
2020-05-13,1.856600046157837,694800,BYD,BYDDY,65.25167766254692,2020-05
2020-05-14,1.790466070175171,2832000,BYD,BYDDY,62.92734674793018,2020-05
2020-05-15,1.806596755981445,538200,BYD,BYDDY,63.494272464045,2020-05
2020-05-18,1.8307921886444087,769800,BYD,BYDDY,64.34464008969319,2020-05
2020-05-19,1.866278290748596,228000,BYD,BYDDY,65.59182722662908,2020-05
2020-05-20,1.8969261646270752,454800,BYD,BYDDY,66.66897100430995,2020-05
2020-05-21,1.8259530067443848,330000,BYD,BYDDY,64.17456321279971,2020-05
2020-05-22,1.7582056522369385,1644000,BYD,BYDDY,61.79352883333898,2020-05
2020-05-26,1.854987621307373,1778400,BYD,BYDDY,65.1950077153414,2020-05
2020-05-27,1.816274881362915,693600,BYD,BYDDY,63.83441783842236,2020-05
2020-05-28,1.827565312385559,204000,BYD,BYDDY,64.23122897030044,2020-05
2020-05-29,1.824339747428894,362400,BYD,BYDDY,64.11786393766054,2020-05
2020-06-01,1.932413101196289,870000,BYD,BYDDY,67.91618746917948,2020-06
2020-06-02,2.014677762985229,770400,BYD,BYDDY,70.80744409991104,2020-06
2020-06-03,2.0179035663604736,602400,BYD,BYDDY,70.92081751196055,2020-06
2020-06-04,2.0291953086853027,799200,BYD,BYDDY,71.3176747305915,2020-06
2020-06-05,2.134041786193848,1028400,BYD,BYDDY,75.0025871427177,2020-06
2020-06-08,2.190497875213623,322800,BYD,BYDDY,76.98678106236669,2020-06
2020-06-09,2.166302442550659,364200,BYD,BYDDY,76.13641343671848,2020-06
2020-06-10,2.1921112537384038,1584600,BYD,BYDDY,77.04348452721068,2020-06
2020-06-11,2.159850597381592,387600,BYD,BYDDY,75.90965823320987,2020-06
2020-06-12,2.125977039337158,448800,BYD,BYDDY,74.7191452331843,2020-06
2020-06-15,2.2421157360076904,887400,BYD,BYDDY,78.80093162276066,2020-06
2020-06-16,2.2324373722076416,435600,BYD,BYDDY,78.46077786897368,2020-06
2020-06-17,2.279214859008789,240000,BYD,BYDDY,80.10480965542611,2020-06
2020-06-18,2.393739938735962,1209600,BYD,BYDDY,84.12988420074888,2020-06
2020-06-19,2.44374418258667,1230000,BYD,BYDDY,85.88732291688925,2020-06
2020-06-22,2.472778797149658,909600,BYD,BYDDY,86.90776741943093,2020-06
2020-06-23,2.506652355194092,387600,BYD,BYDDY,88.09828041945649,2020-06
2020-06-24,2.500200033187866,553200,BYD,BYDDY,87.87150845712863,2020-06
2020-06-25,2.486797571182251,581400,BYD,BYDDY,87.4004683252032,2020-06
2020-06-26,2.454500913619995,444600,BYD,BYDDY,86.265376740351,2020-06
2020-06-29,2.4641895294189453,1724400,BYD,BYDDY,86.60589080875128,2020-06
2020-06-30,2.47872257232666,519000,BYD,BYDDY,87.11666610105652,2020-06
2020-07-01,2.5061750411987305,540600,BYD,BYDDY,88.08150484141339,2020-07
2020-07-02,2.49648666381836,873000,BYD,BYDDY,87.74099915242275,2020-07
2020-07-06,3.027756452560425,2147400,BYD,BYDDY,106.41289624656916,2020-07
2020-07-07,2.9631636142730717,1392000,BYD,BYDDY,104.14272983568398,2020-07
2020-07-08,3.0842740535736084,1480200,BYD,BYDDY,108.39925205389804,2020-07
2020-07-09,3.072971105575561,1329000,BYD,BYDDY,108.00200100301531,2020-07
2020-07-10,3.2102291584014893,1152600,BYD,BYDDY,112.82604387542668,2020-07
2020-07-13,3.65107011795044,3018600,BYD,BYDDY,128.3197482155,2020-07
2020-07-14,3.34910249710083,1511400,BYD,BYDDY,117.70685724795888,2020-07
2020-07-15,3.258672952651977,1394400,BYD,BYDDY,114.5286393556569,2020-07
2020-07-16,2.906646013259888,1003200,BYD,BYDDY,102.15637402835509,2020-07
2020-07-17,2.906646013259888,936000,BYD,BYDDY,102.15637402835509,2020-07
2020-07-20,3.2861251831054688,1027800,BYD,BYDDY,115.49346971660417,2020-07
2020-07-21,3.242525577545166,1113000,BYD,BYDDY,113.96112708086928,2020-07
2020-07-22,3.106882095336914,642600,BYD,BYDDY,109.19382957034995,2020-07
2020-07-23,3.2522144317626958,668400,BYD,BYDDY,114.30164952867918,2020-07
2020-07-24,3.035830020904541,460200,BYD,BYDDY,106.69664819425817,2020-07
2020-07-27,3.0180673599243164,653400,BYD,BYDDY,106.07236541934965,2020-07
2020-07-28,3.050363302230835,414600,BYD,BYDDY,107.207431865973,2020-07
2020-07-29,3.147251605987549,216000,BYD,BYDDY,110.61264796466234,2020-07
2020-07-30,3.024527072906494,531600,BYD,BYDDY,106.29939714337546,2020-07
2020-07-31,3.050363302230835,290400,BYD,BYDDY,107.207431865973,2020-07
2020-08-03,3.116570472717285,744000,BYD,BYDDY,109.53433525934064,2020-08
2020-08-04,3.242525577545166,345000,BYD,BYDDY,113.96112708086928,2020-08
2020-08-05,3.255443572998047,361200,BYD,BYDDY,114.41514025246325,2020-08
2020-08-06,3.3006584644317627,307800,BYD,BYDDY,116.00425338831901,2020-08
2020-08-07,3.2296066284179688,352800,BYD,BYDDY,113.50708039163683,2020-08
2020-08-10,3.166628837585449,408600,BYD,BYDDY,111.29367610146292,2020-08
2020-08-11,3.105266809463501,396600,BYD,BYDDY,109.13705907022909,2020-08
2020-08-12,3.0842740535736084,388800,BYD,BYDDY,108.39925205389804,2020-08
2020-08-13,3.032601118087769,208200,BYD,BYDDY,106.58316584988373,2020-08
2020-08-14,3.039060115814209,85800,BYD,BYDDY,106.8101724356807,2020-08
2020-08-17,3.021296739578247,519000,BYD,BYDDY,106.18586452254333,2020-08
2020-08-18,2.9615495204925537,1143600,BYD,BYDDY,104.08600123261115,2020-08
2020-08-19,2.9663939476013184,355200,BYD,BYDDY,104.2562624565161,2020-08
2020-08-20,2.929253101348877,396000,BYD,BYDDY,102.95091802716856,2020-08
2020-08-21,2.914719581604004,219000,BYD,BYDDY,102.4401259760441,2020-08
2020-08-24,2.958319664001465,228000,BYD,BYDDY,103.97248537059825,2020-08
2020-08-25,3.076200246810913,716400,BYD,BYDDY,108.11549172679939,2020-08
2020-08-26,3.2376809120178223,1120800,BYD,BYDDY,113.79085747755471,2020-08
2020-08-27,3.242525577545166,1020600,BYD,BYDDY,113.96112708086928,2020-08
2020-08-28,3.297428131103516,460800,BYD,BYDDY,115.8907207674869,2020-08
2020-08-31,3.337798595428467,1377600,BYD,BYDDY,117.30957267943774,2020-08
2020-09-01,3.609085321426392,1674000,BYD,BYDDY,126.84415932106674,2020-09
2020-09-02,3.6010117530822754,1247400,BYD,BYDDY,126.5604073733777,2020-09
2020-09-03,3.40400505065918,1268400,BYD,BYDDY,119.63645093457652,2020-09
2020-09-04,3.3797831535339355,451800,BYD,BYDDY,118.78515319446137,2020-09
2020-09-08,3.36202073097229,612000,BYD,BYDDY,118.16087879896247,2020-09
2020-09-09,3.347487449645996,479400,BYD,BYDDY,117.65009512724762,2020-09
2020-09-10,3.350716352462769,234000,BYD,BYDDY,117.7635774716221,2020-09
2020-09-11,3.5848636627197266,459000,BYD,BYDDY,125.9928699603612,2020-09
2020-09-14,3.5929372310638428,523800,BYD,BYDDY,126.27662190805023,2020-09
2020-09-15,4.0450825691223145,1280400,BYD,BYDDY,142.1676275754639,2020-09
2020-09-16,4.255006790161133,1005000,BYD,BYDDY,149.54558042703985,2020-09
2020-09-17,4.548901557922363,1110000,BYD,BYDDY,159.87474458512077,2020-09
2020-09-18,4.548901557922363,787200,BYD,BYDDY,159.87474458512077,2020-09
2020-09-21,4.240474224090576,746400,BYD,BYDDY,149.03482189355384,2020-09
2020-09-22,4.529523849487305,1435800,BYD,BYDDY,159.19369968950096,2020-09
2020-09-23,4.4617018699646,1904400,BYD,BYDDY,156.8100425548317,2020-09
2020-09-24,4.380961894989014,2127600,BYD,BYDDY,153.9723722485685,2020-09
2020-09-25,4.305065631866455,2532600,BYD,BYDDY,151.30493802798136,2020-09
2020-09-28,4.416487216949463,702600,BYD,BYDDY,155.22093779838556,2020-09
2020-09-29,4.590885639190674,867000,BYD,BYDDY,161.3503083413252,2020-09
2020-09-30,5.207740783691406,1226400,BYD,BYDDY,183.03017048327825,2020-09
2020-10-01,5.3676066398620605,1353000,BYD,BYDDY,188.64878249273193,2020-10
2020-10-02,5.193207740783691,973200,BYD,BYDDY,182.51939519097303,2020-10
2020-10-05,5.2255024909973145,913800,BYD,BYDDY,183.65441974054835,2020-10
2020-10-06,5.064023971557617,1040400,BYD,BYDDY,177.97912940447955,2020-10
2020-10-07,5.131845474243164,706200,BYD,BYDDY,180.3627697803296,2020-10
2020-10-08,5.37406587600708,998400,BYD,BYDDY,188.8757974579385,2020-10
2020-10-09,5.251340866088867,534000,BYD,BYDDY,184.5625298778324,2020-10
2020-10-12,5.37406587600708,557400,BYD,BYDDY,188.8757974579385,2020-10
2020-10-13,5.425739765167236,672600,BYD,BYDDY,190.6919171795913,2020-10
2020-10-14,5.571072101593018,1956600,BYD,BYDDY,195.79973713792046,2020-10
2020-10-15,5.661499977111816,1293600,BYD,BYDDY,198.97789637435514,2020-10
2020-10-16,5.4192795753479,1303800,BYD,BYDDY,190.46486869674624,2020-10
2020-10-19,5.273947238922119,811200,BYD,BYDDY,185.35704873841703,2020-10
2020-10-20,5.780996322631836,1246200,BYD,BYDDY,203.1776899894964,2020-10
2020-10-21,5.811676979064941,1485600,BYD,BYDDY,204.25598593599892,2020-10
2020-10-22,6.131407737731934,1293600,BYD,BYDDY,215.49317643726775,2020-10
2020-10-23,5.7745361328125,1249800,BYD,BYDDY,202.95064150665135,2020-10
2020-10-26,5.59044885635376,2059800,BYD,BYDDY,196.4807485159018,2020-10
2020-10-27,5.934402942657471,1155600,BYD,BYDDY,208.56928703374345,2020-10
2020-10-28,5.961853981018066,1719000,BYD,BYDDY,209.53407549764265,2020-10
2020-10-29,6.7014336585998535,1717800,BYD,BYDDY,235.52718846088263,2020-10
2020-10-30,6.570635318756104,1771800,BYD,BYDDY,230.9301773124971,2020-10
2020-11-02,7.208482265472412,2730000,BYD,BYDDY,253.34781295314275,2020-11
2020-11-03,7.179415702819824,1362600,BYD,BYDDY,252.32624560971306,2020-11
2020-11-04,7.405488014221191,2235600,BYD,BYDDY,260.2717358743055,2020-11
2020-11-05,8.358222961425781,2590200,BYD,BYDDY,293.75635944818237,2020-11
2020-11-06,8.24680233001709,1846800,BYD,BYDDY,289.84039319541665,2020-11
2020-11-09,8.187053680419922,1942800,BYD,BYDDY,287.74047962902677,2020-11
2020-11-10,7.329592227935791,3210000,BYD,BYDDY,257.6043184125376,2020-11
2020-11-11,6.9468841552734375,1954200,BYD,BYDDY,244.15374037991407,2020-11
2020-11-12,7.623486518859863,3150600,BYD,BYDDY,267.9334658117993,2020-11
2020-11-13,7.613797664642334,2782800,BYD,BYDDY,267.59294336398943,2020-11
2020-11-16,7.555665016174316,5080200,BYD,BYDDY,265.5498254359493,2020-11
2020-11-17,7.168112277984619,1952400,BYD,BYDDY,251.92897780001115,2020-11
2020-11-18,7.45231819152832,2900400,BYD,BYDDY,261.9176195102822,2020-11
2020-11-19,7.321518898010254,2222400,BYD,BYDDY,257.3205748442582,2020-11
2020-11-20,7.662241458892822,2004600,BYD,BYDDY,269.29553884421966,2020-11
2020-11-23,8.50193977355957,4837800,BYD,BYDDY,298.80740052698104,2020-11
2020-11-24,8.42281436920166,2529600,BYD,BYDDY,296.02647558260986,2020-11
2020-11-25,8.116002082824707,1500000,BYD,BYDDY,285.2433150117542,2020-11
2020-11-27,7.875395774841309,1255800,BYD,BYDDY,276.7870159372181,2020-11
2020-11-30,7.533057689666748,1999200,BYD,BYDDY,264.7552730577262,2020-11
2020-12-01,7.644479274749756,2818200,BYD,BYDDY,268.6712728281304,2020-12
2020-12-02,7.350584983825684,1875000,BYD,BYDDY,258.34212542886866,2020-12
2020-12-03,7.1519646644592285,1704600,BYD,BYDDY,251.36145714581386,2020-12
2020-12-04,7.345740795135498,1288200,BYD,BYDDY,258.1718725843733,2020-12
2020-12-07,7.44424295425415,1896000,BYD,BYDDY,261.63380890672585,2020-12
2020-12-08,7.623486518859863,1473000,BYD,BYDDY,267.9334658117993,2020-12
2020-12-09,7.273074626922607,1463400,BYD,BYDDY,255.61796260520873,2020-12
2020-12-10,7.387725353240967,688200,BYD,BYDDY,259.647453099397,2020-12
2020-12-11,7.155194282531738,768600,BYD,BYDDY,251.47496462841715,2020-12
2020-12-14,7.468465328216553,882000,BYD,BYDDY,262.4851234056602,2020-12
2020-12-15,7.649323463439941,1187400,BYD,BYDDY,268.84152567262566,2020-12
2020-12-16,7.53790283203125,725400,BYD,BYDDY,264.92555941985995,2020-12
2020-12-17,7.594420433044434,657600,BYD,BYDDY,266.91191522718884,2020-12
2020-12-18,7.734907627105713,1185000,BYD,BYDDY,271.84944882338425,2020-12
2020-12-21,8.448651313781738,1752000,BYD,BYDDY,296.93453544343623,2020-12
2020-12-22,8.053025245666504,1209000,BYD,BYDDY,283.02994423921876,2020-12
2020-12-23,8.212891578674316,1548000,BYD,BYDDY,288.6485730074916,2020-12
2020-12-24,7.896388053894043,544200,BYD,BYDDY,277.52480619472993,2020-12
2020-12-28,8.211275100708008,1234200,BYD,BYDDY,288.5917606103227,2020-12
2020-12-29,8.107927322387695,922800,BYD,BYDDY,284.95952116701716,2020-12
2020-12-30,8.300089836120605,909000,BYD,BYDDY,291.713224761323,2020-12
2020-12-31,8.521318435668945,665400,BYD,BYDDY,299.4884789402393,2020-12
2021-01-04,9.05904769897461,1303200,BYD,BYDDY,318.3873993790019,2021-01
2021-01-05,9.669442176818848,2561400,BYD,BYDDY,339.84019627929075,2021-01
2021-01-06,9.382006645202637,1901400,BYD,BYDDY,329.73804708641643,2021-01
2021-01-07,10.008550643920898,1378200,BYD,BYDDY,351.7584316761794,2021-01
2021-01-08,10.126431465148926,1606800,BYD,BYDDY,355.9014464117902,2021-01
2021-01-11,10.407407760620115,3363000,BYD,BYDDY,365.7765806394578,2021-01
2021-01-12,10.996810913085938,2386800,BYD,BYDDY,386.4916207998733,2021-01
2021-01-13,10.770739555358888,1833600,BYD,BYDDY,378.5461640529194,2021-01
2021-01-14,10.316977500915527,2703600,BYD,BYDDY,362.5983376089271,2021-01
2021-01-15,9.6726713180542,2125200,BYD,BYDDY,339.95368700307483,2021-01
2021-01-19,9.931041717529297,1637400,BYD,BYDDY,349.03431912897713,2021-01
2021-01-20,9.6726713180542,3717600,BYD,BYDDY,339.95368700307483,2021-01
2021-01-21,10.36219310760498,1770000,BYD,BYDDY,364.1874758830117,2021-01
2021-01-22,10.725522994995115,1858200,BYD,BYDDY,376.9569922611962,2021-01
2021-01-25,11.400511741638184,2715000,BYD,BYDDY,400.68000584882793,2021-01
2021-01-26,11.03395175933838,2314800,BYD,BYDDY,387.7969652292209,2021-01
2021-01-27,10.367037773132324,2170200,BYD,BYDDY,364.3577454863263,2021-01
2021-01-28,10.10866928100586,2578200,BYD,BYDDY,355.27718039570084,2021-01
2021-01-29,9.782479286193848,2088600,BYD,BYDDY,343.8129749292254,2021-01
2021-02-01,10.383186340332031,1863600,BYD,BYDDY,364.92529965816203,2021-02
2021-02-02,11.145371437072754,2571000,BYD,BYDDY,391.71289796434814,2021-02
2021-02-03,10.972589492797852,3207000,BYD,BYDDY,385.6403398185774,2021-02
2021-02-04,10.652857780456545,1904400,BYD,BYDDY,374.40311579967016,2021-02
2021-02-05,10.512370109558104,1961400,BYD,BYDDY,369.4655654446554,2021-02
2021-02-08,10.54628086090088,1043400,BYD,BYDDY,370.65738563258054,2021-02
2021-02-09,11.040411949157717,1579800,BYD,BYDDY,388.02401371206594,2021-02
2021-02-10,10.996810913085938,1243200,BYD,BYDDY,386.4916207998733,2021-02
2021-02-11,11.07109260559082,699600,BYD,BYDDY,389.1023096585684,2021-02
2021-02-12,11.046870231628418,588600,BYD,BYDDY,388.25099515963404,2021-02
2021-02-16,11.142144203186035,1038600,BYD,BYDDY,391.5994742758409,2021-02
2021-02-17,10.972589492797852,1967400,BYD,BYDDY,385.6403398185774,2021-02
2021-02-18,10.462310791015623,1872000,BYD,BYDDY,367.70619108489467,2021-02
2021-02-19,10.39771842956543,981000,BYD,BYDDY,365.4360414328288,2021-02
2021-02-22,9.688820838928224,1784400,BYD,BYDDY,340.52127469254907,2021-02
2021-02-23,9.123639106750488,5322000,BYD,BYDDY,320.6575155134295,2021-02
2021-02-24,9.141403198242188,3577800,BYD,BYDDY,321.28184856479567,2021-02
2021-02-25,8.539078712463379,3591600,BYD,BYDDY,300.1126779210517,2021-02
2021-02-26,8.325925827026367,4246200,BYD,BYDDY,292.6212511045109,2021-02
2021-03-01,9.164010047912598,2608200,BYD,BYDDY,322.0763841841995,2021-03
2021-03-02,8.771612167358398,2278200,BYD,BYDDY,308.28525018612766,2021-03
2021-03-03,8.611746788024902,2036400,BYD,BYDDY,302.6666549354932,2021-03
2021-03-04,7.868937015533447,4233600,BYD,BYDDY,276.56001773083074,2021-03
2021-03-05,8.059483528137207,3781800,BYD,BYDDY,283.2569256867869,2021-03
2021-03-08,7.213326930999756,4108200,BYD,BYDDY,253.5180825564573,2021-03
2021-03-09,7.936757564544678,3049200,BYD,BYDDY,278.9436245890423,2021-03
2021-03-10,7.712301254272461,1806000,BYD,BYDDY,271.05492996279963,2021-03
2021-03-11,8.411510467529297,2853600,BYD,BYDDY,295.62919101408875,2021-03
2021-03-12,8.043336868286133,1557000,BYD,BYDDY,282.68943855022803,2021-03
2021-03-15,7.835025787353516,1216800,BYD,BYDDY,275.3681807840865,2021-03
2021-03-16,7.972284317016602,1538400,BYD,BYDDY,280.1922404153171,2021-03
2021-03-17,8.107927322387695,1150800,BYD,BYDDY,284.95952116701716,2021-03
2021-03-18,7.788196086883545,1348200,BYD,BYDDY,273.72231390692906,2021-03
2021-03-19,7.802730083465576,848400,BYD,BYDDY,274.23312271687274,2021-03
2021-03-22,7.856017589569092,615000,BYD,BYDDY,276.1059542827791,2021-03
2021-03-23,7.463620662689209,1417200,BYD,BYDDY,262.3148538023456,2021-03
2021-03-24,6.732115268707275,4603800,BYD,BYDDY,236.60551792502358,2021-03
2021-03-25,7.017935276031494,1615800,BYD,BYDDY,246.65088823836737,2021-03
2021-03-26,7.331207752227783,2397600,BYD,BYDDY,257.6610972920681,2021-03
2021-03-29,7.026009559631348,1903200,BYD,BYDDY,246.93466532428525,2021-03
2021-03-30,7.1616530418396,1441200,BYD,BYDDY,251.70196283480456,2021-03
2021-03-31,6.987254142761231,1575000,BYD,BYDDY,245.5725755330457,2021-03
2021-04-01,7.305370330810547,1531800,BYD,BYDDY,256.7530206724225,2021-04
2021-04-05,7.470080852508545,1047000,BYD,BYDDY,262.5419022851907,2021-04
2021-04-06,7.449087619781494,1104600,BYD,BYDDY,261.8040785100404,2021-04
2021-04-07,7.260155200958252,1051800,BYD,BYDDY,255.16389915715706,2021-04
2021-04-08,7.365118980407715,1228200,BYD,BYDDY,258.85293423881234,2021-04
2021-04-09,7.282763481140137,727800,BYD,BYDDY,255.95848505301865,2021-04
2021-04-12,7.07606840133667,1275600,BYD,BYDDY,248.69402292522676,2021-04
2021-04-13,7.172956943511963,1282800,BYD,BYDDY,252.09924740332573,2021-04
2021-04-14,7.274689197540283,1211400,BYD,BYDDY,255.67470796710077,2021-04
2021-04-15,7.277919292449951,883200,BYD,BYDDY,255.78823220852328,2021-04
2021-04-16,7.318288326263428,1320000,BYD,BYDDY,257.20703384401645,2021-04
2021-04-19,7.589575290679932,1243800,BYD,BYDDY,266.741628865055,2021-04
2021-04-20,7.492688179016113,702600,BYD,BYDDY,263.3364546634138,2021-04
2021-04-21,7.53467321395874,479400,BYD,BYDDY,264.8120519372567,2021-04
2021-04-22,7.358659267425537,656400,BYD,BYDDY,258.6259025147865,2021-04
2021-04-23,7.5508198738098145,346800,BYD,BYDDY,265.37953907381547,2021-04
2021-04-26,7.37965202331543,630000,BYD,BYDDY,259.36370953111754,2021-04
2021-04-27,7.358659267425537,406200,BYD,BYDDY,258.6259025147865,2021-04
2021-04-28,7.190720081329346,1134000,BYD,BYDDY,252.72354693705347,2021-04
2021-04-29,6.930736064910889,1459200,BYD,BYDDY,243.58620296689756,2021-04
2021-04-30,6.690130233764648,883200,BYD,BYDDY,235.12992065118067,2021-04
2021-05-03,6.504427909851074,1535400,BYD,BYDDY,228.60326553971987,2021-05
2021-05-04,6.452754497528076,1375800,BYD,BYDDY,226.78716257688635,2021-05
2021-05-05,6.523805618286133,744000,BYD,BYDDY,229.28431043533965,2021-05
2021-05-06,6.26866626739502,1794000,BYD,BYDDY,220.31723606849835,2021-05
2021-05-07,6.0619730949401855,1418400,BYD,BYDDY,213.05284097598337,2021-05
2021-05-10,5.837514400482178,1906200,BYD,BYDDY,205.16406255564453,2021-05
2021-05-11,5.927943229675293,1805400,BYD,BYDDY,208.34225530971767,2021-05
2021-05-12,5.97638750076294,1357200,BYD,BYDDY,210.04486754876717,2021-05
2021-05-13,5.821366310119629,1333200,BYD,BYDDY,204.596525142628,2021-05
2021-05-14,6.102341651916504,1356600,BYD,BYDDY,214.4716258526573,2021-05
2021-05-17,6.376858711242676,1348800,BYD,BYDDY,224.1197451151184,2021-05
2021-05-18,6.396236896514893,963000,BYD,BYDDY,224.80080676955745,2021-05
2021-05-19,6.430147171020508,3690600,BYD,BYDDY,225.99261019866321,2021-05
2021-05-20,6.78217363357544,1211400,BYD,BYDDY,238.36485876714585,2021-05
2021-05-21,6.929121971130371,1810800,BYD,BYDDY,243.52947436382473,2021-05
2021-05-24,7.074454307556152,1003200,BYD,BYDDY,248.63729432215393,2021-05
2021-05-25,7.121282577514648,821400,BYD,BYDDY,250.2831109228537,2021-05
2021-05-26,7.420020580291748,790800,BYD,BYDDY,260.78249440779155,2021-05
2021-05-27,7.350584983825684,757200,BYD,BYDDY,258.34212542886866,2021-05
2021-05-28,7.44424295425415,565200,BYD,BYDDY,261.63380890672585,2021-05
2021-06-01,7.99166202545166,1317000,BYD,BYDDY,280.87328531093686,2021-06
2021-06-02,7.99489164352417,660600,BYD,BYDDY,280.98679279354013,2021-06
2021-06-03,7.820492744445801,672000,BYD,BYDDY,274.85740549178126,2021-06
2021-06-04,8.077247619628906,807600,BYD,BYDDY,283.88125873815306,2021-06
2021-06-07,7.983587741851807,1017600,BYD,BYDDY,280.58950822501896,2021-06
2021-06-08,8.4212007522583,1146000,BYD,BYDDY,295.9697637383563,2021-06
2021-06-09,8.300793647766113,780600,BYD,BYDDY,291.73796077849744,2021-06
2021-06-10,8.832521438598633,1390200,BYD,BYDDY,310.42595471850836,2021-06
2021-06-11,8.945656776428223,976200,BYD,BYDDY,314.4021856852032,2021-06
2021-06-14,9.108891487121582,1223400,BYD,BYDDY,320.1391987524735,2021-06
2021-06-15,9.19131851196289,1072200,BYD,BYDDY,323.0361617611508,2021-06
2021-06-16,8.628880500793457,1914000,BYD,BYDDY,303.2688328278455,2021-06
2021-06-17,9.352938652038574,1755000,BYD,BYDDY,328.71642946652906,2021-06
2021-06-18,9.624459266662598,1911600,BYD,BYDDY,338.2592363089874,2021-06
2021-06-21,9.619609832763672,1614600,BYD,BYDDY,338.08879911748056,2021-06
2021-06-22,9.212328910827637,2545200,BYD,BYDDY,323.7745888537931,2021-06
2021-06-23,9.546881675720217,2308800,BYD,BYDDY,335.53271049181694,2021-06
2021-06-24,9.466072082519531,743400,BYD,BYDDY,332.69259339794695,2021-06
2021-06-25,9.482233047485352,666600,BYD,BYDDY,333.2605832990825,2021-06
2021-06-28,9.915374755859377,1167000,BYD,BYDDY,348.48369136455756,2021-06
2021-06-29,9.915374755859377,729000,BYD,BYDDY,348.48369136455756,2021-06
2021-06-30,9.710116386413574,809400,BYD,BYDDY,341.2697235590872,2021-06
2021-07-01,9.493547439575195,1976400,BYD,BYDDY,333.65823656162655,2021-07
2021-07-02,9.210712432861328,712200,BYD,BYDDY,323.71777645662416,2021-07
2021-07-06,9.247884750366213,897600,BYD,BYDDY,325.0242269680406,2021-07
2021-07-07,9.194549560546877,1175400,BYD,BYDDY,323.1497195202118,2021-07
2021-07-08,9.10242748260498,2080200,BYD,BYDDY,319.9120161990747,2021-07
2021-07-09,9.107276916503906,634200,BYD,BYDDY,320.08245339058146,2021-07
2021-07-12,9.664864540100098,1260600,BYD,BYDDY,339.67931161474155,2021-07
2021-07-13,9.677793502807615,1423800,BYD,BYDDY,340.1337102391776,2021-07
2021-07-14,9.157378196716309,1381200,BYD,BYDDY,321.84330252643394,2021-07
2021-07-15,8.887473106384277,802800,BYD,BYDDY,312.35727456350605,2021-07
2021-07-16,8.70645809173584,745800,BYD,BYDDY,305.995358645016,2021-07
2021-07-19,8.575545310974121,1767600,BYD,BYDDY,301.3943253800167,2021-07
2021-07-20,8.603021621704102,628800,BYD,BYDDY,302.36000206133474,2021-07
2021-07-21,9.202630043029783,639600,BYD,BYDDY,323.4337144707795,2021-07
2021-07-22,9.222025871276855,894600,BYD,BYDDY,324.11539620152985,2021-07
2021-07-23,9.294754981994627,1021800,BYD,BYDDY,326.67151834483195,2021-07
2021-07-26,8.990909576416016,1302000,BYD,BYDDY,315.9926311471873,2021-07
2021-07-27,8.43978500366211,4179000,BYD,BYDDY,296.6229219587876,2021-07
2021-07-28,9.260814666748049,2296200,BYD,BYDDY,325.47865911011513,2021-07
2021-07-29,9.527485847473145,1389000,BYD,BYDDY,334.8510287610666,2021-07
2021-07-30,9.975173950195312,2733000,BYD,BYDDY,350.5853813657851,2021-07
2021-08-02,10.665290832519531,3069600,BYD,BYDDY,374.8400852521134,2021-08
2021-08-03,10.68306827545166,1543200,BYD,BYDDY,375.46488755041787,2021-08
2021-08-04,11.442681312561035,2437800,BYD,BYDDY,402.16208878571035,2021-08
2021-08-05,11.594603538513184,2113200,BYD,BYDDY,407.5015156257136,2021-08
2021-08-06,11.268131256103516,1197600,BYD,BYDDY,396.0273889382576,2021-08
2021-08-09,11.093582153320312,1420200,BYD,BYDDY,389.89272260844314,2021-08
2021-08-10,11.109745979309082,901800,BYD,BYDDY,390.4608130624941,2021-08
2021-08-11,11.161463737487791,720600,BYD,BYDDY,392.2784745955154,2021-08
2021-08-12,11.386115074157717,992400,BYD,BYDDY,400.17402357882077,2021-08
2021-08-13,11.321467399597168,664200,BYD,BYDDY,397.9019299037248,2021-08
2021-08-16,10.419628143310549,1437000,BYD,BYDDY,366.20607565852737,2021-08
2021-08-17,10.430941581726074,1364400,BYD,BYDDY,366.60369540343294,2021-08
2021-08-18,10.71700954437256,483000,BYD,BYDDY,376.65778030277323,2021-08
2021-08-19,10.705694198608398,1010400,BYD,BYDDY,376.2600935225907,2021-08
2021-08-20,10.563469886779783,742800,BYD,BYDDY,371.2615075479626,2021-08
2021-08-23,11.054794311523438,705000,BYD,BYDDY,388.5294932174964,2021-08
2021-08-24,11.111361503601074,1060200,BYD,BYDDY,390.5175919420246,2021-08
2021-08-25,11.020853996276855,350400,BYD,BYDDY,387.33663398277946,2021-08
2021-08-26,10.540843963623049,1011000,BYD,BYDDY,370.46630157578994,2021-08
2021-08-27,10.611955642700195,513600,BYD,BYDDY,372.96557780428464,2021-08
2021-08-30,10.86408233642578,567600,BYD,BYDDY,381.8267699512695,2021-08
2021-08-31,10.849535942077637,721800,BYD,BYDDY,381.31552541202603,2021-08
2021-09-01,10.747715950012209,751800,BYD,BYDDY,377.73698122551383,2021-09
2021-09-02,10.849535942077637,583200,BYD,BYDDY,381.31552541202603,2021-09
2021-09-03,10.602259635925291,863400,BYD,BYDDY,372.6248039741863,2021-09
2021-09-07,11.36672019958496,1304400,BYD,BYDDY,399.49237536570877,2021-09
2021-09-08,11.001459121704102,1083600,BYD,BYDDY,386.65498576966763,2021-09
2021-09-09,11.009539604187012,485400,BYD,BYDDY,386.9389807202354,2021-09
2021-09-10,10.704078674316406,613800,BYD,BYDDY,376.2033146430602,2021-09
2021-09-13,10.68306827545166,579600,BYD,BYDDY,375.46488755041787,2021-09
2021-09-14,10.86085033416748,749400,BYD,BYDDY,381.71317867457014,2021-09
2021-09-15,10.801051139831545,472200,BYD,BYDDY,379.6114886733426,2021-09
2021-09-16,10.340434074401855,876600,BYD,BYDDY,363.4227374441879,2021-09
2021-09-17,10.59094524383545,843000,BYD,BYDDY,372.2271507116423,2021-09
2021-09-20,9.823251724243164,2729400,BYD,BYDDY,345.245954525782,2021-09
2021-09-21,10.102853775024414,953400,BYD,BYDDY,355.0727898364465,2021-09
2021-09-22,10.348515510559082,852000,BYD,BYDDY,363.70676591239413,2021-09
2021-09-23,10.039822578430176,715200,BYD,BYDDY,352.8575085585195,2021-09
2021-09-24,9.971940994262695,727800,BYD,BYDDY,350.47175657144726,2021-09
2021-09-27,10.091540336608888,466800,BYD,BYDDY,354.6751700915409,2021-09
2021-09-28,9.933152198791504,576600,BYD,BYDDY,349.108493662862,2021-09
2021-09-29,9.756987571716309,417000,BYD,BYDDY,342.9170484535171,2021-09
2021-09-30,10.07861042022705,580800,BYD,BYDDY,354.2207379494663,2021-09
2021-10-01,9.98325538635254,427800,BYD,BYDDY,350.86940983399137,2021-10
2021-10-04,9.915374755859377,795600,BYD,BYDDY,348.48369136455756,2021-10
2021-10-05,10.283867835998535,823200,BYD,BYDDY,361.4346722372982,2021-10
2021-10-06,10.012346267700195,543000,BYD,BYDDY,351.8918318772014,2021-10
2021-10-07,10.456801414489746,948600,BYD,BYDDY,367.5125596875821,2021-10
2021-10-08,10.277403831481934,567600,BYD,BYDDY,361.2074896838993,2021-10
2021-10-11,10.61680507659912,666000,BYD,BYDDY,373.13601499579136,2021-10
2021-10-12,10.573166847229004,328200,BYD,BYDDY,371.6023148956994,2021-10
2021-10-13,10.912569046020508,784800,BYD,BYDDY,383.53087372523,2021-10
2021-10-14,10.9174165725708,1197000,BYD,BYDDY,383.70124388145985,2021-10
2021-10-15,11.413591384887695,1175400,BYD,BYDDY,401.1397002601388,2021-10
2021-10-18,11.575210571289062,618000,BYD,BYDDY,406.8199344478786,2021-10
2021-10-19,11.790163040161133,499200,BYD,BYDDY,414.3746090481703,2021-10
2021-10-20,11.851580619812012,493800,BYD,BYDDY,416.5331784818437,2021-10
2021-10-21,11.87097454071045,717600,BYD,BYDDY,417.2147931773171,2021-10
2021-10-22,12.308963775634766,954000,BYD,BYDDY,432.60827139902204,2021-10
2021-10-25,12.958675384521484,1546800,BYD,BYDDY,455.4428999795961,2021-10
2021-10-26,12.852006912231444,1362600,BYD,BYDDY,451.6939521192155,2021-10
2021-10-27,12.92311954498291,798000,BYD,BYDDY,454.19326186534875,2021-10
2021-10-28,12.09724235534668,2239200,BYD,BYDDY,425.1671545577914,2021-10
2021-10-29,11.70773696899414,1553400,BYD,BYDDY,411.47767955713147,2021-10
2021-11-01,12.115019798278809,1666800,BYD,BYDDY,425.7919568560958,2021-11
2021-11-02,12.350984573364258,1138200,BYD,BYDDY,434.08512558430675,2021-11
2021-11-03,12.265326499938965,598800,BYD,BYDDY,431.07460481656847,2021-11
2021-11-04,12.947362899780272,1053600,BYD,BYDDY,455.04531375232887,2021-11
2021-11-05,12.759882926940918,768600,BYD,BYDDY,448.4561817628015,2021-11
2021-11-08,12.753418922424316,608400,BYD,BYDDY,448.22899920940273,2021-11
2021-11-09,12.74856948852539,938400,BYD,BYDDY,448.05856201789595,2021-11
2021-11-10,12.407551765441896,840000,BYD,BYDDY,436.0732243088349,2021-11
2021-11-11,12.790590286254885,861600,BYD,BYDDY,449.53541620318066,2021-11
2021-11-12,12.46896743774414,1037400,BYD,BYDDY,438.2317267072314,2021-11
2021-11-15,12.126334190368652,862800,BYD,BYDDY,426.1896101186399,2021-11
2021-11-16,12.609576225280762,1102200,BYD,BYDDY,443.1735338023289,2021-11
2021-11-17,12.292802810668944,906000,BYD,BYDDY,432.04028149788644,2021-11
2021-11-18,12.45603847503662,976200,BYD,BYDDY,437.77732808279524,2021-11
2021-11-19,12.451189041137695,612000,BYD,BYDDY,437.60689089128846,2021-11
2021-11-22,13.01685905456543,1081800,BYD,BYDDY,457.48781110129323,2021-11
2021-11-23,13.11706256866455,856200,BYD,BYDDY,461.00954289063657,2021-11
2021-11-24,13.09120273590088,600000,BYD,BYDDY,460.10067860648746,2021-11
2021-11-26,12.467350959777832,939600,BYD,BYDDY,438.1749143100625,2021-11
2021-11-29,12.637052536010742,1119600,BYD,BYDDY,444.139210483647,2021-11
2021-11-30,12.776045799255373,1507200,BYD,BYDDY,449.024238699214,2021-11
2021-12-01,12.52230167388916,880200,BYD,BYDDY,440.1062006374217,2021-12
2021-12-02,12.520686149597168,619200,BYD,BYDDY,440.04942175789125,2021-12
2021-12-03,12.005117416381836,2301000,BYD,BYDDY,421.92935068373885,2021-12
2021-12-06,11.930773735046388,1206000,BYD,BYDDY,419.31648317854473,2021-12
2021-12-07,12.200677871704102,486000,BYD,BYDDY,428.802477623834,2021-12
2021-12-08,12.224921226501465,500400,BYD,BYDDY,429.65452951081426,2021-12
2021-12-09,11.972795486450195,568200,BYD,BYDDY,420.79337088146775,2021-12
2021-12-10,12.06814956665039,405600,BYD,BYDDY,424.14466547930436,2021-12
2021-12-13,11.74975872039795,956400,BYD,BYDDY,412.95456726005455,2021-12
2021-12-14,11.496015548706056,1510800,BYD,BYDDY,404.0365627159008,2021-12
2021-12-15,11.087118148803713,2277000,BYD,BYDDY,389.6655400550444,2021-12
2021-12-16,11.271364212036133,549000,BYD,BYDDY,396.14101373259547,2021-12
2021-12-17,10.957822799682615,931800,BYD,BYDDY,385.12135270485237,2021-12
2021-12-20,10.114166259765623,2460600,BYD,BYDDY,355.4703760637136,2021-12
2021-12-21,10.794586181640623,851400,BYD,BYDDY,379.3842726023052,2021-12
2021-12-22,11.041866302490234,453000,BYD,BYDDY,388.0751281106987,2021-12
2021-12-23,11.16631317138672,595200,BYD,BYDDY,392.44891178702227,2021-12
2021-12-27,10.885093688964844,745200,BYD,BYDDY,382.5652305615503,2021-12
2021-12-28,10.702463150024414,399600,BYD,BYDDY,376.1465357635297,2021-12
2021-12-29,10.854384422302246,524400,BYD,BYDDY,381.4859290858944,2021-12
2021-12-30,11.253585815429688,1653600,BYD,BYDDY,395.51617791665257,2021-12
2021-12-31,10.90933609008789,595800,BYD,BYDDY,383.4172489308921,2021-12
2022-01-03,11.266515731811523,829200,BYD,BYDDY,395.9706100587271,2022-01
2022-01-04,11.18570613861084,953400,BYD,BYDDY,393.1304929648572,2022-01
2022-01-05,10.343667030334473,1438200,BYD,BYDDY,363.5363622385257,2022-01
2022-01-06,10.304880142211914,804000,BYD,BYDDY,362.1731663652174,2022-01
2022-01-07,10.196592330932615,651600,BYD,BYDDY,358.3673055547524,2022-01
2022-01-10,9.90082836151123,1439400,BYD,BYDDY,347.972446825314,2022-01
2022-01-11,10.29841423034668,805800,BYD,BYDDY,361.94591677654165,2022-01
2022-01-12,10.922266960144045,966600,BYD,BYDDY,383.87171459060517,2022-01
2022-01-13,10.670138359069824,879000,BYD,BYDDY,375.01045540834326,2022-01
2022-01-14,10.985297203063965,689400,BYD,BYDDY,386.08696235089366,2022-01
2022-01-18,10.965903282165527,828000,BYD,BYDDY,385.4053476554202,2022-01
2022-01-19,10.555389404296877,415200,BYD,BYDDY,370.977512597395,2022-01
2022-01-20,10.818829536437988,599400,BYD,BYDDY,380.23632448928544,2022-01
2022-01-21,10.548924446105955,1168800,BYD,BYDDY,370.75029652635754,2022-01
2022-01-24,9.971940994262695,2722800,BYD,BYDDY,350.47175657144726,2022-01
2022-01-25,9.997800827026367,481200,BYD,BYDDY,351.38062085559636,2022-01
2022-01-26,10.068913459777832,567600,BYD,BYDDY,353.8799306017296,2022-01
2022-01-27,9.813553810119627,1399800,BYD,BYDDY,344.90511366040676,2022-01
2022-01-28,9.091113090515137,1525200,BYD,BYDDY,319.5143629365306,2022-01
2022-01-31,9.630924224853516,794400,BYD,BYDDY,338.4864523800247,2022-01
2022-02-01,9.676177024841309,543600,BYD,BYDDY,340.07689784200875,2022-02
2022-02-02,9.677793502807615,651000,BYD,BYDDY,340.1337102391776,2022-02
2022-02-03,9.511324882507324,717600,BYD,BYDDY,334.283038859931,2022-02
2022-02-04,9.939618110656738,621600,BYD,BYDDY,349.33574325153774,2022-02
2022-02-07,10.015579223632812,279000,BYD,BYDDY,352.00545667153926,2022-02
2022-02-08,9.981637954711914,638400,BYD,BYDDY,350.81256391918396,2022-02
2022-02-09,10.291948318481444,527400,BYD,BYDDY,361.7186671878659,2022-02
2022-02-10,9.85557460784912,516600,BYD,BYDDY,346.3819678456914,2022-02
2022-02-11,9.435362815856934,1093200,BYD,BYDDY,331.613291922291,2022-02
2022-02-14,9.69880485534668,982800,BYD,BYDDY,340.8721708494585,2022-02
2022-02-15,10.19982624053955,712800,BYD,BYDDY,358.4809638667288,2022-02
2022-02-16,10.235382080078123,318600,BYD,BYDDY,359.73060198097613,2022-02
2022-02-17,10.337202072143556,839400,BYD,BYDDY,363.3091461674885,2022-02
2022-02-18,10.017194747924805,372000,BYD,BYDDY,352.06223555106976,2022-02
2022-02-22,9.697188377380373,529200,BYD,BYDDY,340.81535845228956,2022-02
2022-02-23,9.810321807861328,630000,BYD,BYDDY,344.79152238370744,2022-02
2022-02-24,9.708501815795898,1121400,BYD,BYDDY,341.2129781971951,2022-02
2022-02-25,9.941234588623049,589800,BYD,BYDDY,349.3925556487067,2022-02
2022-02-28,10.02689266204834,1129800,BYD,BYDDY,352.40307641644495,2022-02
2022-03-01,9.719815254211426,431400,BYD,BYDDY,341.61059794210075,2022-03
2022-03-02,9.904061317443848,414600,BYD,BYDDY,348.0860716196519,2022-03
2022-03-03,9.37718105316162,1249800,BYD,BYDDY,329.56844783587076,2022-03
2022-03-04,8.669285774230957,1119600,BYD,BYDDY,304.6889081335996,2022-03
2022-03-07,8.257156372070312,1371000,BYD,BYDDY,290.20429419604386,2022-03
2022-03-08,7.798155307769775,2323200,BYD,BYDDY,274.0723386052389,2022-03
2022-03-09,8.270084381103516,1251000,BYD,BYDDY,290.6586593028415,2022-03
2022-03-10,7.920986652374268,2311800,BYD,BYDDY,278.3893434020319,2022-03
2022-03-11,7.668859004974365,1474800,BYD,BYDDY,269.5281177374086,2022-03
2022-03-14,6.998137950897217,2814600,BYD,BYDDY,245.9550955818306,2022-03
2022-03-15,7.234102725982666,2069400,BYD,BYDDY,254.24826431004152,2022-03
2022-03-16,8.858380317687988,2403000,BYD,BYDDY,311.3347854850191,2022-03
2022-03-17,8.709691047668457,838200,BYD,BYDDY,306.10898343935384,2022-03
2022-03-18,9.176772117614746,1441800,BYD,BYDDY,322.5249172219073,2022-03
2022-03-21,8.784035682678223,880800,BYD,BYDDY,308.72188446218644,2022-03
2022-03-22,9.160609245300291,724200,BYD,BYDDY,321.95686028549477,2022-03
2022-03-23,9.244650840759276,826200,BYD,BYDDY,324.91056865606413,2022-03
2022-03-24,9.268896102905272,339600,BYD,BYDDY,325.7626875783212,2022-03
2022-03-25,8.822824478149414,1422000,BYD,BYDDY,310.0851473707717,2022-03
2022-03-28,8.884241104125977,793800,BYD,BYDDY,312.24368328680663,2022-03
2022-03-29,8.921411514282227,887400,BYD,BYDDY,313.5500667629461,2022-03
2022-03-30,9.223641395568848,957000,BYD,BYDDY,324.1721750810603,2022-03
2022-03-31,8.944039344787598,1369200,BYD,BYDDY,314.34533977039575,2022-03
2022-04-01,9.34162425994873,898800,BYD,BYDDY,328.31877620398495,2022-04
2022-04-04,10.156187057495115,1110600,BYD,BYDDY,356.9472302489983,2022-04
2022-04-05,9.841029167175291,1809000,BYD,BYDDY,345.87075682408636,2022-04
2022-04-06,9.700420379638672,907200,BYD,BYDDY,340.9289497289889,2022-04
2022-04-07,9.640620231628418,837600,BYD,BYDDY,338.82722621012294,2022-04
2022-04-08,9.711734771728516,523200,BYD,BYDDY,341.32660299153304,2022-04
2022-04-11,9.223641395568848,855000,BYD,BYDDY,324.1721750810603,2022-04
2022-04-12,9.14283275604248,729000,BYD,BYDDY,321.33209150482884,2022-04
2022-04-13,9.653550148010254,679200,BYD,BYDDY,339.28165835219744,2022-04
2022-04-14,9.664864540100098,646800,BYD,BYDDY,339.67931161474155,2022-04
2022-04-18,9.656783103942873,840600,BYD,BYDDY,339.3952831465354,2022-04
2022-04-19,9.947699546813965,715200,BYD,BYDDY,349.61977171974394,2022-04
2022-04-20,9.588902473449709,891600,BYD,BYDDY,337.0095646771016,2022-04
2022-04-21,9.21555995941162,943800,BYD,BYDDY,323.88814661285403,2022-04
2022-04-22,9.39172649383545,482400,BYD,BYDDY,330.07965885747586,2022-04
2022-04-25,9.222025871276855,1013400,BYD,BYDDY,324.11539620152985,2022-04
2022-04-26,8.897170066833496,832800,BYD,BYDDY,312.69808191124275,2022-04
2022-04-27,9.236570358276367,653400,BYD,BYDDY,324.6265737054964,2022-04
2022-04-28,9.357786178588867,909000,BYD,BYDDY,328.886799622759,2022-04
2022-04-29,9.362634658813477,1428000,BYD,BYDDY,329.05720329662734,2022-04
2022-05-02,9.37394905090332,1174200,BYD,BYDDY,329.4548565591714,2022-05
2022-05-03,9.689106941223145,776400,BYD,BYDDY,340.5313299840833,2022-05
2022-05-04,9.981637954711914,1042200,BYD,BYDDY,350.81256391918396,2022-05
2022-05-05,9.37394905090332,1075200,BYD,BYDDY,329.4548565591714,2022-05
2022-05-06,9.238187789916992,806400,BYD,BYDDY,324.6834196203038,2022-05
2022-05-09,8.538373947143555,1120200,BYD,BYDDY,300.08790838623884,2022-05
2022-05-10,8.712923049926758,1125600,BYD,BYDDY,306.22257471605326,2022-05
2022-05-11,9.204248428344728,1393200,BYD,BYDDY,323.49059390322543,2022-05
2022-05-12,9.255966186523438,1155600,BYD,BYDDY,325.3082554362467,2022-05
2022-05-13,9.823251724243164,1100400,BYD,BYDDY,345.245954525782,2022-05
2022-05-16,9.841029167175291,841200,BYD,BYDDY,345.87075682408636,2022-05
2022-05-17,10.481043815612791,1449600,BYD,BYDDY,368.3645780569238,2022-05
2022-05-18,10.477811813354492,1695000,BYD,BYDDY,368.2509867802244,2022-05
2022-05-19,10.9109525680542,1434000,BYD,BYDDY,383.474061328061,2022-05
2022-05-20,10.76064682006836,1368600,BYD,BYDDY,378.1914468852268,2022-05
2022-05-23,11.009539604187012,1405200,BYD,BYDDY,386.9389807202354,2022-05
2022-05-24,10.319425582885742,1216200,BYD,BYDDY,362.68437738682246,2022-05
2022-05-25,10.686302185058594,740400,BYD,BYDDY,375.5785458623942,2022-05
2022-05-26,11.243889808654783,1152600,BYD,BYDDY,395.17540408655424,2022-05
2022-05-27,11.253585815429688,1877400,BYD,BYDDY,395.51617791665257,2022-05
2022-05-31,11.476622581481934,1578000,BYD,BYDDY,403.3549815380658,2022-05
2022-06-01,11.521876335144045,876000,BYD,BYDDY,404.9454605176884,2022-06
2022-06-02,12.058453559875488,1265400,BYD,BYDDY,423.80389164920604,2022-06
2022-06-03,11.814406394958496,717600,BYD,BYDDY,415.2266609351505,2022-06
2022-06-06,12.360682487487791,1700400,BYD,BYDDY,434.42596644968177,2022-06
2022-06-07,12.359066009521484,740400,BYD,BYDDY,434.36915405251295,2022-06
2022-06-08,12.585334777832031,1268400,BYD,BYDDY,442.3215489506256,2022-06
2022-06-09,12.090777397155762,1377600,BYD,BYDDY,424.939938486754,2022-06
2022-06-10,12.657181739807127,1324800,BYD,BYDDY,444.8466672783635,2022-06
2022-06-13,12.193126678466797,1875000,BYD,BYDDY,428.5370849626048,2022-06
2022-06-14,12.823722839355469,1744200,BYD,BYDDY,450.6998859981322,2022-06
2022-06-15,12.223849296569824,2303400,BYD,BYDDY,429.616855685199,2022-06
2022-06-16,11.774348258972168,2642400,BYD,BYDDY,413.8187860497913,2022-06
2022-06-17,12.058923721313477,982800,BYD,BYDDY,423.8204158449608,2022-06
2022-06-21,12.432430267333984,1120200,BYD,BYDDY,436.94759894302126,2022-06
2022-06-22,12.31601333618164,1064400,BYD,BYDDY,432.85603378242786,2022-06
2022-06-23,12.773599624633787,1029000,BYD,BYDDY,448.9382659565955,2022-06
2022-06-24,12.75743007659912,1395000,BYD,BYDDY,448.3699743967139,2022-06
2022-06-27,12.974095344543455,1353000,BYD,BYDDY,455.9848466756577,2022-06
2022-06-28,13.413896560668944,1860000,BYD,BYDDY,471.4420084104134,2022-06
2022-06-29,13.10506534576416,1453200,BYD,BYDDY,460.58789099896387,2022-06
2022-06-30,13.012901306152344,1369800,BYD,BYDDY,457.34871290173504,2022-06
2022-07-01,12.89001750946045,1069800,BYD,BYDDY,453.02986463482745,2022-07
2022-07-05,12.97086238861084,2035800,BYD,BYDDY,455.87122188131997,2022-07
2022-07-06,12.990264892578123,1007400,BYD,BYDDY,456.5531382355393,2022-07
2022-07-07,13.649964332580566,1045200,BYD,BYDDY,479.7387970435767,2022-07
2022-07-08,13.337900161743164,1207200,BYD,BYDDY,468.77105483778934,2022-07
2022-07-11,12.54399871826172,1003200,BYD,BYDDY,440.8687604297465,2022-07
2022-07-12,11.164772033691406,2536800,BYD,BYDDY,392.39474728329066,2022-07
2022-07-13,11.23753261566162,1585200,BYD,BYDDY,394.9519755086615,2022-07
2022-07-14,12.079943656921388,1081800,BYD,BYDDY,424.5591781139876,2022-07
2022-07-15,12.167258262634276,849600,BYD,BYDDY,427.6279190197096,2022-07
2022-07-18,11.997481346130373,1493400,BYD,BYDDY,421.6609749526878,2022-07
2022-07-19,12.078327178955078,1048800,BYD,BYDDY,424.5023657168187,2022-07
2022-07-20,11.779199600219728,1640400,BYD,BYDDY,413.98929027657505,2022-07
2022-07-21,11.906933784484863,628200,BYD,BYDDY,418.4786092526279,2022-07
2022-07-22,11.549596786499023,843600,BYD,BYDDY,405.919717714449,2022-07
2022-07-25,11.79375171661377,625200,BYD,BYDDY,414.50073592164915,2022-07
2022-07-26,11.69350242614746,409200,BYD,BYDDY,410.9773952856603,2022-07
2022-07-27,11.984546661376951,361800,BYD,BYDDY,421.2063752224209,2022-07
2022-07-28,12.02981948852539,575400,BYD,BYDDY,422.79752455481247,2022-07
2022-07-29,11.80992031097412,1002600,BYD,BYDDY,415.0689939638922,2022-07
2022-08-01,12.037903785705566,1576200,BYD,BYDDY,423.081653575934,2022-08
2022-08-02,11.877829551696776,1297200,BYD,BYDDY,417.4557179624794,2022-08
2022-08-03,12.016884803771973,637200,BYD,BYDDY,422.34292482454566,2022-08
2022-08-04,12.29822826385498,727200,BYD,BYDDY,432.2309633430158,2022-08
2022-08-05,11.889148712158203,600600,BYD,BYDDY,417.85353881321583,2022-08
2022-08-08,12.036287307739258,596400,BYD,BYDDY,423.0248411787651,2022-08
2022-08-09,11.78081512451172,496800,BYD,BYDDY,414.04606915610555,2022-08
2022-08-10,11.717755317687988,675600,BYD,BYDDY,411.82978234902504,2022-08
2022-08-11,11.86489486694336,693600,BYD,BYDDY,417.00111823221266,2022-08
2022-08-12,11.853575706481934,423000,BYD,BYDDY,416.6032973814764,2022-08
2022-08-15,11.787282943725586,702000,BYD,BYDDY,414.27338578005805,2022-08
2022-08-16,11.74039363861084,842400,BYD,BYDDY,412.6254240504977,2022-08
2022-08-17,11.847108840942385,496200,BYD,BYDDY,416.3760142751623,2022-08
2022-08-18,11.680566787719728,298200,BYD,BYDDY,410.5227620377551,2022-08
2022-08-19,11.277956008911133,721200,BYD,BYDDY,396.37268764954626,2022-08
2022-08-22,11.350717544555664,464400,BYD,BYDDY,398.9299493925556,2022-08
2022-08-23,11.159920692443848,952200,BYD,BYDDY,392.22424305650696,2022-08
2022-08-24,10.844623565673828,832200,BYD,BYDDY,381.1428760563817,2022-08
2022-08-25,10.99661350250244,1647600,BYD,BYDDY,386.4846826487145,2022-08
2022-08-26,10.909300804138184,1362600,BYD,BYDDY,383.4160087782695,2022-08
2022-08-29,11.266636848449709,1030800,BYD,BYDDY,395.97486679881,2022-08
2022-08-30,10.377336502075195,2014800,BYD,BYDDY,364.7197024639235,2022-08
2022-08-31,9.990894317626951,1560600,BYD,BYDDY,351.1378861179577,2022-08
2022-09-01,9.52360725402832,1787400,BYD,BYDDY,334.7147125254996,2022-09
2022-09-02,8.868759155273438,1992600,BYD,BYDDY,311.6995579442459,2022-09
2022-09-06,8.893012046813965,1591200,BYD,BYDDY,312.5519450076106,2022-09
2022-09-07,9.289155006408691,2019600,BYD,BYDDY,326.4747027718668,2022-09
2022-09-08,9.023983001708984,623400,BYD,BYDDY,317.1550228485552,2022-09
2022-09-09,9.151718139648438,832200,BYD,BYDDY,321.6443753422465,2022-09
2022-09-12,9.329578399658203,961800,BYD,BYDDY,327.8954149127515,2022-09
2022-09-13,9.255199432373049,1368600,BYD,BYDDY,325.2813072549348,2022-09
2022-09-14,9.098359107971191,748200,BYD,BYDDY,319.7690299534566,2022-09
2022-09-15,8.815400123596191,600600,BYD,BYDDY,309.82421255545603,2022-09
2022-09-16,8.773360252380371,560400,BYD,BYDDY,308.34668801740236,2022-09
2022-09-19,9.07895565032959,630600,BYD,BYDDY,319.0870800815987,2022-09
2022-09-20,9.011046409606934,495600,BYD,BYDDY,316.70035608301146,2022-09
2022-09-21,8.771743774414062,607200,BYD,BYDDY,308.28987562023343,2022-09
2022-09-22,8.77497673034668,582000,BYD,BYDDY,308.4035004145713,2022-09
2022-09-23,8.590648651123047,877200,BYD,BYDDY,301.9251442201137,2022-09
2022-09-26,8.737788200378418,451200,BYD,BYDDY,307.09648010330136,2022-09
2022-09-27,8.645625114440918,1191600,BYD,BYDDY,303.857335523711,2022-09
2022-09-28,8.698983192443848,828600,BYD,BYDDY,305.7326473948625,2022-09
2022-09-29,8.147615432739258,804600,BYD,BYDDY,286.3543912086586,2022-09
2022-09-30,7.947118282318115,650400,BYD,BYDDY,279.3077602131387,2022-09
2022-10-03,8.108809471130371,789000,BYD,BYDDY,284.9905249825813,2022-10
2022-10-04,8.778210639953613,2195400,BYD,BYDDY,308.5171587265476,2022-10
2022-10-05,8.590648651123047,849600,BYD,BYDDY,301.9251442201137,2022-10
2022-10-06,8.327092170715332,461400,BYD,BYDDY,292.66224317633254,2022-10
2022-10-07,8.00370979309082,573000,BYD,BYDDY,281.2967136374473,2022-10
2022-10-10,7.745004653930664,1132800,BYD,BYDDY,272.2043168204498,2022-10
2022-10-11,7.745004653930664,1858200,BYD,BYDDY,272.2043168204498,2022-10
2022-10-12,7.963287353515625,906600,BYD,BYDDY,279.876035014201,2022-10
2022-10-13,7.929332733154297,900000,BYD,BYDDY,278.6826730149074,2022-10
2022-10-14,7.854955673217773,455400,BYD,BYDDY,276.06863239236753,2022-10
2022-10-17,8.31092357635498,1195200,BYD,BYDDY,292.0939851340894,2022-10
2022-10-18,8.393386840820312,1607400,BYD,BYDDY,294.99222181302775,2022-10
2022-10-19,8.00370979309082,859800,BYD,BYDDY,281.2967136374473,2022-10
2022-10-20,8.058686256408691,621000,BYD,BYDDY,283.22890494104456,2022-10
2022-10-21,8.246247291564941,658800,BYD,BYDDY,289.82088592984,2022-10
2022-10-24,7.580079555511475,2454600,BYD,BYDDY,266.40789373903084,2022-10
2022-10-25,7.654457569122314,1808400,BYD,BYDDY,269.0219678792091,2022-10
2022-10-26,7.804830551147461,1692000,BYD,BYDDY,274.3069453155539,2022-10
2022-10-27,7.517020225524902,1492200,BYD,BYDDY,264.19162369076963,2022-10
2022-10-28,7.093389987945557,2199600,BYD,BYDDY,249.30280379235322,2022-10
2022-10-31,7.311672687530518,837600,BYD,BYDDY,256.97452198610443,2022-10
2022-11-01,7.52833890914917,1393200,BYD,BYDDY,264.5894277826867,2022-11
2022-11-02,7.709433555603027,2030400,BYD,BYDDY,270.9541424239872,2022-11
2022-11-03,7.919631004333496,1312800,BYD,BYDDY,278.3416980789784,2022-11
2022-11-04,7.880825042724609,3375000,BYD,BYDDY,276.97783185290115,2022-11
2022-11-07,8.09587574005127,1653000,BYD,BYDDY,284.5359587699529,2022-11
2022-11-08,8.128212928771973,955800,BYD,BYDDY,285.67247485443914,2022-11
2022-11-09,7.43779182434082,985200,BYD,BYDDY,261.4070788414461,2022-11
2022-11-10,7.796746253967285,1340400,BYD,BYDDY,274.02281629443235,2022-11
2022-11-11,8.008561134338379,1695600,BYD,BYDDY,281.4672178642309,2022-11
2022-11-14,7.905078411102295,798000,BYD,BYDDY,277.830235675085,2022-11
2022-11-15,8.00370979309082,1405200,BYD,BYDDY,281.2967136374473,2022-11
2022-11-16,7.790278434753418,710400,BYD,BYDDY,273.7954996704797,2022-11
2022-11-17,7.825850963592529,864000,BYD,BYDDY,275.04572434339997,2022-11
2022-11-18,7.643138885498047,504000,BYD,BYDDY,268.62416378729205,2022-11
2022-11-21,7.578463554382324,703800,BYD,BYDDY,266.35109810068116,2022-11
2022-11-22,7.28418493270874,1440600,BYD,BYDDY,256.008443093125,2022-11
2022-11-23,7.327841281890869,682800,BYD,BYDDY,257.5427800283475,2022-11
2022-11-25,7.075603485107422,1053000,BYD,BYDDY,248.6776830764835,2022-11
2022-11-28,7.146747589111328,1057800,BYD,BYDDY,251.17809890468544,2022-11
2022-11-29,7.539657592773437,842400,BYD,BYDDY,264.98723187460376,2022-11
2022-11-30,8.281820297241211,2473800,BYD,BYDDY,291.0711273615795,2022-11
2022-12-01,8.084556579589844,1002000,BYD,BYDDY,284.1381379192166,2022-12
2022-12-02,8.407939910888672,1669200,BYD,BYDDY,295.50370097574034,2022-12
2022-12-05,7.950352191925049,1513800,BYD,BYDDY,279.421418525115,2022-12
2022-12-06,8.297988891601562,1633800,BYD,BYDDY,291.63938540382264,2022-12
2022-12-07,8.466148376464844,1232400,BYD,BYDDY,297.5494835560371,2022-12
2022-12-08,8.931818962097168,2228400,BYD,BYDDY,313.91584475132635,2022-12
2022-12-09,8.720002174377441,1534200,BYD,BYDDY,306.47137614625086,2022-12
2022-12-12,8.768509864807129,723600,BYD,BYDDY,308.17621730825715,2022-12
2022-12-13,8.6359224319458,1056000,BYD,BYDDY,303.51632707014363,2022-12
2022-12-14,8.530823707580566,1025400,BYD,BYDDY,299.822549242648,2022-12
2022-12-15,8.506570816040039,1878000,BYD,BYDDY,298.97016217928336,2022-12
2022-12-16,8.538908958435059,2408400,BYD,BYDDY,300.106711781408,2022-12
2022-12-19,8.370749473571777,1164600,BYD,BYDDY,294.19661362919356,2022-12
2022-12-20,8.296372413635254,654000,BYD,BYDDY,291.58257300665366,2022-12
2022-12-21,8.356196403503418,1026000,BYD,BYDDY,293.6851344664809,2022-12
2022-12-22,8.100726127624512,791400,BYD,BYDDY,284.7064294790982,2022-12
2022-12-23,7.92286491394043,363000,BYD,BYDDY,278.45535639095476,2022-12
2022-12-27,7.906695365905762,2196000,BYD,BYDDY,277.8870648310732,2022-12
2022-12-28,7.840403079986572,1096800,BYD,BYDDY,275.55716998847413,2022-12
2022-12-29,8.084556579589844,1222200,BYD,BYDDY,284.1381379192166,2022-12
2022-12-30,7.945501804351807,360600,BYD,BYDDY,279.25094781596977,2022-12
2023-01-03,8.252716064453125,1242600,BYD,BYDDY,290.0482360714311,2023-01
2023-01-04,8.708684921264648,1317000,BYD,BYDDY,306.0736223307914,2023-01
2023-01-05,8.627838134765625,1860600,BYD,BYDDY,303.2321980490221,2023-01
2023-01-06,8.488783836364746,1697400,BYD,BYDDY,298.3450247045944,2023-01
2023-01-09,8.38530158996582,934800,BYD,BYDDY,294.7080592742677,2023-01
2023-01-10,8.64724063873291,1287600,BYD,BYDDY,303.91411440324146,2023-01
2023-01-11,9.088658332824709,1080000,BYD,BYDDY,319.4280885351661,2023-01
2023-01-12,9.581815719604492,1990200,BYD,BYDDY,336.7604951057963,2023-01
2023-01-13,9.555946350097656,809400,BYD,BYDDY,335.8512956452627,2023-01
2023-01-17,9.184056282043455,736200,BYD,BYDDY,322.7809249443711,2023-01
2023-01-18,9.066021919250488,819600,BYD,BYDDY,318.63251386897036,2023-01
2023-01-19,9.41204071044922,602400,BYD,BYDDY,330.79361807405144,2023-01
2023-01-20,9.42174243927002,914400,BYD,BYDDY,331.13459300998034,2023-01
2023-01-23,9.57373046875,1441200,BYD,BYDDY,336.4763325670363,2023-01
2023-01-24,9.614153861999512,516600,BYD,BYDDY,337.89704470792105,2023-01
2023-01-25,9.572114944458008,1128600,BYD,BYDDY,336.4195536875058,2023-01
2023-01-26,10.037785530090332,1639800,BYD,BYDDY,352.7859148827951,2023-01
2023-01-27,10.267385482788086,1152600,BYD,BYDDY,360.85538689200575,2023-01
2023-01-30,10.377336502075195,2062800,BYD,BYDDY,364.7197024639235,2023-01
2023-01-31,10.267385482788086,1674600,BYD,BYDDY,360.85538689200575,2023-01
2023-02-01,10.857559204101562,1667400,BYD,BYDDY,381.5975093042869,2023-02
2023-02-02,10.73467254638672,1686000,BYD,BYDDY,377.278560484464,2023-02
2023-02-03,10.414525032043455,1525200,BYD,BYDDY,366.0267227751933,2023-02
2023-02-06,10.110546112060549,3430200,BYD,BYDDY,355.3431431081661,2023-02
2023-02-07,10.05072021484375,814800,BYD,BYDDY,353.2405146130619,2023-02
2023-02-08,9.80980110168457,1383600,BYD,BYDDY,344.7732217531149,2023-02
2023-02-09,10.133182525634766,1050000,BYD,BYDDY,356.1387177743618,2023-02
2023-02-10,9.804949760437012,1506000,BYD,BYDDY,344.6027175263312,2023-02
2023-02-13,9.965024948120115,651000,BYD,BYDDY,350.2286866574241,2023-02
2023-02-14,9.892263412475586,722400,BYD,BYDDY,347.6714249144148,2023-02
2023-02-15,9.879327774047852,658800,BYD,BYDDY,347.21679166650955,2023-02
2023-02-16,9.71763801574707,2121000,BYD,BYDDY,341.5340771735246,2023-02
2023-02-17,9.47348403930664,1306800,BYD,BYDDY,332.95309248396285,2023-02
2023-02-21,9.300474166870115,1022400,BYD,BYDDY,326.87252362260307,2023-02
2023-02-22,9.213160514831545,951000,BYD,BYDDY,323.8038162345196,2023-02
2023-02-23,9.129080772399902,1062600,BYD,BYDDY,320.84876715841233,2023-02
2023-02-24,8.978708267211914,1755600,BYD,BYDDY,315.5638064808868,2023-02
2023-02-27,8.842887878417969,1331400,BYD,BYDDY,310.7902914484354,2023-02
2023-02-28,8.694132804870605,724800,BYD,BYDDY,305.56217668571725,2023-02
2023-03-01,9.130698204040527,1626000,BYD,BYDDY,320.9056130732197,2023-03
2023-03-02,9.318259239196776,1184400,BYD,BYDDY,327.4975940620151,2023-03
2023-03-03,9.373234748840332,730200,BYD,BYDDY,329.42975184797405,2023-03
2023-03-06,9.290771484375,1322400,BYD,BYDDY,326.53151516903574,2023-03
2023-03-07,9.019131660461426,971400,BYD,BYDDY,316.9845186217715,2023-03
2023-03-08,8.97223949432373,757800,BYD,BYDDY,315.3364563392957,2023-03
2023-03-09,8.812166213989258,598200,BYD,BYDDY,309.7105542434797,2023-03
2023-03-10,8.296372413635254,1842600,BYD,BYDDY,291.58257300665366,2023-03
2023-03-13,8.084556579589844,1238400,BYD,BYDDY,284.1381379192166,2023-03
2023-03-14,8.217143058776855,1369200,BYD,BYDDY,288.7979946396917,2023-03
2023-03-15,8.115276336669922,676800,BYD,BYDDY,285.2178080888955,2023-03
2023-03-16,8.351346015930176,732000,BYD,BYDDY,293.51466375733565,2023-03
2023-03-17,8.327092170715332,752400,BYD,BYDDY,292.66224317633254,2023-03
2023-03-20,8.296372413635254,922800,BYD,BYDDY,291.58257300665366,2023-03
2023-03-21,8.359431266784668,1726200,BYD,BYDDY,293.7988262960956,2023-03
2023-03-22,8.443510055541992,834600,BYD,BYDDY,296.7538418545645,2023-03
2023-03-23,8.631072044372559,870600,BYD,BYDDY,303.34585636099837,2023-03
2023-03-24,8.655326843261719,698400,BYD,BYDDY,304.19831045963997,2023-03
2023-03-27,8.556694030761719,508800,BYD,BYDDY,300.73178222082004,2023-03
2023-03-28,8.930200576782227,1182600,BYD,BYDDY,313.8589653188805,2023-03
2023-03-29,9.104827880859377,1966800,BYD,BYDDY,319.9963800950477,2023-03
2023-03-30,9.44761085510254,1375200,BYD,BYDDY,332.0437589528755,2023-03
2023-03-31,9.513906478881836,993000,BYD,BYDDY,334.3737711072091,2023-03
2023-04-03,9.536542892456056,1247400,BYD,BYDDY,335.16934577340487,2023-04
2023-04-04,9.431443214416504,763800,BYD,BYDDY,331.4755344282708,2023-04
2023-04-05,9.253582954406738,952200,BYD,BYDDY,325.22449485776576,2023-04
2023-04-06,9.41204071044922,417600,BYD,BYDDY,330.79361807405144,2023-04
2023-04-10,9.373234748840332,725400,BYD,BYDDY,329.42975184797405,2023-04
2023-04-11,9.348981857299805,593400,BYD,BYDDY,328.57736478460936,2023-04
2023-04-12,8.99002742767334,798600,BYD,BYDDY,315.96162733162305,2023-04
2023-04-13,9.179205894470217,340800,BYD,BYDDY,322.61045423522603,2023-04
2023-04-14,9.232563972473145,395400,BYD,BYDDY,324.48576610637747,2023-04
2023-04-17,9.496118545532228,929400,BYD,BYDDY,333.74860011488175,2023-04
2023-04-18,9.455697059631348,1165800,BYD,BYDDY,332.3279550092739,2023-04
2023-04-19,9.58828353881836,998400,BYD,BYDDY,336.98781172974896,2023-04
2023-04-20,9.289155006408691,1138200,BYD,BYDDY,326.4747027718668,2023-04
2023-04-21,9.175971031188965,671400,BYD,BYDDY,322.4967624056112,2023-04
2023-04-24,9.42174243927002,902400,BYD,BYDDY,331.13459300998034,2023-04
2023-04-25,9.069254875183104,890400,BYD,BYDDY,318.74613866330816,2023-04
2023-04-26,9.509055137634276,720000,BYD,BYDDY,334.20326688042536,2023-04
2023-04-27,10.01999855041504,1513800,BYD,BYDDY,352.16077740810624,2023-04
2023-04-28,9.80656623840332,670200,BYD,BYDDY,344.6595299235002,2023-04
2023-05-01,9.76937770843506,530400,BYD,BYDDY,343.3525096122303,2023-05
2023-05-02,9.395872116088867,1125600,BYD,BYDDY,330.22536003180824,2023-05
2023-05-03,9.551095008850098,552600,BYD,BYDDY,335.68079141847903,2023-05
2023-05-04,9.733805656433104,848400,BYD,BYDDY,342.10230169812917,2023-05
2023-05-05,9.766143798828123,1153200,BYD,BYDDY,343.2388513002539,2023-05
2023-05-08,9.795248985290527,777000,BYD,BYDDY,344.26177610804075,2023-05
2023-05-09,9.814651489257812,588600,BYD,BYDDY,344.9436924622602,2023-05
2023-05-10,10.113780975341797,2523000,BYD,BYDDY,355.4568349377808,2023-05
2023-05-11,10.205944061279297,892200,BYD,BYDDY,358.69597951737114,2023-05
2023-05-12,9.931069374084473,807000,BYD,BYDDY,349.0352911404921,2023-05
2023-05-15,10.246367454528809,1051800,BYD,BYDDY,360.11669165825583,2023-05
2023-05-16,10.028083801269531,649200,BYD,BYDDY,352.44493994686616,2023-05
2023-05-17,9.963407516479492,759000,BYD,BYDDY,350.1718407426168,2023-05
2023-05-18,9.945621490478516,691200,BYD,BYDDY,349.5467367855663,2023-05
2023-05-19,10.09922695159912,630600,BYD,BYDDY,354.94532225742967,2023-05
2023-05-22,10.45171356201172,924600,BYD,BYDDY,367.3337430864634,2023-05
2023-05-23,10.226963996887209,492000,BYD,BYDDY,359.43474178639804,2023-05
2023-05-24,10.09437656402588,870000,BYD,BYDDY,354.7748515482845,2023-05
2023-05-25,9.575347900390623,1864800,BYD,BYDDY,336.5331784818436,2023-05
2023-05-26,9.623855590820312,1581600,BYD,BYDDY,338.23801964384995,2023-05
2023-05-30,9.60930347442627,888000,BYD,BYDDY,337.7265739987758,2023-05
2023-05-31,9.754825592041016,1443000,BYD,BYDDY,342.84106396715606,2023-05
2023-06-01,9.93268585205078,1354800,BYD,BYDDY,349.092103537661,2023-06
2023-06-02,10.226963996887209,2356800,BYD,BYDDY,359.43474178639804,2023-06
2023-06-05,10.26253604888916,797400,BYD,BYDDY,360.684949700499,2023-06
2023-06-06,10.56004810333252,1488000,BYD,BYDDY,371.1412462612122,2023-06
2023-06-07,10.346614837646484,747000,BYD,BYDDY,363.6399652589677,2023-06
2023-06-08,10.333680152893066,622800,BYD,BYDDY,363.18536552870097,2023-06
2023-06-09,10.398356437683104,1058400,BYD,BYDDY,365.45846473295023,2023-06
2023-06-12,10.596802711486816,904800,BYD,BYDDY,372.43301604698837,2023-06
2023-06-13,10.739827156066896,1479000,BYD,BYDDY,377.45972332027407,2023-06
2023-06-14,10.873099327087402,1042200,BYD,BYDDY,382.143679222793,2023-06
2023-06-15,11.344429969787598,1537200,BYD,BYDDY,398.70896760226964,2023-06
2023-06-16,11.138020515441896,1513200,BYD,BYDDY,391.45454400719296,2023-06
2023-06-20,10.889352798461914,2866800,BYD,BYDDY,382.714920334858,2023-06
2023-06-21,10.89097785949707,1220400,BYD,BYDDY,382.77203439077294,2023-06
2023-06-22,10.863348960876465,591000,BYD,BYDDY,381.8009948873032,2023-06
2023-06-23,10.522040367126465,886800,BYD,BYDDY,369.80543429851565,2023-06
2023-06-26,10.51716423034668,714000,BYD,BYDDY,369.63405861313225,2023-06
2023-06-27,10.551294326782228,1140000,BYD,BYDDY,370.8335878579004,2023-06
2023-06-28,10.460280418395996,635400,BYD,BYDDY,367.63483203263945,2023-06
2023-06-29,10.195359230041504,728400,BYD,BYDDY,358.32396724823957,2023-06
2023-06-30,10.426149368286133,780600,BYD,BYDDY,366.435269270233,2023-06
2023-07-03,10.746329307556152,1502400,BYD,BYDDY,377.6882465792108,2023-07
2023-07-05,10.921857833862305,1114200,BYD,BYDDY,383.857335523711,2023-07
2023-07-06,10.80321216583252,990000,BYD,BYDDY,379.6874396420651,2023-07
2023-07-07,10.80321216583252,1052400,BYD,BYDDY,379.6874396420651,2023-07
2023-07-10,10.811339378356934,810600,BYD,BYDDY,379.9730769569169,2023-07
2023-07-11,10.98199462890625,961200,BYD,BYDDY,385.9708907689491,2023-07
2023-07-12,11.043753623962402,1155600,BYD,BYDDY,388.14145951718683,2023-07
2023-07-13,11.017748832702637,681600,BYD,BYDDY,387.2275005519936,2023-07
2023-07-14,11.23716163635254,1326600,BYD,BYDDY,394.93893714730547,2023-07
2023-07-17,11.09738826751709,1444800,BYD,BYDDY,390.02649150348816,2023-07
2023-07-18,10.965741157531738,1156200,BYD,BYDDY,385.3996496568841,2023-07
2023-07-19,11.105514526367188,766200,BYD,BYDDY,390.3120953007014,2023-07
2023-07-20,11.055131912231444,598200,BYD,BYDDY,388.54135846150683,2023-07
2023-07-21,11.050254821777344,390000,BYD,BYDDY,388.3699492584851,2023-07
2023-07-24,11.141270637512209,2182800,BYD,BYDDY,391.56877211902287,2023-07
2023-07-25,10.98361873626709,1011000,BYD,BYDDY,386.02797130722564,2023-07
2023-07-26,11.251789093017578,1665600,BYD,BYDDY,395.45303068581694,2023-07
2023-07-27,10.934860229492188,1251000,BYD,BYDDY,384.3143150063076,2023-07
2023-07-28,11.463075637817385,1655400,BYD,BYDDY,402.8788634839156,2023-07
2023-07-31,11.596348762512209,1669800,BYD,BYDDY,407.56285290407305,2023-07
2023-08-01,11.441946029663086,613200,BYD,BYDDY,402.1362466864672,2023-08
2023-08-02,11.219284057617188,1515000,BYD,BYDDY,394.3106154969639,2023-08
2023-08-03,11.380186080932615,1127400,BYD,BYDDY,399.965644420591,2023-08
2023-08-04,11.09738826751709,1220400,BYD,BYDDY,390.02649150348816,2023-08
2023-08-07,11.141270637512209,751800,BYD,BYDDY,391.56877211902287,2023-08
2023-08-08,10.726824760437012,1237200,BYD,BYDDY,377.00274383767743,2023-08
2023-08-09,10.637434005737305,852600,BYD,BYDDY,373.8610350330547,2023-08
2023-08-10,10.75933074951172,1196400,BYD,BYDDY,378.14519254416894,2023-08
2023-08-11,10.40989589691162,1539600,BYD,BYDDY,365.86402815816797,2023-08
2023-08-14,9.850801467895508,2042400,BYD,BYDDY,346.21421206526054,2023-08
2023-08-15,9.603758811950684,2356200,BYD,BYDDY,337.5317024488405,2023-08
2023-08-16,9.377845764160156,1064400,BYD,BYDDY,329.5918096298689,2023-08
2023-08-17,9.55825138092041,1143000,BYD,BYDDY,335.9323077773909,2023-08
2023-08-18,9.14218044281006,2277600,BYD,BYDDY,321.30916544013064,2023-08
2023-08-21,9.166559219360352,1509600,BYD,BYDDY,322.16597683177037,2023-08
2023-08-22,9.046289443969728,1666200,BYD,BYDDY,317.93900041184804,2023-08
2023-08-23,9.20556640625,846600,BYD,BYDDY,323.53691527956016,2023-08
2023-08-24,9.22669506072998,1345200,BYD,BYDDY,324.27949855937,2023-08
2023-08-25,9.369718551635742,2994000,BYD,BYDDY,329.3061723150172,2023-08
2023-08-28,9.511117935180664,1640400,BYD,BYDDY,334.2757655323879,2023-08
2023-08-29,10.026330947875977,1947000,BYD,BYDDY,352.3833345273992,2023-08
2023-08-30,10.268497467041016,927600,BYD,BYDDY,360.8944684584358,2023-08
2023-08-31,10.261995315551758,937800,BYD,BYDDY,360.6659451994991,2023-08
2023-09-01,10.406645774841309,1179600,BYD,BYDDY,365.7498000463381,2023-09
2023-09-05,10.331883430480955,1582800,BYD,BYDDY,363.12221829786534,2023-09
2023-09-06,10.387142181396484,1493400,BYD,BYDDY,365.06433082244325,2023-09
2023-09-07,10.170980453491213,1651200,BYD,BYDDY,357.46715585659985,2023-09
2023-09-08,10.091341972351074,1083000,BYD,BYDDY,354.6681984227437,2023-09
2023-09-11,10.338384628295898,997200,BYD,BYDDY,363.3507080391637,2023-09
2023-09-12,10.66506576538086,1244400,BYD,BYDDY,374.8321750894397,2023-09
2023-09-13,10.30425262451172,1530000,BYD,BYDDY,362.15111175911886,2023-09
2023-09-14,10.222989082336426,850800,BYD,BYDDY,359.29504026934774,2023-09
2023-09-15,10.2164888381958,481800,BYD,BYDDY,359.0665840456879,2023-09
2023-09-18,10.29450225830078,735000,BYD,BYDDY,361.8084274236289,2023-09
2023-09-19,10.159603118896484,1325400,BYD,BYDDY,357.06729042991816,2023-09
2023-09-20,10.135224342346191,753600,BYD,BYDDY,356.2104790382784,2023-09
2023-09-21,9.897933959960938,1013400,BYD,BYDDY,347.87072079262515,2023-09
2023-09-22,10.203485488891602,1065000,BYD,BYDDY,358.6095710454528,2023-09
2023-09-25,10.29450225830078,694200,BYD,BYDDY,361.8084274236289,2023-09
2023-09-26,10.013328552246094,1372200,BYD,BYDDY,351.9263550448026,2023-09
2023-09-27,9.867053031921388,1570800,BYD,BYDDY,346.78538614204865,2023-09
2023-09-28,9.841050148010254,757800,BYD,BYDDY,345.8714942121323,2023-09
2023-09-29,10.011703491210938,1024200,BYD,BYDDY,351.8692409888876,2023-09
2023-10-02,9.967822074890137,1279800,BYD,BYDDY,350.32699389099145,2023-10
2023-10-03,9.888182640075684,1302600,BYD,BYDDY,347.5280029394969,2023-10
2023-10-04,9.67689609527588,1245000,BYD,BYDDY,340.1021701413984,2023-10
2023-10-05,9.701274871826172,701400,BYD,BYDDY,340.9589815330381,2023-10
2023-10-06,9.789039611816406,789000,BYD,BYDDY,344.0435427641075,2023-10
2023-10-09,9.746783256530762,1632000,BYD,BYDDY,342.5584097221262,2023-10
2023-10-10,10.03608226776123,1476000,BYD,BYDDY,352.72605238052745,2023-10
2023-10-11,10.115720748901367,775200,BYD,BYDDY,355.5250098143835,2023-10
2023-10-12,10.105968475341797,1085400,BYD,BYDDY,355.18225844361683,2023-10
2023-10-13,10.011703491210938,444600,BYD,BYDDY,351.8692409888876,2023-10
2023-10-16,10.07508945465088,1029600,BYD,BYDDY,354.09699082831725,2023-10
2023-10-17,10.320505142211914,2469600,BYD,BYDDY,362.7223193535453,2023-10
2023-10-18,10.487909317016602,1357200,BYD,BYDDY,368.6058715361092,2023-10
2023-10-19,10.27499771118164,1209000,BYD,BYDDY,361.1229246820957,2023-10
2023-10-20,10.07508945465088,1170600,BYD,BYDDY,354.09699082831725,2023-10
2023-10-23,10.11734676361084,705000,BYD,BYDDY,355.58215738793695,2023-10
2023-10-24,10.260371208190918,1035000,BYD,BYDDY,360.6088646612226,2023-10
2023-10-25,9.972697257995604,1125000,BYD,BYDDY,350.49833605873624,2023-10
2023-10-26,10.1547269821167,1131600,BYD,BYDDY,356.8959147445348,2023-10
2023-10-27,10.06858730316162,808800,BYD,BYDDY,353.8684675693804,2023-10
2023-10-30,10.206737518310549,849600,BYD,BYDDY,358.72386619255974,2023-10
2023-10-31,9.90118408203125,1548000,BYD,BYDDY,347.98494890445505,2023-10
2023-11-01,9.80691909790039,1088400,BYD,BYDDY,344.67193144972583,2023-11
2023-11-02,9.79716682434082,1329600,BYD,BYDDY,344.3291800789592,2023-11
2023-11-03,10.114095687866213,1143000,BYD,BYDDY,355.4678957584686,2023-11
2023-11-06,10.3253812789917,1054800,BYD,BYDDY,362.8936950389286,2023-11
2023-11-07,10.301002502441406,789600,BYD,BYDDY,362.0368836472889,2023-11
2023-11-08,10.179105758666992,952200,BYD,BYDDY,357.75272613617466,2023-11
2023-11-09,10.07183837890625,1207200,BYD,BYDDY,353.98272919884886,2023-11
2023-11-10,10.050710678100586,868200,BYD,BYDDY,353.2401794366774,2023-11
2023-11-13,10.170980453491213,1394400,BYD,BYDDY,357.46715585659985,2023-11
2023-11-14,10.405020713806152,2047800,BYD,BYDDY,365.6926859904232,2023-11
2023-11-15,10.504161834716797,1847400,BYD,BYDDY,369.1770791305357,2023-11
2023-11-16,10.263620376586914,1444800,BYD,BYDDY,360.72305925541406,2023-11
2023-11-17,10.261995315551758,1238400,BYD,BYDDY,360.6659451994991,2023-11
2023-11-20,10.346510887145996,1046400,BYD,BYDDY,363.63631183637693,2023-11
2023-11-21,10.066962242126465,1617000,BYD,BYDDY,353.81135351346546,2023-11
2023-11-22,10.011703491210938,1598400,BYD,BYDDY,351.8692409888876,2023-11
2023-11-24,9.654142379760742,1366800,BYD,BYDDY,339.3024728056735,2023-11
2023-11-27,9.359967231750488,2456400,BYD,BYDDY,328.963454461889,2023-11
2023-11-28,9.18443775177002,2592000,BYD,BYDDY,322.7943319997503,2023-11
2023-11-29,8.852880477905273,2965200,BYD,BYDDY,311.1414892640909,2023-11
2023-11-30,8.729360580444336,1949400,BYD,BYDDY,306.8002847323386,2023-11
2023-12-01,8.599337577819824,1671000,BYD,BYDDY,302.2305234240111,2023-12
2023-12-04,8.690354347229004,2615400,BYD,BYDDY,305.42937980218727,2023-12
2023-12-05,8.691978454589844,1851600,BYD,BYDDY,305.4864603404638,2023-12
2023-12-06,8.878884315490723,2008200,BYD,BYDDY,312.05541471164565,2023-12
2023-12-07,8.930893898010254,1779600,BYD,BYDDY,313.88333264203203,2023-12
2023-12-08,8.743988037109375,1002600,BYD,BYDDY,307.31437827085017,2023-12
2023-12-11,8.732610702514648,1966800,BYD,BYDDY,306.91451284416854,2023-12
2023-12-12,8.594461441040039,1479600,BYD,BYDDY,302.05914773862776,2023-12
2023-12-13,8.508323669433594,2433000,BYD,BYDDY,299.0317675987503,2023-12
2023-12-14,8.730985641479492,2503200,BYD,BYDDY,306.85739878825353,2023-12
2023-12-15,8.527825355529785,3000600,BYD,BYDDY,299.71716978736833,2023-12
2023-12-18,8.394552230834961,1571400,BYD,BYDDY,295.0331803672109,2023-12
2023-12-19,8.501821517944336,1468200,BYD,BYDDY,298.80324433981355,2023-12
2023-12-20,8.20114517211914,2494800,BYD,BYDDY,288.23573625473074,2023-12
2023-12-21,8.483943939208984,1812600,BYD,BYDDY,298.17492268947206,2023-12
2023-12-22,8.566832542419434,1969200,BYD,BYDDY,301.0881082351581,2023-12
2023-12-26,8.675725936889648,2619000,BYD,BYDDY,304.91525274603725,2023-12
2023-12-27,8.662723541259766,2817600,BYD,BYDDY,304.4582732634407,2023-12
2023-12-28,8.948772430419922,3306600,BYD,BYDDY,314.51168781001195,2023-12
2023-12-29,8.982904434204102,2553000,BYD,BYDDY,315.7112840900569,2023-12
2024-01-02,8.727734565734863,5293200,BYD,BYDDY,306.7431371587852,2024-01
2024-01-03,8.851256370544434,4729800,BYD,BYDDY,311.0844087258144,2024-01
2024-01-04,8.71310806274414,4086600,BYD,BYDDY,306.2290771379121,2024-01
2024-01-05,8.674101829528809,2330400,BYD,BYDDY,304.85817220776073,2024-01
2024-01-08,8.64647102355957,3799200,BYD,BYDDY,303.88706566901413,2024-01
2024-01-09,8.623717308044434,6401400,BYD,BYDDY,303.08736833328936,2024-01
2024-01-10,8.535951614379883,2977200,BYD,BYDDY,300.0027735845816,2024-01
2024-01-11,8.804121971130371,3294000,BYD,BYDDY,309.42783296317293,2024-01
2024-01-12,8.756989479064941,1857600,BYD,BYDDY,307.7713242358083,2024-01
2024-01-16,8.474190711975098,3832200,BYD,BYDDY,297.83213780106695,2024-01
2024-01-17,8.141009330749512,4334400,BYD,BYDDY,286.12221452713106,2024-01
2024-01-18,8.199520111083984,1932600,BYD,BYDDY,288.1786221988158,2024-01
2024-01-19,8.215773582458496,2861400,BYD,BYDDY,288.7498633108807,2024-01
2024-01-22,8.069497108459473,3060600,BYD,BYDDY,283.60886089048824,2024-01
2024-01-23,8.391302108764648,3008400,BYD,BYDDY,294.918952255381,2024-01
2024-01-24,8.327917098999023,3373800,BYD,BYDDY,292.69123593358984,2024-01
2024-01-25,8.209271430969238,2872200,BYD,BYDDY,288.521340051944,2024-01
2024-01-26,8.00936222076416,4681200,BYD,BYDDY,281.49537268052705,2024-01
2024-01-29,7.573789119720459,6628200,BYD,BYDDY,266.18681139582947,2024-01
2024-01-30,7.391757488250732,6767400,BYD,BYDDY,259.78916567475403,2024-01
2024-01-31,7.3007426261901855,3101400,BYD,BYDDY,256.59037633185477,2024-01
2024-02-01,7.362503051757812,3765000,BYD,BYDDY,258.76099535655015,2024-02
2024-02-02,7.185347080230713,4644000,BYD,BYDDY,252.53470856203884,2024-02
2024-02-05,7.099207878112793,3403200,BYD,BYDDY,249.50727814570368,2024-02
2024-02-06,7.620921611785889,3825000,BYD,BYDDY,267.8433201231941,2024-02
2024-02-07,7.637174606323242,3629400,BYD,BYDDY,268.4145444764398,2024-02
2024-02-08,7.640425205230713,2909400,BYD,BYDDY,268.528789347089,2024-02
2024-02-09,7.643674850463867,2250600,BYD,BYDDY,268.64300070009966,2024-02
2024-02-12,7.832207679748535,2662200,BYD,BYDDY,275.2691361624734,2024-02
2024-02-13,7.632298946380615,2535600,BYD,BYDDY,268.2431855498757,2024-02
2024-02-14,7.6664299964904785,1473000,BYD,BYDDY,269.44274831228216,2024-02
2024-02-15,7.651801586151123,1914600,BYD,BYDDY,268.92862125613215,2024-02
2024-02-16,7.915096759796143,2937000,BYD,BYDDY,278.18233846697865,2024-02
2024-02-20,7.572163105010986,3439200,BYD,BYDDY,266.12966382227603,2024-02
2024-02-21,7.734691143035889,2507400,BYD,BYDDY,271.8418403194566,2024-02
2024-02-22,7.746067523956299,2224800,BYD,BYDDY,272.2416722284998,2024-02
2024-02-23,7.643674850463867,1663800,BYD,BYDDY,268.64300070009966,2024-02
2024-02-26,7.997986316680908,4029600,BYD,BYDDY,281.0955575303031,2024-02
2024-02-27,8.301912307739258,5603400,BYD,BYDDY,291.7772769683967,2024-02
2024-02-28,7.973607540130615,4906200,BYD,BYDDY,280.23874613866326,2024-02
2024-02-29,8.025614738464355,3564600,BYD,BYDDY,282.0665802749536,2024-02
2024-03-01,8.105255126953125,2189400,BYD,BYDDY,284.86560474408657,2024-03
2024-03-04,7.840333938598633,3757200,BYD,BYDDY,275.5547399596867,2024-03
2024-03-05,7.919972896575928,2523000,BYD,BYDDY,278.353714152362,2024-03
2024-03-06,8.00936222076416,1677600,BYD,BYDDY,281.49537268052705,2024-03
2024-03-07,7.85496187210083,1526400,BYD,BYDDY,276.06885025701746,2024-03
2024-03-08,7.762320518493652,1818000,BYD,BYDDY,272.8128965817455,2024-03
2024-03-11,8.227149963378906,3174000,BYD,BYDDY,289.1496952199239,2024-03
2024-03-12,8.654597282409668,3351000,BYD,BYDDY,304.17266946622743,2024-03
2024-03-13,8.602588653564453,2433000,BYD,BYDDY,302.3447850534795,2024-03
2024-03-14,8.662723541259766,2669400,BYD,BYDDY,304.4582732634407,2024-03
2024-03-15,8.68222713470459,1188000,BYD,BYDDY,305.14374248733554,2024-03
2024-03-18,8.921142578125,1960200,BYD,BYDDY,313.5406147889038,2024-03
2024-03-19,8.917892456054688,1415400,BYD,BYDDY,313.4263866770739,2024-03
2024-03-20,8.98940372467041,1194000,BYD,BYDDY,315.93970679607827,2024-03
2024-03-21,8.893512725830078,1063200,BYD,BYDDY,312.56954176779567,2024-03
2024-03-22,8.849630355834961,1059000,BYD,BYDDY,311.027261152261,2024-03
2024-03-25,8.756989479064941,1759800,BYD,BYDDY,307.7713242358083,2024-03
2024-03-26,8.81712532043457,1894800,BYD,BYDDY,309.88484596340794,2024-03
2024-03-27,8.388052940368652,6181200,BYD,BYDDY,294.80475766118946,2024-03
2024-03-28,8.2515287399292,3517800,BYD,BYDDY,290.0065066115637,2024-03
2024-04-01,8.417306900024414,2554800,BYD,BYDDY,295.8329112205741,2024-04
2024-04-02,8.378300666809082,2020200,BYD,BYDDY,294.4620062904228,2024-04
2024-04-03,8.318164825439453,1371000,BYD,BYDDY,292.34848456282316,2024-04
2024-04-04,8.279158592224121,1432800,BYD,BYDDY,290.9775796326718,2024-04
2024-04-05,8.279158592224121,4220400,BYD,BYDDY,290.9775796326718,2024-04
2024-04-08,8.444936752319336,1185600,BYD,BYDDY,296.8039842416823,2024-04
2024-04-09,8.687102317810059,2508000,BYD,BYDDY,305.31508465508045,2024-04
2024-04-10,8.61071491241455,1431000,BYD,BYDDY,302.6303888506928,2024-04
2024-04-11,8.688727378845215,1836600,BYD,BYDDY,305.3721987109954,2024-04
2024-04-12,8.545703887939453,1534800,BYD,BYDDY,300.3455249553482,2024-04
2024-04-15,8.446562767028809,1668000,BYD,BYDDY,296.8611318152357,2024-04
2024-04-16,8.477441787719727,2397000,BYD,BYDDY,297.94639943053534,2024-04
2024-04-17,8.376675605773926,912600,BYD,BYDDY,294.4048922345078,2024-04
2024-04-18,8.461190223693848,1600200,BYD,BYDDY,297.3752253537472,2024-04
2024-04-19,8.337668418884277,970200,BYD,BYDDY,293.0339537867181,2024-04
2024-04-22,8.378300666809082,2369400,BYD,BYDDY,294.4620062904228,2024-04
2024-04-23,8.158888816833496,2975400,BYD,BYDDY,286.75060321274947,2024-04
2024-04-24,8.323040962219238,1173600,BYD,BYDDY,292.5198602482065,2024-04
2024-04-25,8.482316970825195,987600,BYD,BYDDY,298.1177415982802,2024-04
2024-04-26,8.82850170135498,2221200,BYD,BYDDY,310.28467787245114,2024-04
2024-04-29,8.995905876159668,2232000,BYD,BYDDY,316.168230055015,2024-04
2024-04-30,8.852880477905273,1114800,BYD,BYDDY,311.1414892640909,2024-04
2024-05-01,8.955273628234863,1669800,BYD,BYDDY,314.74017755131024,2024-05
2024-05-02,9.537121772766112,3349200,BYD,BYDDY,335.18969097994255,2024-05
2024-05-03,9.450983047485352,1868400,BYD,BYDDY,332.1622773224267,2024-05
2024-05-06,9.415226936340332,2217000,BYD,BYDDY,330.9056005041053,2024-05
2024-05-07,9.429854393005373,1729800,BYD,BYDDY,331.41969404261687,2024-05
2024-05-08,9.247822761535645,1298400,BYD,BYDDY,325.0220483215414,2024-05
2024-05-09,9.420103073120115,1110000,BYD,BYDDY,331.07697618948856,2024-05
2024-05-10,9.228320121765137,1531800,BYD,BYDDY,324.33661261528493,2024-05
2024-05-13,9.301457405090332,1573200,BYD,BYDDY,326.90708030784276,2024-05
2024-05-14,9.272202491760254,2603400,BYD,BYDDY,325.87889323081964,2024-05
2024-05-15,9.177936553955078,2356200,BYD,BYDDY,322.565842258452,2024-05
2024-05-16,9.281953811645508,1992600,BYD,BYDDY,326.22161108394783,2024-05
2024-05-17,9.316085815429688,1660800,BYD,BYDDY,327.4212073639927,2024-05
2024-05-20,9.34533977508545,1168200,BYD,BYDDY,328.44936092337747,2024-05
2024-05-21,9.099923133850098,1925400,BYD,BYDDY,319.8239988805109,2024-05
2024-05-22,8.859382629394531,1499400,BYD,BYDDY,311.37001252302764,2024-05
2024-05-23,8.62534236907959,1758000,BYD,BYDDY,303.1444823892043,2024-05
2024-05-24,8.678976058959961,925800,BYD,BYDDY,305.0294808578672,2024-05
2024-05-28,8.573333740234375,1818600,BYD,BYDDY,301.31659797645636,2024-05
2024-05-29,9.039789199829102,1822200,BYD,BYDDY,317.7105441881881,2024-05
2024-05-30,9.247822761535645,1932000,BYD,BYDDY,325.0220483215414,2024-05
2024-05-31,9.119427680969238,1137600,BYD,BYDDY,320.50950162204424,2024-05
2024-06-03,9.488363265991213,2370000,BYD,BYDDY,333.4760346790247,2024-06
2024-06-04,9.553375244140623,1433400,BYD,BYDDY,335.7609320920075,2024-06
2024-06-05,9.743532180786133,1296000,BYD,BYDDY,342.4441480926578,2024-06
2024-06-06,9.51436996459961,1351200,BYD,BYDDY,334.3900606794947,2024-06
2024-06-07,9.36646842956543,667200,BYD,BYDDY,329.1919442031873,2024-06
2024-06-10,9.35184097290039,827400,BYD,BYDDY,328.6778506646757,2024-06
2024-06-11,9.517619132995604,1111800,BYD,BYDDY,334.5042552736861,2024-06
2024-06-12,9.403478622436523,3378600,BYD,BYDDY,330.4926967160675,2024-06
2024-06-13,9.675636291503906,2871600,BYD,BYDDY,340.0578933410089,2024-06
2024-06-14,9.599761962890623,796200,BYD,BYDDY,337.391230026106,2024-06
2024-06-17,9.79439640045166,1603800,BYD,BYDDY,344.23181133926846,2024-06
2024-06-18,9.97088623046875,4756800,BYD,BYDDY,350.434686063324,2024-06
2024-06-20,9.975834846496582,1342200,BYD,BYDDY,350.6086090892294,2024-06
2024-06-21,9.960989952087402,1222200,BYD,BYDDY,350.0868735291518,2024-06
2024-06-24,10.124284744262695,1069800,BYD,BYDDY,355.82599820764426,2024-06
2024-06-25,10.031916618347168,910200,BYD,BYDDY,352.5796473357877,2024-06
2024-06-26,9.969236373901367,970200,BYD,BYDDY,350.3767005488094,2024-06
2024-06-27,9.690481185913086,1167600,BYD,BYDDY,340.5796289010865,2024-06
2024-06-28,9.744913101196287,615000,BYD,BYDDY,342.4926816331301,2024-06
2024-07-01,9.85377597808838,849000,BYD,BYDDY,346.3187535795791,2024-07
2024-07-02,9.725119590759276,981000,BYD,BYDDY,341.7970230471471,2024-07
2024-07-03,9.814189910888672,805200,BYD,BYDDY,344.9274699252515,2024-07
2024-07-05,9.913156509399414,1266600,BYD,BYDDY,348.40572933752804,2024-07
2024-07-08,9.805941581726074,958800,BYD,BYDDY,344.6375758703169,2024-07
2024-07-09,9.962638854980469,1596000,BYD,BYDDY,350.1448255260279,2024-07
2024-07-10,10.112738609313965,1425000,BYD,BYDDY,355.4202001589574,2024-07
2024-07-11,10.32221794128418,1247400,BYD,BYDDY,362.78251703219746,2024-07
2024-07-12,10.399742126464844,1395600,BYD,BYDDY,365.50716586161485,2024-07
2024-07-15,10.267786026000977,980400,BYD,BYDDY,360.8694643001538,2024-07
2024-07-16,10.215003967285156,921600,BYD,BYDDY,359.0143970826248,2024-07
2024-07-17,10.02036952972412,1295400,BYD,BYDDY,352.1738157694623,2024-07
2024-07-18,10.091296195983888,871200,BYD,BYDDY,354.6665895760983,2024-07
2024-07-19,10.234798431396484,492000,BYD,BYDDY,359.7100891862462,2024-07
2024-07-22,10.41623592376709,1170600,BYD,BYDDY,366.0868534185687,2024-07
2024-07-23,10.012123107910156,2860200,BYD,BYDDY,351.88398874980464,2024-07
2024-07-24,9.751510620117188,1665600,BYD,BYDDY,342.7245566559117,2024-07
2024-07-25,9.9741849899292,1758000,BYD,BYDDY,350.5506235747148,2024-07
2024-07-26,10.010473251342772,734400,BYD,BYDDY,351.82600323529,2024-07
2024-07-29,9.781200408935549,993000,BYD,BYDDY,343.768027776067,2024-07
2024-07-30,9.459559440612791,1321800,BYD,BYDDY,332.46370144498724,2024-07
2024-07-31,9.819138526916504,1822800,BYD,BYDDY,345.1013929511568,2024-07
2024-08-01,9.444713592529297,1153800,BYD,BYDDY,331.9419323672712,2024-08
2024-08-02,9.19729709625244,1069200,BYD,BYDDY,323.24628383657966,2024-08
2024-08-05,9.022457122802734,5593200,BYD,BYDDY,317.10139462703876,2024-08
2024-08-06,8.882254600524902,1150800,BYD,BYDDY,312.17386604591997,2024-08
2024-08-07,8.869058609008789,1066200,BYD,BYDDY,311.7100824827185,2024-08
2024-08-08,8.898748397827148,1216800,BYD,BYDDY,312.7535536028738,2024-08
2024-08-09,9.070290565490724,829800,BYD,BYDDY,318.78253881866254,2024-08
2024-08-12,9.022457122802734,663000,BYD,BYDDY,317.10139462703876,2024-08
2024-08-13,9.09503173828125,1303200,BYD,BYDDY,319.6520869129124,2024-08
2024-08-14,9.025754928588867,3678600,BYD,BYDDY,317.21729862079104,2024-08
2024-08-15,9.202245712280272,1415400,BYD,BYDDY,323.42020686248503,2024-08
2024-08-16,9.411725044250488,1035000,BYD,BYDDY,330.78252373572514,2024-08
2024-08-19,9.459559440612791,935400,BYD,BYDDY,332.46370144498724,2024-08
2024-08-20,9.327603340148926,1016400,BYD,BYDDY,327.8259998835262,2024-08
2024-08-21,9.546979904174805,1053600,BYD,BYDDY,335.536162808577,2024-08
2024-08-22,9.490899085998535,795600,BYD,BYDDY,333.5651580796572,2024-08
2024-08-23,9.586566925048828,884400,BYD,BYDDY,336.927479980543,2024-08
2024-08-26,9.540382385253906,1393800,BYD,BYDDY,335.30428778579545,2024-08
2024-08-27,9.629451751708984,1233000,BYD,BYDDY,338.4347011462614,2024-08
2024-08-28,9.34904670715332,1707600,BYD,BYDDY,328.57964398402385,2024-08
2024-08-29,9.64264678955078,993600,BYD,BYDDY,338.89845119182434,2024-08
2024-08-30,10.055007934570312,2117400,BYD,BYDDY,353.39120991552295,2024-08
2024-09-03,9.84717845916748,1148400,BYD,BYDDY,346.0868785567975,2024-09
2024-09-04,9.916455268859863,873000,BYD,BYDDY,348.5216668489188,2024-09
2024-09-05,10.033565521240234,3646800,BYD,BYDDY,352.6375993326638,2024-09
2024-09-06,9.871920585632324,1248600,BYD,BYDDY,346.9564601686859,2024-09
2024-09-09,9.997278213500977,1941000,BYD,BYDDY,351.362253189727,2024-09
2024-09-10,9.923052787780762,1047600,BYD,BYDDY,348.75354187170035,2024-09
2024-09-11,10.213354110717772,1712400,BYD,BYDDY,358.95641156811007,2024-09
2024-09-12,10.091296195983888,1179000,BYD,BYDDY,354.6665895760983,2024-09
2024-09-13,10.107789993286133,974400,BYD,BYDDY,355.24627713305205,2024-09
2024-09-16,10.11933708190918,1212600,BYD,BYDDY,355.6521086993774,2024-09
2024-09-17,10.218302726745604,1036800,BYD,BYDDY,359.1303345940155,2024-09
2024-09-18,10.25459098815918,3628800,BYD,BYDDY,360.40571425459075,2024-09
2024-09-19,10.426133155822754,1120800,BYD,BYDDY,366.4346994703794,2024-09
2024-09-20,10.320569038391112,1037400,BYD,BYDDY,362.72456503532123,2024-09
2024-09-23,10.264488220214844,1882800,BYD,BYDDY,360.7535603064015,2024-09
2024-09-24,10.853339195251465,2815800,BYD,BYDDY,381.44919375415566,2024-09
2024-09-25,10.729631423950195,971400,BYD,BYDDY,377.1013862476292,2024-09
2024-09-26,11.249205589294434,2892600,BYD,BYDDY,395.362231403262,2024-09
2024-09-27,11.684659004211426,3894600,BYD,BYDDY,410.66658622433437,2024-09
2024-09-30,11.70445156097412,3392400,BYD,BYDDY,411.3622112926789,2024-09
2024-10-01,12.288354873657228,6811800,BYD,BYDDY,431.8839552321663,2024-10
2024-10-02,12.588553428649902,3408000,BYD,BYDDY,442.4346709803867,2024-10
2024-10-03,12.547317504882812,2593800,BYD,BYDDY,440.98540181154453,2024-10
2024-10-04,12.831022262573242,3750600,BYD,BYDDY,450.95643000281126,2024-10
2024-10-07,13.776152610778809,5966400,BYD,BYDDY,484.17378392770576,2024-10
2024-10-08,12.486288070678713,6753000,BYD,BYDDY,438.8404740567195,2024-10
2024-10-09,12.347735404968262,3282600,BYD,BYDDY,433.97093099011516,2024-10
2024-10-10,12.603398323059082,1907400,BYD,BYDDY,442.95640654046434,2024-10
2024-10-11,12.623191833496094,2842800,BYD,BYDDY,443.65206512644744,2024-10
2024-10-14,12.075576782226562,2803800,BYD,BYDDY,424.40570084753534,2024-10
2024-10-15,11.463632583618164,3100200,BYD,BYDDY,402.89843778476904,2024-10
2024-10-16,11.5230131149292,1711800,BYD,BYDDY,404.98541354271805,2024-10
2024-10-17,11.34487247467041,3105600,BYD,BYDDY,398.7245197865094,2024-10
2024-10-18,12.138256072998049,2524200,BYD,BYDDY,426.6086141168753,2024-10
2024-10-21,12.182790756225586,1620000,BYD,BYDDY,428.1738207971081,2024-10
2024-10-22,12.126708984375,1201800,BYD,BYDDY,426.20278255054984,2024-10
2024-10-23,12.068978309631348,994200,BYD,BYDDY,424.17379230711543,2024-10
2024-10-24,12.108565330505373,2180400,BYD,BYDDY,425.56510947908146,2024-10
2024-10-25,12.3922700881958,1408800,BYD,BYDDY,435.5361376703482,2024-10
2024-10-28,12.6017484664917,2042400,BYD,BYDDY,442.89842102594974,2024-10
2024-10-29,12.540719985961914,893400,BYD,BYDDY,440.75352678876305,2024-10
2024-10-30,12.618243217468262,1791600,BYD,BYDDY,443.478142100542,2024-10
2024-10-31,11.99970245361328,2807400,BYD,BYDDY,421.73903753263244,2024-10
2024-11-01,11.884241104125977,2300400,BYD,BYDDY,417.68105704576374,2024-11
2024-11-04,12.120111465454102,1483800,BYD,BYDDY,425.97090752776825,2024-11
2024-11-05,12.426908493041992,1941000,BYD,BYDDY,436.75353181640884,2024-11
2024-11-06,11.864447593688965,3235800,BYD,BYDDY,416.98539845978075,2024-11
2024-11-07,12.181140899658203,2767200,BYD,BYDDY,428.11583528259354,2024-11
2024-11-08,11.630227088928224,2891400,BYD,BYDDY,408.7535334922908,2024-11
2024-11-11,11.699503898620604,2465400,BYD,BYDDY,411.1883217844119,2024-11
2024-11-12,11.496622085571287,2199600,BYD,BYDDY,404.0578799339534,2024-11
2024-11-13,11.51971435546875,1765200,BYD,BYDDY,404.8694760313273,2024-11
2024-11-14,11.170032501220703,1737600,BYD,BYDDY,392.57963057696844,2024-11
2024-11-15,11.188176155090332,1150800,BYD,BYDDY,393.2173036484369,2024-11
2024-11-18,11.386109352111816,1162200,BYD,BYDDY,400.17382247299,2024-11
2024-11-19,11.283843994140623,624600,BYD,BYDDY,396.5796255493226,2024-11
2024-11-20,11.193124771118164,1978800,BYD,BYDDY,393.3912266743422,2024-11
2024-11-21,11.155186653137209,1173600,BYD,BYDDY,392.0578614992524,2024-11
2024-11-22,11.014984130859377,3099600,BYD,BYDDY,387.13033291813366,2024-11
2024-11-25,10.995190620422363,1103400,BYD,BYDDY,386.4346743321506,2024-11
2024-11-26,10.840143203735352,1708200,BYD,BYDDY,380.98541019095416,2024-11
2024-11-27,10.998489379882812,1536000,BYD,BYDDY,386.55061184354133,2024-11
2024-11-29,10.871482849121094,869400,BYD,BYDDY,382.08686682562404,2024-11
2024-12-02,11.097455978393556,1090800,BYD,BYDDY,390.028871255818,2024-12
2024-12-03,11.067766189575195,2203800,BYD,BYDDY,388.98540013566264,2024-12
2024-12-04,10.98364543914795,2109000,BYD,BYDDY,386.02890980110215,2024-12
2024-12-05,10.858287811279297,998400,BYD,BYDDY,381.623116780061,2024-12
2024-12-06,11.216216087341309,1331400,BYD,BYDDY,394.2027892540776,2024-12
2024-12-09,11.984856605529783,3418800,BYD,BYDDY,421.2172684549164,2024-12
2024-12-10,11.569196701049805,1330800,BYD,BYDDY,406.6085722198271,2024-12
2024-12-11,11.60218620300293,1135800,BYD,BYDDY,407.76801436901155,2024-12
2024-12-12,11.755584716796877,816600,BYD,BYDDY,413.15932651333196,2024-12
2024-12-13,11.410850524902344,952200,BYD,BYDDY,401.04337056723995,2024-12
2024-12-16,11.080962181091309,1371000,BYD,BYDDY,389.44918369886415,2024-12
2024-12-17,11.379510879516602,1060200,BYD,BYDDY,399.94191393257006,2024-12
2024-12-18,11.19147491455078,1321800,BYD,BYDDY,393.33324115982754,2024-12
2024-12-19,11.33002758026123,1132800,BYD,BYDDY,398.20278422643173,2024-12
2024-12-20,11.397656440734863,1851600,BYD,BYDDY,400.57965403931536,2024-12
2024-12-23,11.39600658416748,676800,BYD,BYDDY,400.52166852480076,2024-12
2024-12-24,11.735790252685549,697800,BYD,BYDDY,412.46363440971044,2024-12
2024-12-26,11.725894927978516,571800,BYD,BYDDY,412.11585539317656,2024-12
2024-12-27,11.55270290374756,1712400,BYD,BYDDY,406.0288846628734,2024-12
2024-12-30,11.303637504577637,1009800,BYD,BYDDY,397.2752841353057,2024-12
