Date,Close,Volume,Company,Ticker
2018-01-02 00:00:00-05:00,21.368667602539062,65283000,Tesla,TSLA
2018-01-03 00:00:00-05:00,21.149999618530273,67822500,Tesla,TSLA
2018-01-04 00:00:00-05:00,20.974666595458984,149194500,Tesla,TSLA
2018-01-05 00:00:00-05:00,21.10533332824707,68868000,Tesla,TSLA
2018-01-08 00:00:00-05:00,22.42733383178711,147891000,Tesla,TSLA
2018-01-09 00:00:00-05:00,22.246000289916992,107199000,Tesla,TSLA
2018-01-10 00:00:00-05:00,22.31999969482422,64648500,Tesla,TSLA
2018-01-11 00:00:00-05:00,22.530000686645508,99682500,Tesla,TSLA
2018-01-12 00:00:00-05:00,22.4146671295166,72376500,Tesla,TSLA
2018-01-16 00:00:00-05:00,22.67066764831543,97114500,Tesla,TSLA
2018-01-17 00:00:00-05:00,23.143999099731445,106552500,Tesla,TSLA
2018-01-18 00:00:00-05:00,22.971332550048828,85287000,Tesla,TSLA
2018-01-19 00:00:00-05:00,23.334667205810547,73324500,Tesla,TSLA
2018-01-22 00:00:00-05:00,23.437332153320312,93156000,Tesla,TSLA
2018-01-23 00:00:00-05:00,23.519332885742188,81981000,Tesla,TSLA
2018-01-24 00:00:00-05:00,23.05933380126953,79312500,Tesla,TSLA
2018-01-25 00:00:00-05:00,22.50933265686035,101104500,Tesla,TSLA
2018-01-26 00:00:00-05:00,22.856666564941406,68091000,Tesla,TSLA
2018-01-29 00:00:00-05:00,23.302000045776367,71206500,Tesla,TSLA
2018-01-30 00:00:00-05:00,23.05466651916504,70765500,Tesla,TSLA
2018-01-31 00:00:00-05:00,23.62066650390625,93211500,Tesla,TSLA
2018-02-01 00:00:00-05:00,23.28333282470703,62965500,Tesla,TSLA
2018-02-02 00:00:00-05:00,22.916667938232422,55572000,Tesla,TSLA
2018-02-05 00:00:00-05:00,22.208667755126953,66961500,Tesla,TSLA
2018-02-06 00:00:00-05:00,22.264667510986328,76326000,Tesla,TSLA
2018-02-07 00:00:00-05:00,23.0,104538000,Tesla,TSLA
2018-02-08 00:00:00-05:00,21.01533317565918,154719000,Tesla,TSLA
2018-02-09 00:00:00-05:00,20.69466781616211,194005500,Tesla,TSLA
2018-02-12 00:00:00-05:00,21.048667907714844,93417000,Tesla,TSLA
2018-02-13 00:00:00-05:00,21.577333450317383,68403000,Tesla,TSLA
2018-02-14 00:00:00-05:00,21.487333297729492,59260500,Tesla,TSLA
2018-02-15 00:00:00-05:00,22.271333694458008,88693500,Tesla,TSLA
2018-02-16 00:00:00-05:00,22.365999221801758,84639000,Tesla,TSLA
2018-02-20 00:00:00-05:00,22.31800079345703,60141000,Tesla,TSLA
2018-02-21 00:00:00-05:00,22.219999313354492,48294000,Tesla,TSLA
2018-02-22 00:00:00-05:00,23.077999114990234,104547000,Tesla,TSLA
2018-02-23 00:00:00-05:00,23.469999313354492,87261000,Tesla,TSLA
2018-02-26 00:00:00-05:00,23.827999114990234,65100000,Tesla,TSLA
2018-02-27 00:00:00-05:00,23.39933204650879,71961000,Tesla,TSLA
2018-02-28 00:00:00-05:00,22.87066650390625,91045500,Tesla,TSLA
2018-03-01 00:00:00-05:00,22.062000274658203,103284000,Tesla,TSLA
2018-03-02 00:00:00-05:00,22.341333389282227,76392000,Tesla,TSLA
2018-03-05 00:00:00-05:00,22.22333335876465,57357000,Tesla,TSLA
2018-03-06 00:00:00-05:00,21.8799991607666,64285500,Tesla,TSLA
2018-03-07 00:00:00-05:00,22.15333366394043,75109500,Tesla,TSLA
2018-03-08 00:00:00-05:00,21.940000534057617,53493000,Tesla,TSLA
2018-03-09 00:00:00-05:00,21.81133270263672,82602000,Tesla,TSLA
2018-03-12 00:00:00-04:00,23.034000396728516,123960000,Tesla,TSLA
2018-03-13 00:00:00-04:00,22.78933334350586,89487000,Tesla,TSLA
2018-03-14 00:00:00-04:00,21.775333404541016,119511000,Tesla,TSLA
2018-03-15 00:00:00-04:00,21.706666946411133,98472000,Tesla,TSLA
2018-03-16 00:00:00-04:00,21.42333221435547,91759500,Tesla,TSLA
2018-03-19 00:00:00-04:00,20.90399932861328,112264500,Tesla,TSLA
2018-03-20 00:00:00-04:00,20.703332901000977,71464500,Tesla,TSLA
2018-03-21 00:00:00-04:00,21.101999282836914,89376000,Tesla,TSLA
2018-03-22 00:00:00-04:00,20.606666564941406,74097000,Tesla,TSLA
2018-03-23 00:00:00-04:00,20.1026668548584,99823500,Tesla,TSLA
2018-03-26 00:00:00-04:00,20.278667449951172,125628000,Tesla,TSLA
2018-03-27 00:00:00-04:00,18.61199951171875,208080000,Tesla,TSLA
2018-03-28 00:00:00-04:00,17.185333251953125,315021000,Tesla,TSLA
2018-03-29 00:00:00-04:00,17.742000579833984,227560500,Tesla,TSLA
2018-04-02 00:00:00-04:00,16.832000732421875,241710000,Tesla,TSLA
2018-04-03 00:00:00-04:00,17.8353328704834,282666000,Tesla,TSLA
2018-04-04 00:00:00-04:00,19.12933349609375,298450500,Tesla,TSLA
2018-04-05 00:00:00-04:00,20.381332397460938,286816500,Tesla,TSLA
2018-04-06 00:00:00-04:00,19.953332901000977,202804500,Tesla,TSLA
2018-04-09 00:00:00-04:00,19.310667037963867,153747000,Tesla,TSLA
2018-04-10 00:00:00-04:00,20.31333351135254,164847000,Tesla,TSLA
2018-04-11 00:00:00-04:00,20.062000274658203,112243500,Tesla,TSLA
2018-04-12 00:00:00-04:00,19.60533332824707,114132000,Tesla,TSLA
2018-04-13 00:00:00-04:00,20.022666931152344,109908000,Tesla,TSLA
2018-04-16 00:00:00-04:00,19.413999557495117,95077500,Tesla,TSLA
2018-04-17 00:00:00-04:00,19.179332733154297,105000000,Tesla,TSLA
2018-04-18 00:00:00-04:00,19.55666732788086,98365500,Tesla,TSLA
2018-04-19 00:00:00-04:00,20.005332946777344,91359000,Tesla,TSLA
2018-04-20 00:00:00-04:00,19.349332809448242,84418500,Tesla,TSLA
2018-04-23 00:00:00-04:00,18.891332626342773,73401000,Tesla,TSLA
2018-04-24 00:00:00-04:00,18.8973331451416,85279500,Tesla,TSLA
2018-04-25 00:00:00-04:00,18.71266746520996,60204000,Tesla,TSLA
2018-04-26 00:00:00-04:00,19.031999588012695,65340000,Tesla,TSLA
2018-04-27 00:00:00-04:00,19.60533332824707,65469000,Tesla,TSLA
2018-04-30 00:00:00-04:00,19.593332290649414,63423000,Tesla,TSLA
2018-05-01 00:00:00-04:00,19.994667053222656,69384000,Tesla,TSLA
2018-05-02 00:00:00-04:00,20.07666778564453,134556000,Tesla,TSLA
2018-05-03 00:00:00-04:00,18.963333129882812,260281500,Tesla,TSLA
2018-05-04 00:00:00-04:00,19.606000900268555,128541000,Tesla,TSLA
2018-05-07 00:00:00-04:00,20.184667587280273,130173000,Tesla,TSLA
2018-05-08 00:00:00-04:00,20.131332397460938,88950000,Tesla,TSLA
2018-05-09 00:00:00-04:00,20.456666946411133,85911000,Tesla,TSLA
2018-05-10 00:00:00-04:00,20.334667205810547,84774000,Tesla,TSLA
2018-05-11 00:00:00-04:00,20.070667266845703,70194000,Tesla,TSLA
2018-05-14 00:00:00-04:00,19.46466636657715,109302000,Tesla,TSLA
2018-05-15 00:00:00-04:00,18.94533348083496,142788000,Tesla,TSLA
2018-05-16 00:00:00-04:00,19.09866714477539,85110000,Tesla,TSLA
2018-05-17 00:00:00-04:00,18.96933364868164,66309000,Tesla,TSLA
2018-05-18 00:00:00-04:00,18.454666137695312,108778500,Tesla,TSLA
2018-05-21 00:00:00-04:00,18.965999603271484,137739000,Tesla,TSLA
2018-05-22 00:00:00-04:00,18.333999633789062,134187000,Tesla,TSLA
2018-05-23 00:00:00-04:00,18.60466766357422,89776500,Tesla,TSLA
2018-05-24 00:00:00-04:00,18.523332595825195,62650500,Tesla,TSLA
2018-05-25 00:00:00-04:00,18.59000015258789,58126500,Tesla,TSLA
2018-05-29 00:00:00-04:00,18.917333602905273,84999000,Tesla,TSLA
2018-05-30 00:00:00-04:00,19.447999954223633,112345500,Tesla,TSLA
2018-05-31 00:00:00-04:00,18.98200035095215,88795500,Tesla,TSLA
2018-06-01 00:00:00-04:00,19.454666137695312,81366000,Tesla,TSLA
2018-06-04 00:00:00-04:00,19.78266716003418,71967000,Tesla,TSLA
2018-06-05 00:00:00-04:00,19.408666610717773,89928000,Tesla,TSLA
2018-06-06 00:00:00-04:00,21.299999237060547,281509500,Tesla,TSLA
2018-06-07 00:00:00-04:00,21.07266616821289,215179500,Tesla,TSLA
2018-06-08 00:00:00-04:00,21.17733383178711,123078000,Tesla,TSLA
2018-06-11 00:00:00-04:00,22.139999389648438,197752500,Tesla,TSLA
2018-06-12 00:00:00-04:00,22.851333618164062,335211000,Tesla,TSLA
2018-06-13 00:00:00-04:00,22.985332489013672,142047000,Tesla,TSLA
2018-06-14 00:00:00-04:00,23.847999572753906,164715000,Tesla,TSLA
2018-06-15 00:00:00-04:00,23.878000259399414,162724500,Tesla,TSLA
2018-06-18 00:00:00-04:00,24.722000122070312,181098000,Tesla,TSLA
2018-06-19 00:00:00-04:00,23.503332138061523,191428500,Tesla,TSLA
2018-06-20 00:00:00-04:00,24.148000717163086,125755500,Tesla,TSLA
2018-06-21 00:00:00-04:00,23.167333602905273,119506500,Tesla,TSLA
2018-06-22 00:00:00-04:00,22.242000579833984,153991500,Tesla,TSLA
2018-06-25 00:00:00-04:00,22.200666427612305,103969500,Tesla,TSLA
2018-06-26 00:00:00-04:00,22.799999237060547,111787500,Tesla,TSLA
2018-06-27 00:00:00-04:00,22.96666717529297,125005500,Tesla,TSLA
2018-06-28 00:00:00-04:00,23.32866668701172,125970000,Tesla,TSLA
2018-06-29 00:00:00-04:00,22.863332748413086,97386000,Tesla,TSLA
2018-07-02 00:00:00-04:00,22.33799934387207,281397000,Tesla,TSLA
2018-07-03 00:00:00-04:00,20.724000930786133,184239000,Tesla,TSLA
2018-07-05 00:00:00-04:00,20.610666275024414,262146000,Tesla,TSLA
2018-07-06 00:00:00-04:00,20.593332290649414,132982500,Tesla,TSLA
2018-07-09 00:00:00-04:00,21.233999252319336,113952000,Tesla,TSLA
2018-07-10 00:00:00-04:00,21.49799919128418,142072500,Tesla,TSLA
2018-07-11 00:00:00-04:00,21.263999938964844,73261500,Tesla,TSLA
2018-07-12 00:00:00-04:00,21.11400032043457,85818000,Tesla,TSLA
2018-07-13 00:00:00-04:00,21.257999420166016,88047000,Tesla,TSLA
2018-07-16 00:00:00-04:00,20.67333221435547,117280500,Tesla,TSLA
2018-07-17 00:00:00-04:00,21.512666702270508,104943000,Tesla,TSLA
2018-07-18 00:00:00-04:00,21.59000015258789,84363000,Tesla,TSLA
2018-07-19 00:00:00-04:00,21.34866714477539,88729500,Tesla,TSLA
2018-07-20 00:00:00-04:00,20.905332565307617,77433000,Tesla,TSLA
2018-07-23 00:00:00-04:00,20.213333129882812,164893500,Tesla,TSLA
2018-07-24 00:00:00-04:00,19.82866668701172,143862000,Tesla,TSLA
2018-07-25 00:00:00-04:00,20.582666397094727,106131000,Tesla,TSLA
2018-07-26 00:00:00-04:00,20.44333267211914,69457500,Tesla,TSLA
2018-07-27 00:00:00-04:00,19.812000274658203,85549500,Tesla,TSLA
2018-07-30 00:00:00-04:00,19.344667434692383,102211500,Tesla,TSLA
2018-07-31 00:00:00-04:00,19.875999450683594,76153500,Tesla,TSLA
2018-08-01 00:00:00-04:00,20.055999755859375,151941000,Tesla,TSLA
2018-08-02 00:00:00-04:00,23.30266761779785,348225000,Tesla,TSLA
2018-08-03 00:00:00-04:00,23.211332321166992,204847500,Tesla,TSLA
2018-08-06 00:00:00-04:00,22.799333572387695,128464500,Tesla,TSLA
2018-08-07 00:00:00-04:00,25.30466651916504,463137000,Tesla,TSLA
2018-08-08 00:00:00-04:00,24.689332962036133,368568000,Tesla,TSLA
2018-08-09 00:00:00-04:00,23.496667861938477,257757000,Tesla,TSLA
2018-08-10 00:00:00-04:00,23.69933319091797,173280000,Tesla,TSLA
2018-08-13 00:00:00-04:00,23.76066780090332,156958500,Tesla,TSLA
2018-08-14 00:00:00-04:00,23.176000595092773,104796000,Tesla,TSLA
2018-08-15 00:00:00-04:00,22.57933235168457,136519500,Tesla,TSLA
2018-08-16 00:00:00-04:00,22.363332748413086,90960000,Tesla,TSLA
2018-08-17 00:00:00-04:00,20.366666793823242,284379000,Tesla,TSLA
2018-08-20 00:00:00-04:00,20.562667846679688,261034500,Tesla,TSLA
2018-08-21 00:00:00-04:00,21.459999084472656,197583000,Tesla,TSLA
2018-08-22 00:00:00-04:00,21.44266700744629,89190000,Tesla,TSLA
2018-08-23 00:00:00-04:00,21.34000015258789,77209500,Tesla,TSLA
2018-08-24 00:00:00-04:00,21.521333694458008,54039000,Tesla,TSLA
2018-08-27 00:00:00-04:00,21.284666061401367,196189500,Tesla,TSLA
2018-08-28 00:00:00-04:00,20.790666580200195,114736500,Tesla,TSLA
2018-08-29 00:00:00-04:00,20.333999633789062,111711000,Tesla,TSLA
2018-08-30 00:00:00-04:00,20.209999084472656,108250500,Tesla,TSLA
2018-08-31 00:00:00-04:00,20.110666275024414,80626500,Tesla,TSLA
2018-09-04 00:00:00-04:00,19.26333236694336,125257500,Tesla,TSLA
2018-09-05 00:00:00-04:00,18.715999603271484,115812000,Tesla,TSLA
2018-09-06 00:00:00-04:00,18.729999542236328,112212000,Tesla,TSLA
2018-09-07 00:00:00-04:00,17.549333572387695,337378500,Tesla,TSLA
2018-09-10 00:00:00-04:00,19.03333282470703,214252500,Tesla,TSLA
2018-09-11 00:00:00-04:00,18.62933349609375,137550000,Tesla,TSLA
2018-09-12 00:00:00-04:00,19.369333267211914,150231000,Tesla,TSLA
2018-09-13 00:00:00-04:00,19.297332763671875,95104500,Tesla,TSLA
2018-09-14 00:00:00-04:00,19.68000030517578,101484000,Tesla,TSLA
2018-09-17 00:00:00-04:00,19.6560001373291,103314000,Tesla,TSLA
2018-09-18 00:00:00-04:00,18.997333526611328,248212500,Tesla,TSLA
2018-09-19 00:00:00-04:00,19.934667587280273,124423500,Tesla,TSLA
2018-09-20 00:00:00-04:00,19.8886661529541,110241000,Tesla,TSLA
2018-09-21 00:00:00-04:00,19.940000534057617,75757500,Tesla,TSLA
2018-09-24 00:00:00-04:00,19.978666305541992,72645000,Tesla,TSLA
2018-09-25 00:00:00-04:00,20.06599998474121,67225500,Tesla,TSLA
2018-09-26 00:00:00-04:00,20.6386661529541,117648000,Tesla,TSLA
2018-09-27 00:00:00-04:00,20.501333236694336,127636500,Tesla,TSLA
2018-09-28 00:00:00-04:00,17.65133285522461,504745500,Tesla,TSLA
2018-10-01 00:00:00-04:00,20.713333129882812,326664000,Tesla,TSLA
2018-10-02 00:00:00-04:00,20.06800079345703,176152500,Tesla,TSLA
2018-10-03 00:00:00-04:00,19.65333366394043,119925000,Tesla,TSLA
2018-10-04 00:00:00-04:00,18.788667678833008,147213000,Tesla,TSLA
2018-10-05 00:00:00-04:00,17.463333129882812,269167500,Tesla,TSLA
2018-10-08 00:00:00-04:00,16.70400047302246,202090500,Tesla,TSLA
2018-10-09 00:00:00-04:00,17.520000457763672,180909000,Tesla,TSLA
2018-10-10 00:00:00-04:00,17.125333786010742,192229500,Tesla,TSLA
2018-10-11 00:00:00-04:00,16.815332412719727,122515500,Tesla,TSLA
2018-10-12 00:00:00-04:00,17.25200080871582,108021000,Tesla,TSLA
2018-10-15 00:00:00-04:00,17.305999755859375,93000000,Tesla,TSLA
2018-10-16 00:00:00-04:00,18.439332962036133,142896000,Tesla,TSLA
2018-10-17 00:00:00-04:00,18.118667602539062,129832500,Tesla,TSLA
2018-10-18 00:00:00-04:00,17.5939998626709,81318000,Tesla,TSLA
2018-10-19 00:00:00-04:00,17.333332061767578,140632500,Tesla,TSLA
2018-10-22 00:00:00-04:00,17.39666748046875,84004500,Tesla,TSLA
2018-10-23 00:00:00-04:00,19.609333038330078,285417000,Tesla,TSLA
2018-10-24 00:00:00-04:00,19.233333587646484,300874500,Tesla,TSLA
2018-10-25 00:00:00-04:00,20.99066734313965,312610500,Tesla,TSLA
2018-10-26 00:00:00-04:00,22.059999465942383,411382500,Tesla,TSLA
2018-10-29 00:00:00-04:00,22.323333740234375,217290000,Tesla,TSLA
2018-10-30 00:00:00-04:00,21.99333381652832,136900500,Tesla,TSLA
2018-10-31 00:00:00-04:00,22.488000869750977,114364500,Tesla,TSLA
2018-11-01 00:00:00-04:00,22.95199966430664,120001500,Tesla,TSLA
2018-11-02 00:00:00-04:00,23.0939998626709,117120000,Tesla,TSLA
2018-11-05 00:00:00-05:00,22.760000228881836,117465000,Tesla,TSLA
2018-11-06 00:00:00-05:00,22.737333297729492,101443500,Tesla,TSLA
2018-11-07 00:00:00-05:00,23.21066665649414,110617500,Tesla,TSLA
2018-11-08 00:00:00-05:00,23.426666259765625,106360500,Tesla,TSLA
2018-11-09 00:00:00-05:00,23.367332458496094,76482000,Tesla,TSLA
2018-11-12 00:00:00-05:00,22.0853328704834,104122500,Tesla,TSLA
2018-11-13 00:00:00-05:00,22.582000732421875,81729000,Tesla,TSLA
2018-11-14 00:00:00-05:00,22.933332443237305,75604500,Tesla,TSLA
2018-11-15 00:00:00-05:00,23.229333877563477,69385500,Tesla,TSLA
2018-11-16 00:00:00-05:00,23.62066650390625,108093000,Tesla,TSLA
2018-11-19 00:00:00-05:00,23.564666748046875,145633500,Tesla,TSLA
2018-11-20 00:00:00-05:00,23.166000366210938,120070500,Tesla,TSLA
2018-11-21 00:00:00-05:00,22.54599952697754,70302000,Tesla,TSLA
2018-11-23 00:00:00-05:00,21.722000122070312,63039000,Tesla,TSLA
2018-11-26 00:00:00-05:00,23.066667556762695,119881500,Tesla,TSLA
2018-11-27 00:00:00-05:00,22.92799949645996,95374500,Tesla,TSLA
2018-11-28 00:00:00-05:00,23.191333770751953,61914000,Tesla,TSLA
2018-11-29 00:00:00-05:00,22.744667053222656,46210500,Tesla,TSLA
2018-11-30 00:00:00-05:00,23.365333557128906,84436500,Tesla,TSLA
2018-12-03 00:00:00-05:00,23.89933204650879,124597500,Tesla,TSLA
2018-12-04 00:00:00-05:00,23.979999542236328,126928500,Tesla,TSLA
2018-12-06 00:00:00-05:00,24.20400047302246,117637500,Tesla,TSLA
2018-12-07 00:00:00-05:00,23.864667892456055,172668000,Tesla,TSLA
2018-12-10 00:00:00-05:00,24.343332290649414,99202500,Tesla,TSLA
2018-12-11 00:00:00-05:00,24.450666427612305,94632000,Tesla,TSLA
2018-12-12 00:00:00-05:00,24.440000534057617,75405000,Tesla,TSLA
2018-12-13 00:00:00-05:00,25.119333267211914,110488500,Tesla,TSLA
2018-12-14 00:00:00-05:00,24.380666732788086,95064000,Tesla,TSLA
2018-12-17 00:00:00-05:00,23.22800064086914,115110000,Tesla,TSLA
2018-12-18 00:00:00-05:00,22.468666076660156,106500000,Tesla,TSLA
2018-12-19 00:00:00-05:00,22.197999954223633,124113000,Tesla,TSLA
2018-12-20 00:00:00-05:00,21.025333404541016,136078500,Tesla,TSLA
2018-12-21 00:00:00-05:00,21.31800079345703,120252000,Tesla,TSLA
2018-12-24 00:00:00-05:00,19.69266700744629,83398500,Tesla,TSLA
2018-12-26 00:00:00-05:00,21.73933219909668,122446500,Tesla,TSLA
2018-12-27 00:00:00-05:00,21.075332641601562,128626500,Tesla,TSLA
2018-12-28 00:00:00-05:00,22.257999420166016,149085000,Tesla,TSLA
2018-12-31 00:00:00-05:00,22.18666648864746,94534500,Tesla,TSLA
2019-01-02 00:00:00-05:00,20.674667358398438,174879000,Tesla,TSLA
2019-01-03 00:00:00-05:00,20.02400016784668,104478000,Tesla,TSLA
2019-01-04 00:00:00-05:00,21.179332733154297,110911500,Tesla,TSLA
2019-01-07 00:00:00-05:00,22.33066749572754,113268000,Tesla,TSLA
2019-01-08 00:00:00-05:00,22.356666564941406,105127500,Tesla,TSLA
2019-01-09 00:00:00-05:00,22.568666458129883,81493500,Tesla,TSLA
2019-01-10 00:00:00-05:00,22.99799919128418,90846000,Tesla,TSLA
2019-01-11 00:00:00-05:00,23.150667190551758,75586500,Tesla,TSLA
2019-01-14 00:00:00-05:00,22.293333053588867,78709500,Tesla,TSLA
2019-01-15 00:00:00-05:00,22.961999893188477,90849000,Tesla,TSLA
2019-01-16 00:00:00-05:00,23.06999969482422,70375500,Tesla,TSLA
2019-01-17 00:00:00-05:00,23.15399932861328,55150500,Tesla,TSLA
2019-01-18 00:00:00-05:00,20.150667190551758,362262000,Tesla,TSLA
2019-01-22 00:00:00-05:00,19.92799949645996,181000500,Tesla,TSLA
2019-01-23 00:00:00-05:00,19.172666549682617,187950000,Tesla,TSLA
2019-01-24 00:00:00-05:00,19.43400001525879,120183000,Tesla,TSLA
2019-01-25 00:00:00-05:00,19.80266761779785,108744000,Tesla,TSLA
2019-01-28 00:00:00-05:00,19.7586669921875,96349500,Tesla,TSLA
2019-01-29 00:00:00-05:00,19.83066749572754,69325500,Tesla,TSLA
2019-01-30 00:00:00-05:00,20.584667205810547,168754500,Tesla,TSLA
2019-01-31 00:00:00-05:00,20.468000411987305,188538000,Tesla,TSLA
2019-02-01 00:00:00-05:00,20.81399917602539,109251000,Tesla,TSLA
2019-02-04 00:00:00-05:00,20.859333038330078,110281500,Tesla,TSLA
2019-02-05 00:00:00-05:00,21.42333221435547,101142000,Tesla,TSLA
2019-02-06 00:00:00-05:00,21.148000717163086,75577500,Tesla,TSLA
2019-02-07 00:00:00-05:00,20.500667572021484,97809000,Tesla,TSLA
2019-02-08 00:00:00-05:00,20.386667251586914,87663000,Tesla,TSLA
2019-02-11 00:00:00-05:00,20.856000900268555,106945500,Tesla,TSLA
2019-02-12 00:00:00-05:00,20.78733253479004,82764000,Tesla,TSLA
2019-02-13 00:00:00-05:00,20.544666290283203,77124000,Tesla,TSLA
2019-02-14 00:00:00-05:00,20.251333236694336,78012000,Tesla,TSLA
2019-02-15 00:00:00-05:00,20.525333404541016,58573500,Tesla,TSLA
2019-02-19 00:00:00-05:00,20.375999450683594,62526000,Tesla,TSLA
2019-02-20 00:00:00-05:00,20.17066764831543,107131500,Tesla,TSLA
2019-02-21 00:00:00-05:00,19.415332794189453,133638000,Tesla,TSLA
2019-02-22 00:00:00-05:00,19.6473331451416,86109000,Tesla,TSLA
2019-02-25 00:00:00-05:00,19.917999267578125,99397500,Tesla,TSLA
2019-02-26 00:00:00-05:00,19.857332229614258,128737500,Tesla,TSLA
2019-02-27 00:00:00-05:00,20.982667922973633,167758500,Tesla,TSLA
2019-02-28 00:00:00-05:00,21.325332641601562,157810500,Tesla,TSLA
2019-03-01 00:00:00-05:00,19.652666091918945,343671000,Tesla,TSLA
2019-03-04 00:00:00-05:00,19.02400016784668,256452000,Tesla,TSLA
2019-03-05 00:00:00-05:00,18.43600082397461,281470500,Tesla,TSLA
2019-03-06 00:00:00-05:00,18.416000366210938,155032500,Tesla,TSLA
2019-03-07 00:00:00-05:00,18.439332962036133,141637500,Tesla,TSLA
2019-03-08 00:00:00-05:00,18.94266700744629,132294000,Tesla,TSLA
2019-03-11 00:00:00-04:00,19.39466667175293,110884500,Tesla,TSLA
2019-03-12 00:00:00-04:00,18.890666961669922,112561500,Tesla,TSLA
2019-03-13 00:00:00-04:00,19.263999938964844,102670500,Tesla,TSLA
2019-03-14 00:00:00-04:00,19.33066749572754,106551000,Tesla,TSLA
2019-03-15 00:00:00-04:00,18.36199951171875,221782500,Tesla,TSLA
2019-03-18 00:00:00-04:00,17.965999603271484,154215000,Tesla,TSLA
2019-03-19 00:00:00-04:00,17.83133316040039,177009000,Tesla,TSLA
2019-03-20 00:00:00-04:00,18.239999771118164,103623000,Tesla,TSLA
2019-03-21 00:00:00-04:00,18.26799964904785,89206500,Tesla,TSLA
2019-03-22 00:00:00-04:00,17.635332107543945,131184000,Tesla,TSLA
2019-03-25 00:00:00-04:00,17.3613338470459,153225000,Tesla,TSLA
2019-03-26 00:00:00-04:00,17.851333618164062,110263500,Tesla,TSLA
2019-03-27 00:00:00-04:00,18.32200050354004,131688000,Tesla,TSLA
2019-03-28 00:00:00-04:00,18.57466697692871,101611500,Tesla,TSLA
2019-03-29 00:00:00-04:00,18.657333374023438,89869500,Tesla,TSLA
2019-04-01 00:00:00-04:00,19.278667449951172,121656000,Tesla,TSLA
2019-04-02 00:00:00-04:00,19.058666229248047,82183500,Tesla,TSLA
2019-04-03 00:00:00-04:00,19.45400047302246,118791000,Tesla,TSLA
2019-04-04 00:00:00-04:00,17.851999282836914,355810500,Tesla,TSLA
2019-04-05 00:00:00-04:00,18.33066749572754,195574500,Tesla,TSLA
2019-04-08 00:00:00-04:00,18.213333129882812,156156000,Tesla,TSLA
2019-04-09 00:00:00-04:00,18.15399932861328,88560000,Tesla,TSLA
2019-04-10 00:00:00-04:00,18.40399932861328,105919500,Tesla,TSLA
2019-04-11 00:00:00-04:00,17.89466667175293,147538500,Tesla,TSLA
2019-04-12 00:00:00-04:00,17.84666633605957,101190000,Tesla,TSLA
2019-04-15 00:00:00-04:00,17.7586669921875,150579000,Tesla,TSLA
2019-04-16 00:00:00-04:00,18.224000930786133,109093500,Tesla,TSLA
2019-04-17 00:00:00-04:00,18.082000732421875,76897500,Tesla,TSLA
2019-04-18 00:00:00-04:00,18.21733283996582,88144500,Tesla,TSLA
2019-04-22 00:00:00-04:00,17.516666412353516,182206500,Tesla,TSLA
2019-04-23 00:00:00-04:00,17.593332290649414,164158500,Tesla,TSLA
2019-04-24 00:00:00-04:00,17.243999481201172,160912500,Tesla,TSLA
2019-04-25 00:00:00-04:00,16.5086669921875,327741000,Tesla,TSLA
2019-04-26 00:00:00-04:00,15.675999641418457,335410500,Tesla,TSLA
2019-04-29 00:00:00-04:00,16.097999572753906,250717500,Tesla,TSLA
2019-04-30 00:00:00-04:00,15.912667274475098,141969000,Tesla,TSLA
2019-05-01 00:00:00-04:00,15.600666999816895,160566000,Tesla,TSLA
2019-05-02 00:00:00-04:00,16.273332595825195,272389500,Tesla,TSLA
2019-05-03 00:00:00-04:00,17.00200080871582,355602000,Tesla,TSLA
2019-05-06 00:00:00-04:00,17.022666931152344,162508500,Tesla,TSLA
2019-05-07 00:00:00-04:00,16.470666885375977,151971000,Tesla,TSLA
2019-05-08 00:00:00-04:00,16.32266616821289,92646000,Tesla,TSLA
2019-05-09 00:00:00-04:00,16.131999969482422,100671000,Tesla,TSLA
2019-05-10 00:00:00-04:00,15.968000411987305,105124500,Tesla,TSLA
2019-05-13 00:00:00-04:00,15.133999824523926,162522000,Tesla,TSLA
2019-05-14 00:00:00-04:00,15.487333297729492,108786000,Tesla,TSLA
2019-05-15 00:00:00-04:00,15.463333129882812,109440000,Tesla,TSLA
2019-05-16 00:00:00-04:00,15.222000122070312,112249500,Tesla,TSLA
2019-05-17 00:00:00-04:00,14.0686674118042,266800500,Tesla,TSLA
2019-05-20 00:00:00-04:00,13.690667152404785,307893000,Tesla,TSLA
2019-05-21 00:00:00-04:00,13.67199993133545,270058500,Tesla,TSLA
2019-05-22 00:00:00-04:00,12.84866714477539,280278000,Tesla,TSLA
2019-05-23 00:00:00-04:00,13.03266716003418,398206500,Tesla,TSLA
2019-05-24 00:00:00-04:00,12.708666801452637,212049000,Tesla,TSLA
2019-05-28 00:00:00-04:00,12.579999923706055,154693500,Tesla,TSLA
2019-05-29 00:00:00-04:00,12.657333374023438,179529000,Tesla,TSLA
2019-05-30 00:00:00-04:00,12.54800033569336,118897500,Tesla,TSLA
2019-05-31 00:00:00-04:00,12.343999862670898,156100500,Tesla,TSLA
2019-06-03 00:00:00-04:00,11.9313325881958,195966000,Tesla,TSLA
2019-06-04 00:00:00-04:00,12.90666675567627,207112500,Tesla,TSLA
2019-06-05 00:00:00-04:00,13.105999946594238,202662000,Tesla,TSLA
2019-06-06 00:00:00-04:00,13.729999542236328,303633000,Tesla,TSLA
2019-06-07 00:00:00-04:00,13.633333206176758,240052500,Tesla,TSLA
2019-06-10 00:00:00-04:00,14.192000389099121,158775000,Tesla,TSLA
2019-06-11 00:00:00-04:00,14.473333358764648,174802500,Tesla,TSLA
2019-06-12 00:00:00-04:00,13.950667381286621,227962500,Tesla,TSLA
2019-06-13 00:00:00-04:00,14.260666847229004,122524500,Tesla,TSLA
2019-06-14 00:00:00-04:00,14.32800006866455,111501000,Tesla,TSLA
2019-06-17 00:00:00-04:00,15.001999855041504,184752000,Tesla,TSLA
2019-06-18 00:00:00-04:00,14.982666969299316,190737000,Tesla,TSLA
2019-06-19 00:00:00-04:00,15.095333099365234,98626500,Tesla,TSLA
2019-06-20 00:00:00-04:00,14.641332626342773,177952500,Tesla,TSLA
2019-06-21 00:00:00-04:00,14.790666580200195,123031500,Tesla,TSLA
2019-06-24 00:00:00-04:00,14.909333229064941,86262000,Tesla,TSLA
2019-06-25 00:00:00-04:00,14.650667190551758,92731500,Tesla,TSLA
2019-06-26 00:00:00-04:00,14.618000030517578,127608000,Tesla,TSLA
2019-06-27 00:00:00-04:00,14.855999946594238,95095500,Tesla,TSLA
2019-06-28 00:00:00-04:00,14.897333145141602,102771000,Tesla,TSLA
2019-07-01 00:00:00-04:00,15.14466667175293,123201000,Tesla,TSLA
2019-07-02 00:00:00-04:00,14.970000267028809,138885000,Tesla,TSLA
2019-07-03 00:00:00-04:00,15.65999984741211,213016500,Tesla,TSLA
2019-07-05 00:00:00-04:00,15.539999961853027,105985500,Tesla,TSLA
2019-07-08 00:00:00-04:00,15.355999946594238,88207500,Tesla,TSLA
2019-07-09 00:00:00-04:00,15.337332725524902,92862000,Tesla,TSLA
2019-07-10 00:00:00-04:00,15.928000450134277,137185500,Tesla,TSLA
2019-07-11 00:00:00-04:00,15.90666675567627,112716000,Tesla,TSLA
2019-07-12 00:00:00-04:00,16.338666915893555,138007500,Tesla,TSLA
2019-07-15 00:00:00-04:00,16.899999618530273,165001500,Tesla,TSLA
2019-07-16 00:00:00-04:00,16.825332641601562,122235000,Tesla,TSLA
2019-07-17 00:00:00-04:00,16.99066734313965,146470500,Tesla,TSLA
2019-07-18 00:00:00-04:00,16.902666091918945,71379000,Tesla,TSLA
2019-07-19 00:00:00-04:00,17.211999893188477,105726000,Tesla,TSLA
2019-07-22 00:00:00-04:00,17.045333862304688,102636000,Tesla,TSLA
2019-07-23 00:00:00-04:00,17.344667434692383,75346500,Tesla,TSLA
2019-07-24 00:00:00-04:00,17.658666610717773,166092000,Tesla,TSLA
2019-07-25 00:00:00-04:00,15.254667282104492,336274500,Tesla,TSLA
2019-07-26 00:00:00-04:00,15.202667236328125,150415500,Tesla,TSLA
2019-07-29 00:00:00-04:00,15.718000411987305,139099500,Tesla,TSLA
2019-07-30 00:00:00-04:00,16.150667190551758,121635000,Tesla,TSLA
2019-07-31 00:00:00-04:00,16.107332229614258,137673000,Tesla,TSLA
2019-08-01 00:00:00-04:00,15.59000015258789,123892500,Tesla,TSLA
2019-08-02 00:00:00-04:00,15.62266731262207,92047500,Tesla,TSLA
2019-08-05 00:00:00-04:00,15.221332550048828,105424500,Tesla,TSLA
2019-08-06 00:00:00-04:00,15.383333206176758,83463000,Tesla,TSLA
2019-08-07 00:00:00-04:00,15.561332702636719,71647500,Tesla,TSLA
2019-08-08 00:00:00-04:00,15.886667251586914,79114500,Tesla,TSLA
2019-08-09 00:00:00-04:00,15.667332649230957,58473000,Tesla,TSLA
2019-08-12 00:00:00-04:00,15.267333030700684,69958500,Tesla,TSLA
2019-08-13 00:00:00-04:00,15.666666984558105,72721500,Tesla,TSLA
2019-08-14 00:00:00-04:00,14.641332626342773,143439000,Tesla,TSLA
2019-08-15 00:00:00-04:00,14.37600040435791,122394000,Tesla,TSLA
2019-08-16 00:00:00-04:00,14.662667274475098,76477500,Tesla,TSLA
2019-08-19 00:00:00-04:00,15.121999740600586,79644000,Tesla,TSLA
2019-08-20 00:00:00-04:00,15.057332992553711,61878000,Tesla,TSLA
2019-08-21 00:00:00-04:00,14.722000122070312,116914500,Tesla,TSLA
2019-08-22 00:00:00-04:00,14.8100004196167,98385000,Tesla,TSLA
2019-08-23 00:00:00-04:00,14.09333324432373,128079000,Tesla,TSLA
2019-08-26 00:00:00-04:00,14.333333015441895,75778500,Tesla,TSLA
2019-08-27 00:00:00-04:00,14.272000312805176,81243000,Tesla,TSLA
2019-08-28 00:00:00-04:00,14.37266731262207,48382500,Tesla,TSLA
2019-08-29 00:00:00-04:00,14.780667304992676,77692500,Tesla,TSLA
2019-08-30 00:00:00-04:00,15.040666580200195,139809000,Tesla,TSLA
2019-09-03 00:00:00-04:00,15.000666618347168,80311500,Tesla,TSLA
2019-09-04 00:00:00-04:00,14.711999893188477,86415000,Tesla,TSLA
2019-09-05 00:00:00-04:00,15.305333137512207,110929500,Tesla,TSLA
2019-09-06 00:00:00-04:00,15.16333293914795,62841000,Tesla,TSLA
2019-09-09 00:00:00-04:00,15.452667236328125,72040500,Tesla,TSLA
2019-09-10 00:00:00-04:00,15.702667236328125,73255500,Tesla,TSLA
2019-09-11 00:00:00-04:00,16.47333335876465,150642000,Tesla,TSLA
2019-09-12 00:00:00-04:00,16.391332626342773,128718000,Tesla,TSLA
2019-09-13 00:00:00-04:00,16.34666633605957,79696500,Tesla,TSLA
2019-09-16 00:00:00-04:00,16.187332153320312,70921500,Tesla,TSLA
2019-09-17 00:00:00-04:00,16.319332122802734,57981000,Tesla,TSLA
2019-09-18 00:00:00-04:00,16.232667922973633,62553000,Tesla,TSLA
2019-09-19 00:00:00-04:00,16.440000534057617,71937000,Tesla,TSLA
2019-09-20 00:00:00-04:00,16.041332244873047,95295000,Tesla,TSLA
2019-09-23 00:00:00-04:00,16.082000732421875,65103000,Tesla,TSLA
2019-09-24 00:00:00-04:00,14.880666732788086,193372500,Tesla,TSLA
2019-09-25 00:00:00-04:00,15.24666690826416,141406500,Tesla,TSLA
2019-09-26 00:00:00-04:00,16.17066764831543,178267500,Tesla,TSLA
2019-09-27 00:00:00-04:00,16.142000198364258,166746000,Tesla,TSLA
2019-09-30 00:00:00-04:00,16.058000564575195,88197000,Tesla,TSLA
2019-10-01 00:00:00-04:00,16.312667846679688,92439000,Tesla,TSLA
2019-10-02 00:00:00-04:00,16.208667755126953,84471000,Tesla,TSLA
2019-10-03 00:00:00-04:00,15.535332679748535,226267500,Tesla,TSLA
2019-10-04 00:00:00-04:00,15.428667068481445,119925000,Tesla,TSLA
2019-10-07 00:00:00-04:00,15.847999572753906,120963000,Tesla,TSLA
2019-10-08 00:00:00-04:00,16.003332138061523,130173000,Tesla,TSLA
2019-10-09 00:00:00-04:00,16.302000045776367,103416000,Tesla,TSLA
2019-10-10 00:00:00-04:00,16.31599998474121,94249500,Tesla,TSLA
2019-10-11 00:00:00-04:00,16.525999069213867,127131000,Tesla,TSLA
2019-10-14 00:00:00-04:00,17.130666732788086,153075000,Tesla,TSLA
2019-10-15 00:00:00-04:00,17.19266700744629,96492000,Tesla,TSLA
2019-10-16 00:00:00-04:00,17.316667556762695,100261500,Tesla,TSLA
2019-10-17 00:00:00-04:00,17.46466636657715,71539500,Tesla,TSLA
2019-10-18 00:00:00-04:00,17.1299991607666,86247000,Tesla,TSLA
2019-10-21 00:00:00-04:00,16.899999618530273,75304500,Tesla,TSLA
2019-10-22 00:00:00-04:00,17.038667678833008,69012000,Tesla,TSLA
2019-10-23 00:00:00-04:00,16.978666305541992,78916500,Tesla,TSLA
2019-10-24 00:00:00-04:00,19.978666305541992,445813500,Tesla,TSLA
2019-10-25 00:00:00-04:00,21.875333786010742,450091500,Tesla,TSLA
2019-10-28 00:00:00-04:00,21.847333908081055,283054500,Tesla,TSLA
2019-10-29 00:00:00-04:00,21.08133316040039,190264500,Tesla,TSLA
2019-10-30 00:00:00-04:00,21.000667572021484,144627000,Tesla,TSLA
2019-10-31 00:00:00-04:00,20.994667053222656,76005000,Tesla,TSLA
2019-11-01 00:00:00-04:00,20.887332916259766,95758500,Tesla,TSLA
2019-11-04 00:00:00-05:00,21.1646671295166,131805000,Tesla,TSLA
2019-11-05 00:00:00-05:00,21.148000717163086,104151000,Tesla,TSLA
2019-11-06 00:00:00-05:00,21.77199935913086,119113500,Tesla,TSLA
2019-11-07 00:00:00-05:00,22.369333267211914,217009500,Tesla,TSLA
2019-11-08 00:00:00-05:00,22.47599983215332,91038000,Tesla,TSLA
2019-11-11 00:00:00-05:00,23.006000518798828,149800500,Tesla,TSLA
2019-11-12 00:00:00-05:00,23.32866668701172,110391000,Tesla,TSLA
2019-11-13 00:00:00-05:00,23.073999404907227,126301500,Tesla,TSLA
2019-11-14 00:00:00-05:00,23.290000915527344,96973500,Tesla,TSLA
2019-11-15 00:00:00-05:00,23.47800064086914,72135000,Tesla,TSLA
2019-11-18 00:00:00-05:00,23.332666397094727,66006000,Tesla,TSLA
2019-11-19 00:00:00-05:00,23.968000411987305,115872000,Tesla,TSLA
2019-11-20 00:00:00-05:00,23.481332778930664,100876500,Tesla,TSLA
2019-11-21 00:00:00-05:00,23.655332565307617,91650000,Tesla,TSLA
2019-11-22 00:00:00-05:00,22.202667236328125,253059000,Tesla,TSLA
2019-11-25 00:00:00-05:00,22.422666549682617,185092500,Tesla,TSLA
2019-11-26 00:00:00-05:00,21.92799949645996,119211000,Tesla,TSLA
2019-11-27 00:00:00-05:00,22.086000442504883,83334000,Tesla,TSLA
2019-11-29 00:00:00-05:00,21.996000289916992,36984000,Tesla,TSLA
2019-12-02 00:00:00-05:00,22.32466697692871,91117500,Tesla,TSLA
2019-12-03 00:00:00-05:00,22.413333892822266,98605500,Tesla,TSLA
2019-12-04 00:00:00-05:00,22.20199966430664,82995000,Tesla,TSLA
2019-12-05 00:00:00-05:00,22.024667739868164,55869000,Tesla,TSLA
2019-12-06 00:00:00-05:00,22.392667770385742,114186000,Tesla,TSLA
2019-12-09 00:00:00-05:00,22.635332107543945,135346500,Tesla,TSLA
2019-12-10 00:00:00-05:00,23.256000518798828,132424500,Tesla,TSLA
2019-12-11 00:00:00-05:00,23.51333236694336,103467000,Tesla,TSLA
2019-12-12 00:00:00-05:00,23.978666305541992,116458500,Tesla,TSLA
2019-12-13 00:00:00-05:00,23.892667770385742,98563500,Tesla,TSLA
2019-12-16 00:00:00-05:00,25.433332443237305,272613000,Tesla,TSLA
2019-12-17 00:00:00-05:00,25.266000747680664,127452000,Tesla,TSLA
2019-12-18 00:00:00-05:00,26.209999084472656,211815000,Tesla,TSLA
2019-12-19 00:00:00-05:00,26.93600082397461,271606500,Tesla,TSLA
2019-12-20 00:00:00-05:00,27.03933334350586,221290500,Tesla,TSLA
2019-12-23 00:00:00-05:00,27.947999954223633,199794000,Tesla,TSLA
2019-12-24 00:00:00-05:00,28.350000381469727,120820500,Tesla,TSLA
2019-12-26 00:00:00-05:00,28.729333877563477,159508500,Tesla,TSLA
2019-12-27 00:00:00-05:00,28.691999435424805,149185500,Tesla,TSLA
2019-12-30 00:00:00-05:00,27.64666748046875,188796000,Tesla,TSLA
2019-12-31 00:00:00-05:00,27.8886661529541,154285500,Tesla,TSLA
2020-01-02 00:00:00-05:00,28.68400001525879,142981500,Tesla,TSLA
2020-01-03 00:00:00-05:00,29.534000396728516,266677500,Tesla,TSLA
2020-01-06 00:00:00-05:00,30.1026668548584,151995000,Tesla,TSLA
2020-01-07 00:00:00-05:00,31.270666122436523,268231500,Tesla,TSLA
2020-01-08 00:00:00-05:00,32.80933380126953,467164500,Tesla,TSLA
2020-01-09 00:00:00-05:00,32.089332580566406,426606000,Tesla,TSLA
2020-01-10 00:00:00-05:00,31.876667022705078,194392500,Tesla,TSLA
2020-01-13 00:00:00-05:00,34.990665435791016,397764000,Tesla,TSLA
2020-01-14 00:00:00-05:00,35.861331939697266,434943000,Tesla,TSLA
2020-01-15 00:00:00-05:00,34.56666564941406,260532000,Tesla,TSLA
2020-01-16 00:00:00-05:00,34.232666015625,326050500,Tesla,TSLA
2020-01-17 00:00:00-05:00,34.03333282470703,204436500,Tesla,TSLA
2020-01-21 00:00:00-05:00,36.47999954223633,267052500,Tesla,TSLA
2020-01-22 00:00:00-05:00,37.97066879272461,470535000,Tesla,TSLA
2020-01-23 00:00:00-05:00,38.14666748046875,294765000,Tesla,TSLA
2020-01-24 00:00:00-05:00,37.654666900634766,215304000,Tesla,TSLA
2020-01-27 00:00:00-05:00,37.201332092285156,204121500,Tesla,TSLA
2020-01-28 00:00:00-05:00,37.793331146240234,176827500,Tesla,TSLA
2020-01-29 00:00:00-05:00,38.732666015625,267022500,Tesla,TSLA
2020-01-30 00:00:00-05:00,42.72066879272461,435085500,Tesla,TSLA
2020-01-31 00:00:00-05:00,43.371334075927734,235789500,Tesla,TSLA
2020-02-03 00:00:00-05:00,52.0,705975000,Tesla,TSLA
2020-02-04 00:00:00-05:00,59.137332916259766,914082000,Tesla,TSLA
2020-02-05 00:00:00-05:00,48.97999954223633,726357000,Tesla,TSLA
2020-02-06 00:00:00-05:00,49.930667877197266,598212000,Tesla,TSLA
2020-02-07 00:00:00-05:00,49.871334075927734,255952500,Tesla,TSLA
2020-02-10 00:00:00-05:00,51.41866683959961,370338000,Tesla,TSLA
2020-02-11 00:00:00-05:00,51.62533187866211,175462500,Tesla,TSLA
2020-02-12 00:00:00-05:00,51.15266799926758,180337500,Tesla,TSLA
2020-02-13 00:00:00-05:00,53.599998474121094,394339500,Tesla,TSLA
2020-02-14 00:00:00-05:00,53.33533477783203,235405500,Tesla,TSLA
2020-02-18 00:00:00-05:00,57.22666549682617,245725500,Tesla,TSLA
2020-02-19 00:00:00-05:00,61.16133117675781,381345000,Tesla,TSLA
2020-02-20 00:00:00-05:00,59.96066665649414,264523500,Tesla,TSLA
2020-02-21 00:00:00-05:00,60.06666564941406,214722000,Tesla,TSLA
2020-02-24 00:00:00-05:00,55.58599853515625,227883000,Tesla,TSLA
2020-02-25 00:00:00-05:00,53.32733154296875,259357500,Tesla,TSLA
2020-02-26 00:00:00-05:00,51.91999816894531,211282500,Tesla,TSLA
2020-02-27 00:00:00-05:00,45.266666412353516,364158000,Tesla,TSLA
2020-02-28 00:00:00-05:00,44.53266525268555,363343500,Tesla,TSLA
2020-03-02 00:00:00-05:00,49.574668884277344,302925000,Tesla,TSLA
2020-03-03 00:00:00-05:00,49.70066833496094,386760000,Tesla,TSLA
2020-03-04 00:00:00-05:00,49.96666717529297,225735000,Tesla,TSLA
2020-03-05 00:00:00-05:00,48.30266571044922,162790500,Tesla,TSLA
2020-03-06 00:00:00-05:00,46.89866638183594,189943500,Tesla,TSLA
2020-03-09 00:00:00-04:00,40.53333282470703,256105500,Tesla,TSLA
2020-03-10 00:00:00-04:00,43.02199935913086,233916000,Tesla,TSLA
2020-03-11 00:00:00-04:00,42.28200149536133,199837500,Tesla,TSLA
2020-03-12 00:00:00-04:00,37.369998931884766,283636500,Tesla,TSLA
2020-03-13 00:00:00-04:00,36.44133377075195,339604500,Tesla,TSLA
2020-03-16 00:00:00-04:00,29.67133331298828,307342500,Tesla,TSLA
2020-03-17 00:00:00-04:00,28.68000030517578,359919000,Tesla,TSLA
2020-03-18 00:00:00-04:00,24.08133316040039,356793000,Tesla,TSLA
2020-03-19 00:00:00-04:00,28.50933265686035,452932500,Tesla,TSLA
2020-03-20 00:00:00-04:00,28.50200080871582,424282500,Tesla,TSLA
2020-03-23 00:00:00-04:00,28.952667236328125,246817500,Tesla,TSLA
2020-03-24 00:00:00-04:00,33.66666793823242,343428000,Tesla,TSLA
2020-03-25 00:00:00-04:00,35.95000076293945,318340500,Tesla,TSLA
2020-03-26 00:00:00-04:00,35.21066665649414,260710500,Tesla,TSLA
2020-03-27 00:00:00-04:00,34.29066848754883,215661000,Tesla,TSLA
2020-03-30 00:00:00-04:00,33.47533416748047,179971500,Tesla,TSLA
2020-03-31 00:00:00-04:00,34.93333435058594,266572500,Tesla,TSLA
2020-04-01 00:00:00-04:00,32.104000091552734,200298000,Tesla,TSLA
2020-04-02 00:00:00-04:00,30.29800033569336,297876000,Tesla,TSLA
2020-04-03 00:00:00-04:00,32.000667572021484,338431500,Tesla,TSLA
2020-04-06 00:00:00-04:00,34.41600036621094,223527000,Tesla,TSLA
2020-04-07 00:00:00-04:00,36.36333465576172,268797000,Tesla,TSLA
2020-04-08 00:00:00-04:00,36.589332580566406,189840000,Tesla,TSLA
2020-04-09 00:00:00-04:00,38.20000076293945,204750000,Tesla,TSLA
2020-04-13 00:00:00-04:00,43.39666748046875,337131000,Tesla,TSLA
2020-04-14 00:00:00-04:00,47.32600021362305,458647500,Tesla,TSLA
2020-04-15 00:00:00-04:00,48.65533447265625,353655000,Tesla,TSLA
2020-04-16 00:00:00-04:00,49.680667877197266,309868500,Tesla,TSLA
2020-04-17 00:00:00-04:00,50.259334564208984,196923000,Tesla,TSLA
2020-04-20 00:00:00-04:00,49.75733184814453,221199000,Tesla,TSLA
2020-04-21 00:00:00-04:00,45.781333923339844,303136500,Tesla,TSLA
2020-04-22 00:00:00-04:00,48.807334899902344,212482500,Tesla,TSLA
2020-04-23 00:00:00-04:00,47.04199981689453,198550500,Tesla,TSLA
2020-04-24 00:00:00-04:00,48.34333419799805,198180000,Tesla,TSLA
2020-04-27 00:00:00-04:00,53.25,310221000,Tesla,TSLA
2020-04-28 00:00:00-04:00,51.27466583251953,228330000,Tesla,TSLA
2020-04-29 00:00:00-04:00,53.367332458496094,243240000,Tesla,TSLA
2020-04-30 00:00:00-04:00,52.12533187866211,427078500,Tesla,TSLA
2020-05-01 00:00:00-04:00,46.75466537475586,487977000,Tesla,TSLA
2020-05-04 00:00:00-04:00,50.74599838256836,288556500,Tesla,TSLA
2020-05-05 00:00:00-04:00,51.2140007019043,254875500,Tesla,TSLA
2020-05-06 00:00:00-04:00,52.172000885009766,166848000,Tesla,TSLA
2020-05-07 00:00:00-04:00,52.00266647338867,172915500,Tesla,TSLA
2020-05-08 00:00:00-04:00,54.62799835205078,241297500,Tesla,TSLA
2020-05-11 00:00:00-04:00,54.08599853515625,247794000,Tesla,TSLA
2020-05-12 00:00:00-04:00,53.96066665649414,238603500,Tesla,TSLA
2020-05-13 00:00:00-04:00,52.73066711425781,285982500,Tesla,TSLA
2020-05-14 00:00:00-04:00,53.55533218383789,205233000,Tesla,TSLA
2020-05-15 00:00:00-04:00,53.27799987792969,157776000,Tesla,TSLA
2020-05-18 00:00:00-04:00,54.242000579833984,174987000,Tesla,TSLA
2020-05-19 00:00:00-04:00,53.867332458496094,144547500,Tesla,TSLA
2020-05-20 00:00:00-04:00,54.37066650390625,109639500,Tesla,TSLA
2020-05-21 00:00:00-04:00,55.17333221435547,183819000,Tesla,TSLA
2020-05-22 00:00:00-04:00,54.45866775512695,149812500,Tesla,TSLA
2020-05-26 00:00:00-04:00,54.591331481933594,121345500,Tesla,TSLA
2020-05-27 00:00:00-04:00,54.68199920654297,173242500,Tesla,TSLA
2020-05-28 00:00:00-04:00,53.72066879272461,108834000,Tesla,TSLA
2020-05-29 00:00:00-04:00,55.66666793823242,176467500,Tesla,TSLA
2020-06-01 00:00:00-04:00,59.87333297729492,224092500,Tesla,TSLA
2020-06-02 00:00:00-04:00,58.770668029785156,203484000,Tesla,TSLA
2020-06-03 00:00:00-04:00,58.86399841308594,119242500,Tesla,TSLA
2020-06-04 00:00:00-04:00,57.62533187866211,133315500,Tesla,TSLA
2020-06-05 00:00:00-04:00,59.04399871826172,117178500,Tesla,TSLA
2020-06-08 00:00:00-04:00,63.327999114990234,212620500,Tesla,TSLA
2020-06-09 00:00:00-04:00,62.711334228515625,170823000,Tesla,TSLA
2020-06-10 00:00:00-04:00,68.336669921875,278451000,Tesla,TSLA
2020-06-11 00:00:00-04:00,64.85600280761719,238747500,Tesla,TSLA
2020-06-12 00:00:00-04:00,62.35200119018555,251451000,Tesla,TSLA
2020-06-15 00:00:00-04:00,66.05999755859375,235458000,Tesla,TSLA
2020-06-16 00:00:00-04:00,65.47533416748047,210766500,Tesla,TSLA
2020-06-17 00:00:00-04:00,66.11933135986328,148362000,Tesla,TSLA
2020-06-18 00:00:00-04:00,66.9306640625,146278500,Tesla,TSLA
2020-06-19 00:00:00-04:00,66.72666931152344,130195500,Tesla,TSLA
2020-06-22 00:00:00-04:00,66.28800201416016,95436000,Tesla,TSLA
2020-06-23 00:00:00-04:00,66.78533172607422,95479500,Tesla,TSLA
2020-06-24 00:00:00-04:00,64.0566635131836,164394000,Tesla,TSLA
2020-06-25 00:00:00-04:00,65.73200225830078,138817500,Tesla,TSLA
2020-06-26 00:00:00-04:00,63.982666015625,132823500,Tesla,TSLA
2020-06-29 00:00:00-04:00,67.29000091552734,135396000,Tesla,TSLA
2020-06-30 00:00:00-04:00,71.98733520507812,253777500,Tesla,TSLA
2020-07-01 00:00:00-04:00,74.64199829101562,199903500,Tesla,TSLA
2020-07-02 00:00:00-04:00,80.57733154296875,258751500,Tesla,TSLA
2020-07-06 00:00:00-04:00,91.43866729736328,308548500,Tesla,TSLA
2020-07-07 00:00:00-04:00,92.65733337402344,322345500,Tesla,TSLA
2020-07-08 00:00:00-04:00,91.05867004394531,244669500,Tesla,TSLA
2020-07-09 00:00:00-04:00,92.9520034790039,175764000,Tesla,TSLA
2020-07-10 00:00:00-04:00,102.97666931152344,350064000,Tesla,TSLA
2020-07-13 00:00:00-04:00,99.80400085449219,584781000,Tesla,TSLA
2020-07-14 00:00:00-04:00,101.12000274658203,351271500,Tesla,TSLA
2020-07-15 00:00:00-04:00,103.06732940673828,245517000,Tesla,TSLA
2020-07-16 00:00:00-04:00,100.04266357421875,214512000,Tesla,TSLA
2020-07-17 00:00:00-04:00,100.05599975585938,139950000,Tesla,TSLA
2020-07-20 00:00:00-04:00,109.53333282470703,256821000,Tesla,TSLA
2020-07-21 00:00:00-04:00,104.55733489990234,241608000,Tesla,TSLA
2020-07-22 00:00:00-04:00,106.15533447265625,212416500,Tesla,TSLA
2020-07-23 00:00:00-04:00,100.87133026123047,364927500,Tesla,TSLA
2020-07-24 00:00:00-04:00,94.46666717529297,290949000,Tesla,TSLA
2020-07-27 00:00:00-04:00,102.63999938964844,240730500,Tesla,TSLA
2020-07-28 00:00:00-04:00,98.43267059326172,237130500,Tesla,TSLA
2020-07-29 00:00:00-04:00,99.94066619873047,141403500,Tesla,TSLA
2020-07-30 00:00:00-04:00,99.16600036621094,114315000,Tesla,TSLA
2020-07-31 00:00:00-04:00,95.38400268554688,183123000,Tesla,TSLA
2020-08-03 00:00:00-04:00,99.0,132139500,Tesla,TSLA
2020-08-04 00:00:00-04:00,99.13333129882812,126225000,Tesla,TSLA
2020-08-05 00:00:00-04:00,99.00133514404297,74217000,Tesla,TSLA
2020-08-06 00:00:00-04:00,99.30533599853516,89884500,Tesla,TSLA
2020-08-07 00:00:00-04:00,96.84733581542969,133446000,Tesla,TSLA
2020-08-10 00:00:00-04:00,94.57133483886719,112834500,Tesla,TSLA
2020-08-11 00:00:00-04:00,91.6259994506836,129387000,Tesla,TSLA
2020-08-12 00:00:00-04:00,103.65066528320312,327441000,Tesla,TSLA
2020-08-13 00:00:00-04:00,108.06666564941406,306379500,Tesla,TSLA
2020-08-14 00:00:00-04:00,110.04733276367188,188664000,Tesla,TSLA
2020-08-17 00:00:00-04:00,122.3759994506836,303634500,Tesla,TSLA
2020-08-18 00:00:00-04:00,125.80599975585938,247117500,Tesla,TSLA
2020-08-19 00:00:00-04:00,125.23533630371094,183079500,Tesla,TSLA
2020-08-20 00:00:00-04:00,133.45533752441406,309177000,Tesla,TSLA
2020-08-21 00:00:00-04:00,136.6653289794922,322344000,Tesla,TSLA
2020-08-24 00:00:00-04:00,134.27999877929688,300954000,Tesla,TSLA
2020-08-25 00:00:00-04:00,134.8893280029297,159883500,Tesla,TSLA
2020-08-26 00:00:00-04:00,143.54466247558594,213591000,Tesla,TSLA
2020-08-27 00:00:00-04:00,149.25,355395000,Tesla,TSLA
2020-08-28 00:00:00-04:00,147.55999755859375,301218000,Tesla,TSLA
2020-08-31 00:00:00-04:00,166.10667419433594,355123200,Tesla,TSLA
2020-09-01 00:00:00-04:00,158.35000610351562,269523300,Tesla,TSLA
2020-09-02 00:00:00-04:00,149.1233367919922,288528300,Tesla,TSLA
2020-09-03 00:00:00-04:00,135.6666717529297,262788300,Tesla,TSLA
2020-09-04 00:00:00-04:00,139.44000244140625,330965700,Tesla,TSLA
2020-09-08 00:00:00-04:00,110.06999969482422,346397100,Tesla,TSLA
2020-09-09 00:00:00-04:00,122.09333038330078,238397400,Tesla,TSLA
2020-09-10 00:00:00-04:00,123.77999877929688,254791800,Tesla,TSLA
2020-09-11 00:00:00-04:00,124.23999786376953,182152500,Tesla,TSLA
2020-09-14 00:00:00-04:00,139.8733367919922,249061800,Tesla,TSLA
2020-09-15 00:00:00-04:00,149.9199981689453,291894600,Tesla,TSLA
2020-09-16 00:00:00-04:00,147.25332641601562,216837900,Tesla,TSLA
2020-09-17 00:00:00-04:00,141.14332580566406,230337600,Tesla,TSLA
2020-09-18 00:00:00-04:00,147.38333129882812,259220400,Tesla,TSLA
2020-09-21 00:00:00-04:00,149.79666137695312,328430400,Tesla,TSLA
2020-09-22 00:00:00-04:00,141.41000366210938,238742400,Tesla,TSLA
2020-09-23 00:00:00-04:00,126.78666687011719,285222600,Tesla,TSLA
2020-09-24 00:00:00-04:00,129.26333618164062,289683300,Tesla,TSLA
2020-09-25 00:00:00-04:00,135.77999877929688,201625500,Tesla,TSLA
2020-09-28 00:00:00-04:00,140.39999389648438,149158800,Tesla,TSLA
2020-09-29 00:00:00-04:00,139.69000244140625,150657900,Tesla,TSLA
2020-09-30 00:00:00-04:00,143.00332641601562,144436800,Tesla,TSLA
2020-10-01 00:00:00-04:00,149.3866729736328,152224500,Tesla,TSLA
2020-10-02 00:00:00-04:00,138.3633270263672,214290000,Tesla,TSLA
2020-10-05 00:00:00-04:00,141.89332580566406,134168400,Tesla,TSLA
2020-10-06 00:00:00-04:00,137.9933319091797,147438900,Tesla,TSLA
2020-10-07 00:00:00-04:00,141.76666259765625,129383100,Tesla,TSLA
2020-10-08 00:00:00-04:00,141.97332763671875,121263300,Tesla,TSLA
2020-10-09 00:00:00-04:00,144.6666717529297,86777100,Tesla,TSLA
2020-10-12 00:00:00-04:00,147.43333435058594,116373300,Tesla,TSLA
2020-10-13 00:00:00-04:00,148.88333129882812,103391100,Tesla,TSLA
2020-10-14 00:00:00-04:00,153.76666259765625,143639100,Tesla,TSLA
2020-10-15 00:00:00-04:00,149.6266632080078,107017200,Tesla,TSLA
2020-10-16 00:00:00-04:00,146.55667114257812,98327700,Tesla,TSLA
2020-10-19 00:00:00-04:00,143.61000061035156,108863400,Tesla,TSLA
2020-10-20 00:00:00-04:00,140.64666748046875,94968900,Tesla,TSLA
2020-10-21 00:00:00-04:00,140.8800048828125,97111500,Tesla,TSLA
2020-10-22 00:00:00-04:00,141.92999267578125,119979600,Tesla,TSLA
2020-10-23 00:00:00-04:00,140.2100067138672,101151000,Tesla,TSLA
2020-10-26 00:00:00-04:00,140.0933380126953,84717600,Tesla,TSLA
2020-10-27 00:00:00-04:00,141.55999755859375,68059500,Tesla,TSLA
2020-10-28 00:00:00-04:00,135.33999633789062,76354200,Tesla,TSLA
2020-10-29 00:00:00-04:00,136.94332885742188,67965900,Tesla,TSLA
2020-10-30 00:00:00-04:00,129.34666442871094,127533900,Tesla,TSLA
2020-11-02 00:00:00-05:00,133.50332641601562,87063300,Tesla,TSLA
2020-11-03 00:00:00-05:00,141.3000030517578,103055100,Tesla,TSLA
2020-11-04 00:00:00-05:00,140.32666015625,96429300,Tesla,TSLA
2020-11-05 00:00:00-05:00,146.02999877929688,85243500,Tesla,TSLA
2020-11-06 00:00:00-05:00,143.31666564941406,65118000,Tesla,TSLA
2020-11-09 00:00:00-05:00,140.4199981689453,104499000,Tesla,TSLA
2020-11-10 00:00:00-05:00,136.7866668701172,90852600,Tesla,TSLA
2020-11-11 00:00:00-05:00,139.0433349609375,52073100,Tesla,TSLA
2020-11-12 00:00:00-05:00,137.25332641601562,59565300,Tesla,TSLA
2020-11-13 00:00:00-05:00,136.1666717529297,59313300,Tesla,TSLA
2020-11-16 00:00:00-05:00,136.02999877929688,80515800,Tesla,TSLA
2020-11-17 00:00:00-05:00,147.20333862304688,183564900,Tesla,TSLA
2020-11-18 00:00:00-05:00,162.2133331298828,234132000,Tesla,TSLA
2020-11-19 00:00:00-05:00,166.42333984375,187425900,Tesla,TSLA
2020-11-20 00:00:00-05:00,163.20333862304688,98735700,Tesla,TSLA
2020-11-23 00:00:00-05:00,173.9499969482422,150780900,Tesla,TSLA
2020-11-24 00:00:00-05:00,185.1266632080078,160945500,Tesla,TSLA
2020-11-25 00:00:00-05:00,191.3333282470703,146790600,Tesla,TSLA
2020-11-27 00:00:00-05:00,195.25332641601562,112683300,Tesla,TSLA
2020-11-30 00:00:00-05:00,189.1999969482422,189009300,Tesla,TSLA
2020-12-01 00:00:00-05:00,194.9199981689453,120310500,Tesla,TSLA
2020-12-02 00:00:00-05:00,189.60667419433594,143327100,Tesla,TSLA
2020-12-03 00:00:00-05:00,197.7933349609375,127656000,Tesla,TSLA
2020-12-04 00:00:00-05:00,199.67999267578125,88203900,Tesla,TSLA
2020-12-07 00:00:00-05:00,213.9199981689453,168929100,Tesla,TSLA
2020-12-08 00:00:00-05:00,216.6266632080078,192795000,Tesla,TSLA
2020-12-09 00:00:00-05:00,201.4933319091797,213873600,Tesla,TSLA
2020-12-10 00:00:00-05:00,209.02333068847656,201249600,Tesla,TSLA
2020-12-11 00:00:00-05:00,203.3300018310547,139425000,Tesla,TSLA
2020-12-14 00:00:00-05:00,213.27667236328125,156121800,Tesla,TSLA
2020-12-15 00:00:00-05:00,211.0833282470703,135214500,Tesla,TSLA
2020-12-16 00:00:00-05:00,207.58999633789062,126287400,Tesla,TSLA
2020-12-17 00:00:00-05:00,218.63333129882812,168810300,Tesla,TSLA
2020-12-18 00:00:00-05:00,231.6666717529297,666378600,Tesla,TSLA
2020-12-21 00:00:00-05:00,216.6199951171875,174135900,Tesla,TSLA
2020-12-22 00:00:00-05:00,213.44667053222656,155148000,Tesla,TSLA
2020-12-23 00:00:00-05:00,215.32666015625,99519000,Tesla,TSLA
2020-12-24 00:00:00-05:00,220.58999633789062,68596800,Tesla,TSLA
2020-12-28 00:00:00-05:00,221.22999572753906,96835800,Tesla,TSLA
2020-12-29 00:00:00-05:00,221.99667358398438,68732400,Tesla,TSLA
2020-12-30 00:00:00-05:00,231.5933380126953,128538000,Tesla,TSLA
2020-12-31 00:00:00-05:00,235.22332763671875,148949700,Tesla,TSLA
2021-01-04 00:00:00-05:00,243.2566680908203,145914600,Tesla,TSLA
2021-01-05 00:00:00-05:00,245.0366668701172,96735600,Tesla,TSLA
2021-01-06 00:00:00-05:00,251.9933319091797,134100000,Tesla,TSLA
2021-01-07 00:00:00-05:00,272.0133361816406,154496700,Tesla,TSLA
2021-01-08 00:00:00-05:00,293.3399963378906,225166500,Tesla,TSLA
2021-01-11 00:00:00-05:00,270.39666748046875,177904800,Tesla,TSLA
2021-01-12 00:00:00-05:00,283.14666748046875,138812100,Tesla,TSLA
2021-01-13 00:00:00-05:00,284.8033447265625,99937500,Tesla,TSLA
2021-01-14 00:00:00-05:00,281.6666564941406,93798900,Tesla,TSLA
2021-01-15 00:00:00-05:00,275.38665771484375,116332800,Tesla,TSLA
2021-01-19 00:00:00-05:00,281.51666259765625,76101000,Tesla,TSLA
2021-01-20 00:00:00-05:00,283.48333740234375,76997700,Tesla,TSLA
2021-01-21 00:00:00-05:00,281.663330078125,61563300,Tesla,TSLA
2021-01-22 00:00:00-05:00,282.21331787109375,60199500,Tesla,TSLA
2021-01-25 00:00:00-05:00,293.6000061035156,123520200,Tesla,TSLA
2021-01-26 00:00:00-05:00,294.36334228515625,69394800,Tesla,TSLA
2021-01-27 00:00:00-05:00,288.0533447265625,82002000,Tesla,TSLA
2021-01-28 00:00:00-05:00,278.4766540527344,79134000,Tesla,TSLA
2021-01-29 00:00:00-05:00,264.510009765625,104972400,Tesla,TSLA
2021-02-01 00:00:00-05:00,279.9366760253906,76174200,Tesla,TSLA
2021-02-02 00:00:00-05:00,290.92999267578125,73038600,Tesla,TSLA
2021-02-03 00:00:00-05:00,284.89666748046875,55030500,Tesla,TSLA
2021-02-04 00:00:00-05:00,283.3299865722656,47438100,Tesla,TSLA
2021-02-05 00:00:00-05:00,284.07666015625,55699800,Tesla,TSLA
2021-02-08 00:00:00-05:00,287.8066711425781,60485100,Tesla,TSLA
2021-02-09 00:00:00-05:00,283.1533203125,45473100,Tesla,TSLA
2021-02-10 00:00:00-05:00,268.2733459472656,108648300,Tesla,TSLA
2021-02-11 00:00:00-05:00,270.5533447265625,64868400,Tesla,TSLA
2021-02-12 00:00:00-05:00,272.0400085449219,71304900,Tesla,TSLA
2021-02-16 00:00:00-05:00,265.40667724609375,59406900,Tesla,TSLA
2021-02-17 00:00:00-05:00,266.04998779296875,77989500,Tesla,TSLA
2021-02-18 00:00:00-05:00,262.4599914550781,53871300,Tesla,TSLA
2021-02-19 00:00:00-05:00,260.4333190917969,56874900,Tesla,TSLA
2021-02-22 00:00:00-05:00,238.1666717529297,111809100,Tesla,TSLA
2021-02-23 00:00:00-05:00,232.94667053222656,199820700,Tesla,TSLA
2021-02-24 00:00:00-05:00,247.33999633789062,110301000,Tesla,TSLA
2021-02-25 00:00:00-05:00,227.4066619873047,117071700,Tesla,TSLA
2021-02-26 00:00:00-05:00,225.1666717529297,123267600,Tesla,TSLA
2021-03-01 00:00:00-05:00,239.47666931152344,81408600,Tesla,TSLA
2021-03-02 00:00:00-05:00,228.81333923339844,71196600,Tesla,TSLA
2021-03-03 00:00:00-05:00,217.73333740234375,90624000,Tesla,TSLA
2021-03-04 00:00:00-05:00,207.14666748046875,197758500,Tesla,TSLA
2021-03-05 00:00:00-05:00,199.31666564941406,268189500,Tesla,TSLA
2021-03-08 00:00:00-05:00,187.6666717529297,155361000,Tesla,TSLA
2021-03-09 00:00:00-05:00,224.52667236328125,202569900,Tesla,TSLA
2021-03-10 00:00:00-05:00,222.68666076660156,181817100,Tesla,TSLA
2021-03-11 00:00:00-05:00,233.1999969482422,108761700,Tesla,TSLA
2021-03-12 00:00:00-05:00,231.2433319091797,100751400,Tesla,TSLA
2021-03-15 00:00:00-04:00,235.97999572753906,88006800,Tesla,TSLA
2021-03-16 00:00:00-04:00,225.6266632080078,96587100,Tesla,TSLA
2021-03-17 00:00:00-04:00,233.93666076660156,121117500,Tesla,TSLA
2021-03-18 00:00:00-04:00,217.72000122070312,99674400,Tesla,TSLA
2021-03-19 00:00:00-04:00,218.2899932861328,128682000,Tesla,TSLA
2021-03-22 00:00:00-04:00,223.3333282470703,118536600,Tesla,TSLA
2021-03-23 00:00:00-04:00,220.72000122070312,91475700,Tesla,TSLA
2021-03-24 00:00:00-04:00,210.08999633789062,101385600,Tesla,TSLA
2021-03-25 00:00:00-04:00,213.4633331298828,117674700,Tesla,TSLA
2021-03-26 00:00:00-04:00,206.23666381835938,101558400,Tesla,TSLA
2021-03-29 00:00:00-04:00,203.76333618164062,85911000,Tesla,TSLA
2021-03-30 00:00:00-04:00,211.8733367919922,118297200,Tesla,TSLA
2021-03-31 00:00:00-04:00,222.64332580566406,100011900,Tesla,TSLA
2021-04-01 00:00:00-04:00,220.5833282470703,105895200,Tesla,TSLA
2021-04-05 00:00:00-04:00,230.35000610351562,125528400,Tesla,TSLA
2021-04-06 00:00:00-04:00,230.5399932861328,84815400,Tesla,TSLA
2021-04-07 00:00:00-04:00,223.6566619873047,78928200,Tesla,TSLA
2021-04-08 00:00:00-04:00,227.93333435058594,71772900,Tesla,TSLA
2021-04-09 00:00:00-04:00,225.67333984375,64311300,Tesla,TSLA
2021-04-12 00:00:00-04:00,233.9933319091797,87407100,Tesla,TSLA
2021-04-13 00:00:00-04:00,254.10667419433594,133958400,Tesla,TSLA
2021-04-14 00:00:00-04:00,244.07666015625,147052200,Tesla,TSLA
2021-04-15 00:00:00-04:00,246.28334045410156,83546700,Tesla,TSLA
2021-04-16 00:00:00-04:00,246.5933380126953,83938500,Tesla,TSLA
2021-04-19 00:00:00-04:00,238.2100067138672,119058600,Tesla,TSLA
2021-04-20 00:00:00-04:00,239.663330078125,106827000,Tesla,TSLA
2021-04-21 00:00:00-04:00,248.0399932861328,93646500,Tesla,TSLA
2021-04-22 00:00:00-04:00,239.89666748046875,106770900,Tesla,TSLA
2021-04-23 00:00:00-04:00,243.13333129882812,85110000,Tesla,TSLA
2021-04-26 00:00:00-04:00,246.06666564941406,93115500,Tesla,TSLA
2021-04-27 00:00:00-04:00,234.913330078125,88311000,Tesla,TSLA
2021-04-28 00:00:00-04:00,231.46665954589844,66813000,Tesla,TSLA
2021-04-29 00:00:00-04:00,225.6666717529297,86536200,Tesla,TSLA
2021-04-30 00:00:00-04:00,236.47999572753906,122276100,Tesla,TSLA
2021-05-03 00:00:00-04:00,228.3000030517578,81129300,Tesla,TSLA
2021-05-04 00:00:00-04:00,224.53334045410156,89217900,Tesla,TSLA
2021-05-05 00:00:00-04:00,223.64666748046875,65705700,Tesla,TSLA
2021-05-06 00:00:00-04:00,221.17999267578125,83353800,Tesla,TSLA
2021-05-07 00:00:00-04:00,224.1233367919922,70407600,Tesla,TSLA
2021-05-10 00:00:00-04:00,209.67999267578125,94177200,Tesla,TSLA
2021-05-11 00:00:00-04:00,205.73333740234375,139511700,Tesla,TSLA
2021-05-12 00:00:00-04:00,196.6300048828125,101470800,Tesla,TSLA
2021-05-13 00:00:00-04:00,190.56333923339844,132554700,Tesla,TSLA
2021-05-14 00:00:00-04:00,196.5800018310547,100112700,Tesla,TSLA
2021-05-17 00:00:00-04:00,192.27667236328125,97171200,Tesla,TSLA
2021-05-18 00:00:00-04:00,192.6233367919922,110491800,Tesla,TSLA
2021-05-19 00:00:00-04:00,187.82000732421875,118735200,Tesla,TSLA
2021-05-20 00:00:00-04:00,195.5933380126953,92463300,Tesla,TSLA
2021-05-21 00:00:00-04:00,193.6266632080078,78091800,Tesla,TSLA
2021-05-24 00:00:00-04:00,202.14666748046875,103674300,Tesla,TSLA
2021-05-25 00:00:00-04:00,201.56333923339844,84017700,Tesla,TSLA
2021-05-26 00:00:00-04:00,206.3766632080078,85917900,Tesla,TSLA
2021-05-27 00:00:00-04:00,210.28334045410156,79111800,Tesla,TSLA
2021-05-28 00:00:00-04:00,208.4066619873047,68211000,Tesla,TSLA
2021-06-01 00:00:00-04:00,207.96665954589844,54254700,Tesla,TSLA
2021-06-02 00:00:00-04:00,201.7066650390625,69908400,Tesla,TSLA
2021-06-03 00:00:00-04:00,190.94667053222656,90335700,Tesla,TSLA
2021-06-04 00:00:00-04:00,199.68333435058594,72110700,Tesla,TSLA
2021-06-07 00:00:00-04:00,201.7100067138672,67631100,Tesla,TSLA
2021-06-08 00:00:00-04:00,201.19667053222656,78160200,Tesla,TSLA
2021-06-09 00:00:00-04:00,199.5933380126953,49753800,Tesla,TSLA
2021-06-10 00:00:00-04:00,203.3733367919922,71758800,Tesla,TSLA
2021-06-11 00:00:00-04:00,203.29666137695312,48615900,Tesla,TSLA
2021-06-14 00:00:00-04:00,205.89666748046875,61272000,Tesla,TSLA
2021-06-15 00:00:00-04:00,199.7866668701172,53292300,Tesla,TSLA
2021-06-16 00:00:00-04:00,201.6233367919922,66432300,Tesla,TSLA
2021-06-17 00:00:00-04:00,205.53334045410156,68104200,Tesla,TSLA
2021-06-18 00:00:00-04:00,207.77000427246094,73682700,Tesla,TSLA
2021-06-21 00:00:00-04:00,206.94332885742188,74438100,Tesla,TSLA
2021-06-22 00:00:00-04:00,207.90333557128906,57476700,Tesla,TSLA
2021-06-23 00:00:00-04:00,218.85667419433594,93297600,Tesla,TSLA
2021-06-24 00:00:00-04:00,226.60667419433594,137947200,Tesla,TSLA
2021-06-25 00:00:00-04:00,223.9566650390625,97490100,Tesla,TSLA
2021-06-28 00:00:00-04:00,229.57333374023438,64884600,Tesla,TSLA
2021-06-29 00:00:00-04:00,226.9199981689453,52143900,Tesla,TSLA
2021-06-30 00:00:00-04:00,226.56666564941406,56774700,Tesla,TSLA
2021-07-01 00:00:00-04:00,225.97332763671875,55903500,Tesla,TSLA
2021-07-02 00:00:00-04:00,226.3000030517578,81163500,Tesla,TSLA
2021-07-06 00:00:00-04:00,219.86000061035156,69853500,Tesla,TSLA
2021-07-07 00:00:00-04:00,214.88333129882812,56376000,Tesla,TSLA
2021-07-08 00:00:00-04:00,217.60333251953125,68319900,Tesla,TSLA
2021-07-09 00:00:00-04:00,218.98333740234375,54421500,Tesla,TSLA
2021-07-12 00:00:00-04:00,228.56666564941406,77781000,Tesla,TSLA
2021-07-13 00:00:00-04:00,222.84666442871094,62898300,Tesla,TSLA
2021-07-14 00:00:00-04:00,217.7933349609375,64923600,Tesla,TSLA
2021-07-15 00:00:00-04:00,216.86666870117188,60628800,Tesla,TSLA
2021-07-16 00:00:00-04:00,214.74000549316406,49113000,Tesla,TSLA
2021-07-19 00:00:00-04:00,215.4066619873047,63891300,Tesla,TSLA
2021-07-20 00:00:00-04:00,220.1666717529297,46461300,Tesla,TSLA
2021-07-21 00:00:00-04:00,218.42999267578125,41859900,Tesla,TSLA
2021-07-22 00:00:00-04:00,216.4199981689453,45317100,Tesla,TSLA
2021-07-23 00:00:00-04:00,214.4600067138672,43814700,Tesla,TSLA
2021-07-26 00:00:00-04:00,219.2066650390625,76009800,Tesla,TSLA
2021-07-27 00:00:00-04:00,214.92666625976562,98439900,Tesla,TSLA
2021-07-28 00:00:00-04:00,215.66000366210938,48019800,Tesla,TSLA
2021-07-29 00:00:00-04:00,225.78334045410156,91183800,Tesla,TSLA
2021-07-30 00:00:00-04:00,229.06666564941406,88969200,Tesla,TSLA
2021-08-02 00:00:00-04:00,236.55667114257812,100847400,Tesla,TSLA
2021-08-03 00:00:00-04:00,236.5800018310547,64860900,Tesla,TSLA
2021-08-04 00:00:00-04:00,236.97332763671875,51007800,Tesla,TSLA
2021-08-05 00:00:00-04:00,238.2100067138672,38758800,Tesla,TSLA
2021-08-06 00:00:00-04:00,233.03334045410156,46869000,Tesla,TSLA
2021-08-09 00:00:00-04:00,237.9199981689453,44145900,Tesla,TSLA
2021-08-10 00:00:00-04:00,236.663330078125,40296900,Tesla,TSLA
2021-08-11 00:00:00-04:00,235.94000244140625,29401800,Tesla,TSLA
2021-08-12 00:00:00-04:00,240.75,52377300,Tesla,TSLA
2021-08-13 00:00:00-04:00,239.05667114257812,50194500,Tesla,TSLA
2021-08-16 00:00:00-04:00,228.72332763671875,68032200,Tesla,TSLA
2021-08-17 00:00:00-04:00,221.90333557128906,71163900,Tesla,TSLA
2021-08-18 00:00:00-04:00,229.663330078125,61048200,Tesla,TSLA
2021-08-19 00:00:00-04:00,224.49000549316406,42940500,Tesla,TSLA
2021-08-20 00:00:00-04:00,226.75332641601562,44525700,Tesla,TSLA
2021-08-23 00:00:00-04:00,235.43333435058594,60794700,Tesla,TSLA
2021-08-24 00:00:00-04:00,236.163330078125,39249300,Tesla,TSLA
2021-08-25 00:00:00-04:00,237.06666564941406,37936800,Tesla,TSLA
2021-08-26 00:00:00-04:00,233.72000122070312,39642900,Tesla,TSLA
2021-08-27 00:00:00-04:00,237.30667114257812,41501400,Tesla,TSLA
2021-08-30 00:00:00-04:00,243.6366729736328,55812600,Tesla,TSLA
2021-08-31 00:00:00-04:00,245.24000549316406,62566200,Tesla,TSLA
2021-09-01 00:00:00-04:00,244.69667053222656,39612900,Tesla,TSLA
2021-09-02 00:00:00-04:00,244.1300048828125,38331900,Tesla,TSLA
2021-09-03 00:00:00-04:00,244.52333068847656,45738300,Tesla,TSLA
2021-09-07 00:00:00-04:00,250.97332763671875,60119400,Tesla,TSLA
2021-09-08 00:00:00-04:00,251.2899932861328,56379000,Tesla,TSLA
2021-09-09 00:00:00-04:00,251.6199951171875,42233100,Tesla,TSLA
2021-09-10 00:00:00-04:00,245.42333984375,45552600,Tesla,TSLA
2021-09-13 00:00:00-04:00,247.6666717529297,68857500,Tesla,TSLA
2021-09-14 00:00:00-04:00,248.163330078125,55574700,Tesla,TSLA
2021-09-15 00:00:00-04:00,251.94332885742188,46073100,Tesla,TSLA
2021-09-16 00:00:00-04:00,252.3300018310547,41770200,Tesla,TSLA
2021-09-17 00:00:00-04:00,253.163330078125,84612600,Tesla,TSLA
2021-09-20 00:00:00-04:00,243.38999938964844,74273100,Tesla,TSLA
2021-09-21 00:00:00-04:00,246.4600067138672,48992100,Tesla,TSLA
2021-09-22 00:00:00-04:00,250.64666748046875,45378900,Tesla,TSLA
2021-09-23 00:00:00-04:00,251.2133331298828,35842500,Tesla,TSLA
2021-09-24 00:00:00-04:00,258.1300048828125,64119000,Tesla,TSLA
2021-09-27 00:00:00-04:00,263.78668212890625,84212100,Tesla,TSLA
2021-09-28 00:00:00-04:00,259.1866760253906,76144200,Tesla,TSLA
2021-09-29 00:00:00-04:00,260.4366760253906,62828700,Tesla,TSLA
2021-09-30 00:00:00-04:00,258.49334716796875,53868000,Tesla,TSLA
2021-10-01 00:00:00-04:00,258.40667724609375,51094200,Tesla,TSLA
2021-10-04 00:00:00-04:00,260.510009765625,91449900,Tesla,TSLA
2021-10-05 00:00:00-04:00,260.1966552734375,55297800,Tesla,TSLA
2021-10-06 00:00:00-04:00,260.9166564941406,43898400,Tesla,TSLA
2021-10-07 00:00:00-04:00,264.53668212890625,57587400,Tesla,TSLA
2021-10-08 00:00:00-04:00,261.8299865722656,50215800,Tesla,TSLA
2021-10-11 00:00:00-04:00,263.9800109863281,42600900,Tesla,TSLA
2021-10-12 00:00:00-04:00,268.5733337402344,66060000,Tesla,TSLA
2021-10-13 00:00:00-04:00,270.3599853515625,42360300,Tesla,TSLA
2021-10-14 00:00:00-04:00,272.7733459472656,36741600,Tesla,TSLA
2021-10-15 00:00:00-04:00,281.010009765625,56773800,Tesla,TSLA
2021-10-18 00:00:00-04:00,290.03668212890625,72621600,Tesla,TSLA
2021-10-19 00:00:00-04:00,288.0899963378906,52143300,Tesla,TSLA
2021-10-20 00:00:00-04:00,288.6000061035156,42096300,Tesla,TSLA
2021-10-21 00:00:00-04:00,298.0,94444500,Tesla,TSLA
2021-10-22 00:00:00-04:00,303.2266540527344,68642400,Tesla,TSLA
2021-10-25 00:00:00-04:00,341.6199951171875,188556300,Tesla,TSLA
2021-10-26 00:00:00-04:00,339.4766540527344,187245000,Tesla,TSLA
2021-10-27 00:00:00-04:00,345.9533386230469,115579500,Tesla,TSLA
2021-10-28 00:00:00-04:00,359.0133361816406,81639600,Tesla,TSLA
2021-10-29 00:00:00-04:00,371.3333435058594,89755200,Tesla,TSLA
2021-11-01 00:00:00-04:00,402.86334228515625,168146100,Tesla,TSLA
2021-11-02 00:00:00-04:00,390.6666564941406,128213400,Tesla,TSLA
2021-11-03 00:00:00-04:00,404.6199951171875,103885500,Tesla,TSLA
2021-11-04 00:00:00-04:00,409.9700012207031,76192200,Tesla,TSLA
2021-11-05 00:00:00-04:00,407.36334228515625,64886400,Tesla,TSLA
2021-11-08 00:00:00-05:00,387.64666748046875,100337100,Tesla,TSLA
2021-11-09 00:00:00-05:00,341.1666564941406,177317400,Tesla,TSLA
2021-11-10 00:00:00-05:00,355.98333740234375,128408100,Tesla,TSLA
2021-11-11 00:00:00-05:00,354.5033264160156,67189800,Tesla,TSLA
2021-11-12 00:00:00-05:00,344.47332763671875,76719300,Tesla,TSLA
2021-11-15 00:00:00-05:00,337.7966613769531,104326800,Tesla,TSLA
2021-11-16 00:00:00-05:00,351.57666015625,79627200,Tesla,TSLA
2021-11-17 00:00:00-05:00,363.0033264160156,94336200,Tesla,TSLA
2021-11-18 00:00:00-05:00,365.4599914550781,62696700,Tesla,TSLA
2021-11-19 00:00:00-05:00,379.0199890136719,64926900,Tesla,TSLA
2021-11-22 00:00:00-05:00,385.6233215332031,99217500,Tesla,TSLA
2021-11-23 00:00:00-05:00,369.6766662597656,108515100,Tesla,TSLA
2021-11-24 00:00:00-05:00,372.0,67680600,Tesla,TSLA
2021-11-26 00:00:00-05:00,360.6400146484375,35042700,Tesla,TSLA
2021-11-29 00:00:00-05:00,378.9966735839844,58393500,Tesla,TSLA
2021-11-30 00:00:00-05:00,381.586669921875,81276000,Tesla,TSLA
2021-12-01 00:00:00-05:00,365.0,68450400,Tesla,TSLA
2021-12-02 00:00:00-05:00,361.5333251953125,73114800,Tesla,TSLA
2021-12-03 00:00:00-05:00,338.3233337402344,92322000,Tesla,TSLA
2021-12-06 00:00:00-05:00,336.336669921875,81663000,Tesla,TSLA
2021-12-07 00:00:00-05:00,350.5833435058594,56084700,Tesla,TSLA
2021-12-08 00:00:00-05:00,356.32000732421875,41906400,Tesla,TSLA
2021-12-09 00:00:00-05:00,334.6000061035156,59438400,Tesla,TSLA
2021-12-10 00:00:00-05:00,339.010009765625,59664300,Tesla,TSLA
2021-12-13 00:00:00-05:00,322.13665771484375,78595500,Tesla,TSLA
2021-12-14 00:00:00-05:00,319.5033264160156,70806300,Tesla,TSLA
2021-12-15 00:00:00-05:00,325.3299865722656,75169200,Tesla,TSLA
2021-12-16 00:00:00-05:00,308.97332763671875,82771500,Tesla,TSLA
2021-12-17 00:00:00-05:00,310.8566589355469,100437300,Tesla,TSLA
2021-12-20 00:00:00-05:00,299.9800109863281,56480100,Tesla,TSLA
2021-12-21 00:00:00-05:00,312.84332275390625,71517900,Tesla,TSLA
2021-12-22 00:00:00-05:00,336.2900085449219,93634200,Tesla,TSLA
2021-12-23 00:00:00-05:00,355.6666564941406,92713200,Tesla,TSLA
2021-12-27 00:00:00-05:00,364.64666748046875,71145900,Tesla,TSLA
2021-12-28 00:00:00-05:00,362.8233337402344,60324000,Tesla,TSLA
2021-12-29 00:00:00-05:00,362.0633239746094,56154000,Tesla,TSLA
2021-12-30 00:00:00-05:00,356.7799987792969,47040900,Tesla,TSLA
2021-12-31 00:00:00-05:00,352.260009765625,40733700,Tesla,TSLA
2022-01-03 00:00:00-05:00,399.9266662597656,103931400,Tesla,TSLA
2022-01-04 00:00:00-05:00,383.1966552734375,100248300,Tesla,TSLA
2022-01-05 00:00:00-05:00,362.7066650390625,80119800,Tesla,TSLA
2022-01-06 00:00:00-05:00,354.8999938964844,90336600,Tesla,TSLA
2022-01-07 00:00:00-05:00,342.32000732421875,84164700,Tesla,TSLA
2022-01-10 00:00:00-05:00,352.7066650390625,91815000,Tesla,TSLA
2022-01-11 00:00:00-05:00,354.79998779296875,66063300,Tesla,TSLA
2022-01-12 00:00:00-05:00,368.739990234375,83739000,Tesla,TSLA
2022-01-13 00:00:00-05:00,343.85333251953125,97209900,Tesla,TSLA
2022-01-14 00:00:00-05:00,349.8699951171875,72924300,Tesla,TSLA
2022-01-18 00:00:00-05:00,343.5033264160156,66743400,Tesla,TSLA
2022-01-19 00:00:00-05:00,331.8833312988281,75442500,Tesla,TSLA
2022-01-20 00:00:00-05:00,332.0899963378906,70488600,Tesla,TSLA
2022-01-21 00:00:00-05:00,314.6333312988281,103416000,Tesla,TSLA
2022-01-24 00:00:00-05:00,310.0,151565700,Tesla,TSLA
2022-01-25 00:00:00-05:00,306.1333312988281,86595900,Tesla,TSLA
2022-01-26 00:00:00-05:00,312.4700012207031,104867400,Tesla,TSLA
2022-01-27 00:00:00-05:00,276.3666687011719,147109500,Tesla,TSLA
2022-01-28 00:00:00-05:00,282.1166687011719,134789100,Tesla,TSLA
2022-01-31 00:00:00-05:00,312.239990234375,104436000,Tesla,TSLA
2022-02-01 00:00:00-05:00,310.4166564941406,73138200,Tesla,TSLA
2022-02-02 00:00:00-05:00,301.88665771484375,66792900,Tesla,TSLA
2022-02-03 00:00:00-05:00,297.0466613769531,78855600,Tesla,TSLA
2022-02-04 00:00:00-05:00,307.7733459472656,73625400,Tesla,TSLA
2022-02-07 00:00:00-05:00,302.4466552734375,60994500,Tesla,TSLA
2022-02-08 00:00:00-05:00,307.3333435058594,50729100,Tesla,TSLA
2022-02-09 00:00:00-05:00,310.6666564941406,52259400,Tesla,TSLA
2022-02-10 00:00:00-05:00,301.51666259765625,66126900,Tesla,TSLA
2022-02-11 00:00:00-05:00,286.6666564941406,79645800,Tesla,TSLA
2022-02-14 00:00:00-05:00,291.9200134277344,67756500,Tesla,TSLA
2022-02-15 00:00:00-05:00,307.4766540527344,57286200,Tesla,TSLA
2022-02-16 00:00:00-05:00,307.7966613769531,51294300,Tesla,TSLA
2022-02-17 00:00:00-05:00,292.1166687011719,55178400,Tesla,TSLA
2022-02-18 00:00:00-05:00,285.6600036621094,68501700,Tesla,TSLA
2022-02-22 00:00:00-05:00,273.84332275390625,83288100,Tesla,TSLA
2022-02-23 00:00:00-05:00,254.67999267578125,95256900,Tesla,TSLA
2022-02-24 00:00:00-05:00,266.92333984375,135322200,Tesla,TSLA
2022-02-25 00:00:00-05:00,269.9566650390625,76067700,Tesla,TSLA
2022-02-28 00:00:00-05:00,290.1433410644531,99006900,Tesla,TSLA
2022-03-01 00:00:00-05:00,288.1233215332031,74766900,Tesla,TSLA
2022-03-02 00:00:00-05:00,293.2966613769531,74643300,Tesla,TSLA
2022-03-03 00:00:00-05:00,279.7633361816406,61623600,Tesla,TSLA
2022-03-04 00:00:00-05:00,279.42999267578125,66999600,Tesla,TSLA
2022-03-07 00:00:00-05:00,268.1933288574219,72494100,Tesla,TSLA
2022-03-08 00:00:00-05:00,274.79998779296875,80399100,Tesla,TSLA
2022-03-09 00:00:00-05:00,286.3233337402344,59184000,Tesla,TSLA
2022-03-10 00:00:00-05:00,279.4333190917969,58648500,Tesla,TSLA
2022-03-11 00:00:00-05:00,265.1166687011719,67037100,Tesla,TSLA
2022-03-14 00:00:00-04:00,255.4566650390625,71152200,Tesla,TSLA
2022-03-15 00:00:00-04:00,267.2966613769531,66841200,Tesla,TSLA
2022-03-16 00:00:00-04:00,280.07666015625,84028800,Tesla,TSLA
2022-03-17 00:00:00-04:00,290.5333251953125,66582900,Tesla,TSLA
2022-03-18 00:00:00-04:00,301.7966613769531,100414200,Tesla,TSLA
2022-03-21 00:00:00-04:00,307.0533447265625,81981600,Tesla,TSLA
2022-03-22 00:00:00-04:00,331.32666015625,105868500,Tesla,TSLA
2022-03-23 00:00:00-04:00,333.03668212890625,120676200,Tesla,TSLA
2022-03-24 00:00:00-04:00,337.97332763671875,68920800,Tesla,TSLA
2022-03-25 00:00:00-04:00,336.8800048828125,62031600,Tesla,TSLA
2022-03-28 00:00:00-04:00,363.9466552734375,102506100,Tesla,TSLA
2022-03-29 00:00:00-04:00,366.5233459472656,73614900,Tesla,TSLA
2022-03-30 00:00:00-04:00,364.663330078125,59865000,Tesla,TSLA
2022-03-31 00:00:00-04:00,359.20001220703125,48992700,Tesla,TSLA
2022-04-01 00:00:00-04:00,361.5299987792969,54263100,Tesla,TSLA
2022-04-04 00:00:00-04:00,381.8166809082031,82035900,Tesla,TSLA
2022-04-05 00:00:00-04:00,363.7533264160156,80075100,Tesla,TSLA
2022-04-06 00:00:00-04:00,348.586669921875,89348400,Tesla,TSLA
2022-04-07 00:00:00-04:00,352.4200134277344,79447200,Tesla,TSLA
2022-04-08 00:00:00-04:00,341.8299865722656,55013700,Tesla,TSLA
2022-04-11 00:00:00-04:00,325.30999755859375,59357100,Tesla,TSLA
2022-04-12 00:00:00-04:00,328.98333740234375,65976000,Tesla,TSLA
2022-04-13 00:00:00-04:00,340.7900085449219,55121100,Tesla,TSLA
2022-04-14 00:00:00-04:00,328.3333435058594,58422300,Tesla,TSLA
2022-04-18 00:00:00-04:00,334.7633361816406,51715200,Tesla,TSLA
2022-04-19 00:00:00-04:00,342.7166748046875,49847700,Tesla,TSLA
2022-04-20 00:00:00-04:00,325.73333740234375,70711200,Tesla,TSLA
2022-04-21 00:00:00-04:00,336.260009765625,105416400,Tesla,TSLA
2022-04-22 00:00:00-04:00,335.01666259765625,69696600,Tesla,TSLA
2022-04-25 00:00:00-04:00,332.67333984375,68341200,Tesla,TSLA
2022-04-26 00:00:00-04:00,292.1400146484375,136133700,Tesla,TSLA
2022-04-27 00:00:00-04:00,293.836669921875,76956300,Tesla,TSLA
2022-04-28 00:00:00-04:00,292.5033264160156,124948500,Tesla,TSLA
2022-04-29 00:00:00-04:00,290.2533264160156,88133100,Tesla,TSLA
2022-05-02 00:00:00-04:00,300.9800109863281,75781500,Tesla,TSLA
2022-05-03 00:00:00-04:00,303.0833435058594,63709500,Tesla,TSLA
2022-05-04 00:00:00-04:00,317.5400085449219,81643800,Tesla,TSLA
2022-05-05 00:00:00-04:00,291.09332275390625,92519100,Tesla,TSLA
2022-05-06 00:00:00-04:00,288.54998779296875,72903000,Tesla,TSLA
2022-05-09 00:00:00-04:00,262.3699951171875,90810300,Tesla,TSLA
2022-05-10 00:00:00-04:00,266.67999267578125,84401700,Tesla,TSLA
2022-05-11 00:00:00-04:00,244.6666717529297,97224600,Tesla,TSLA
2022-05-12 00:00:00-04:00,242.6666717529297,140313000,Tesla,TSLA
2022-05-13 00:00:00-04:00,256.5299987792969,92150700,Tesla,TSLA
2022-05-16 00:00:00-04:00,241.4566650390625,86098500,Tesla,TSLA
2022-05-17 00:00:00-04:00,253.8699951171875,80236200,Tesla,TSLA
2022-05-18 00:00:00-04:00,236.60333251953125,87811800,Tesla,TSLA
2022-05-19 00:00:00-04:00,236.47332763671875,90296700,Tesla,TSLA
2022-05-20 00:00:00-04:00,221.3000030517578,144973200,Tesla,TSLA
2022-05-23 00:00:00-04:00,224.96665954589844,88903500,Tesla,TSLA
2022-05-24 00:00:00-04:00,209.3866729736328,89092500,Tesla,TSLA
2022-05-25 00:00:00-04:00,219.60000610351562,92139300,Tesla,TSLA
2022-05-26 00:00:00-04:00,235.91000366210938,106003200,Tesla,TSLA
2022-05-27 00:00:00-04:00,253.2100067138672,89295000,Tesla,TSLA
2022-05-31 00:00:00-04:00,252.75332641601562,101914500,Tesla,TSLA
2022-06-01 00:00:00-04:00,246.7899932861328,77247900,Tesla,TSLA
2022-06-02 00:00:00-04:00,258.3333435058594,93473100,Tesla,TSLA
2022-06-03 00:00:00-04:00,234.51666259765625,112393800,Tesla,TSLA
2022-06-06 00:00:00-04:00,238.27999877929688,84204600,Tesla,TSLA
2022-06-07 00:00:00-04:00,238.8866729736328,72808500,Tesla,TSLA
2022-06-08 00:00:00-04:00,241.86666870117188,76210500,Tesla,TSLA
2022-06-09 00:00:00-04:00,239.7066650390625,96491400,Tesla,TSLA
2022-06-10 00:00:00-04:00,232.22999572753906,97536600,Tesla,TSLA
2022-06-13 00:00:00-04:00,215.73666381835938,102767400,Tesla,TSLA
2022-06-14 00:00:00-04:00,220.88999938964844,97988700,Tesla,TSLA
2022-06-15 00:00:00-04:00,233.0,119131800,Tesla,TSLA
2022-06-16 00:00:00-04:00,213.10000610351562,107390700,Tesla,TSLA
2022-06-17 00:00:00-04:00,216.75999450683594,92641800,Tesla,TSLA
2022-06-21 00:00:00-04:00,237.0366668701172,122793000,Tesla,TSLA
2022-06-22 00:00:00-04:00,236.086669921875,101107500,Tesla,TSLA
2022-06-23 00:00:00-04:00,235.07000732421875,104202600,Tesla,TSLA
2022-06-24 00:00:00-04:00,245.7066650390625,95770800,Tesla,TSLA
2022-06-27 00:00:00-04:00,244.9199981689453,89178300,Tesla,TSLA
2022-06-28 00:00:00-04:00,232.663330078125,90391200,Tesla,TSLA
2022-06-29 00:00:00-04:00,228.49000549316406,82897200,Tesla,TSLA
2022-06-30 00:00:00-04:00,224.47332763671875,94600500,Tesla,TSLA
2022-07-01 00:00:00-04:00,227.26333618164062,74460300,Tesla,TSLA
2022-07-05 00:00:00-04:00,233.06666564941406,84581100,Tesla,TSLA
2022-07-06 00:00:00-04:00,231.73333740234375,71853600,Tesla,TSLA
2022-07-07 00:00:00-04:00,244.5433349609375,81930600,Tesla,TSLA
2022-07-08 00:00:00-04:00,250.76333618164062,101854200,Tesla,TSLA
2022-07-11 00:00:00-04:00,234.3433380126953,99241200,Tesla,TSLA
2022-07-12 00:00:00-04:00,233.07000732421875,87930900,Tesla,TSLA
2022-07-13 00:00:00-04:00,237.0399932861328,97954500,Tesla,TSLA
2022-07-14 00:00:00-04:00,238.31333923339844,78557400,Tesla,TSLA
2022-07-15 00:00:00-04:00,240.06666564941406,69683100,Tesla,TSLA
2022-07-18 00:00:00-04:00,240.54666137695312,82537500,Tesla,TSLA
2022-07-19 00:00:00-04:00,245.52999877929688,80890200,Tesla,TSLA
2022-07-20 00:00:00-04:00,247.5,88864200,Tesla,TSLA
2022-07-21 00:00:00-04:00,271.7066650390625,142032300,Tesla,TSLA
2022-07-22 00:00:00-04:00,272.24334716796875,103472700,Tesla,TSLA
2022-07-25 00:00:00-04:00,268.4333190917969,64073400,Tesla,TSLA
2022-07-26 00:00:00-04:00,258.8599853515625,66820800,Tesla,TSLA
2022-07-27 00:00:00-04:00,274.82000732421875,88110000,Tesla,TSLA
2022-07-28 00:00:00-04:00,280.8999938964844,84723000,Tesla,TSLA
2022-07-29 00:00:00-04:00,297.1499938964844,95313000,Tesla,TSLA
2022-08-01 00:00:00-04:00,297.27667236328125,117042900,Tesla,TSLA
2022-08-02 00:00:00-04:00,300.586669921875,95577600,Tesla,TSLA
2022-08-03 00:00:00-04:00,307.39666748046875,80091000,Tesla,TSLA
2022-08-04 00:00:00-04:00,308.6333312988281,72256200,Tesla,TSLA
2022-08-05 00:00:00-04:00,288.1700134277344,113172900,Tesla,TSLA
2022-08-08 00:00:00-04:00,290.42333984375,98994000,Tesla,TSLA
2022-08-09 00:00:00-04:00,283.3333435058594,86244600,Tesla,TSLA
2022-08-10 00:00:00-04:00,294.3566589355469,94918800,Tesla,TSLA
2022-08-11 00:00:00-04:00,286.6300048828125,70155000,Tesla,TSLA
2022-08-12 00:00:00-04:00,300.0299987792969,79657200,Tesla,TSLA
2022-08-15 00:00:00-04:00,309.32000732421875,89359200,Tesla,TSLA
2022-08-16 00:00:00-04:00,306.5633239746094,88136400,Tesla,TSLA
2022-08-17 00:00:00-04:00,303.9966735839844,68766000,Tesla,TSLA
2022-08-18 00:00:00-04:00,302.8699951171875,47500500,Tesla,TSLA
2022-08-19 00:00:00-04:00,296.6666564941406,61395300,Tesla,TSLA
2022-08-22 00:00:00-04:00,289.913330078125,55843200,Tesla,TSLA
2022-08-23 00:00:00-04:00,296.4533386230469,63984900,Tesla,TSLA
2022-08-24 00:00:00-04:00,297.0966796875,57259800,Tesla,TSLA
2022-08-25 00:00:00-04:00,296.07000732421875,53230000,Tesla,TSLA
2022-08-26 00:00:00-04:00,288.0899963378906,57163900,Tesla,TSLA
2022-08-29 00:00:00-04:00,284.82000732421875,41864700,Tesla,TSLA
2022-08-30 00:00:00-04:00,277.70001220703125,50541800,Tesla,TSLA
2022-08-31 00:00:00-04:00,275.6099853515625,52107300,Tesla,TSLA
2022-09-01 00:00:00-04:00,277.1600036621094,54287000,Tesla,TSLA
2022-09-02 00:00:00-04:00,270.2099914550781,50890100,Tesla,TSLA
2022-09-06 00:00:00-04:00,274.4200134277344,55860000,Tesla,TSLA
2022-09-07 00:00:00-04:00,283.70001220703125,50028900,Tesla,TSLA
2022-09-08 00:00:00-04:00,289.260009765625,53713100,Tesla,TSLA
2022-09-09 00:00:00-04:00,299.67999267578125,54338100,Tesla,TSLA
2022-09-12 00:00:00-04:00,304.4200134277344,48674600,Tesla,TSLA
2022-09-13 00:00:00-04:00,292.1300048828125,68229600,Tesla,TSLA
2022-09-14 00:00:00-04:00,302.6099853515625,72628700,Tesla,TSLA
2022-09-15 00:00:00-04:00,303.75,64795500,Tesla,TSLA
2022-09-16 00:00:00-04:00,303.3500061035156,87087800,Tesla,TSLA
2022-09-19 00:00:00-04:00,309.07000732421875,60231200,Tesla,TSLA
2022-09-20 00:00:00-04:00,308.7300109863281,61642800,Tesla,TSLA
2022-09-21 00:00:00-04:00,300.79998779296875,62555700,Tesla,TSLA
2022-09-22 00:00:00-04:00,288.5899963378906,70545400,Tesla,TSLA
2022-09-23 00:00:00-04:00,275.3299865722656,63748400,Tesla,TSLA
2022-09-26 00:00:00-04:00,276.010009765625,58076900,Tesla,TSLA
2022-09-27 00:00:00-04:00,282.94000244140625,61925200,Tesla,TSLA
2022-09-28 00:00:00-04:00,287.80999755859375,54664800,Tesla,TSLA
2022-09-29 00:00:00-04:00,268.2099914550781,77620600,Tesla,TSLA
2022-09-30 00:00:00-04:00,265.25,67726600,Tesla,TSLA
2022-10-03 00:00:00-04:00,242.39999389648438,98363500,Tesla,TSLA
2022-10-04 00:00:00-04:00,249.44000244140625,109578500,Tesla,TSLA
2022-10-05 00:00:00-04:00,240.80999755859375,86982700,Tesla,TSLA
2022-10-06 00:00:00-04:00,238.1300048828125,69298400,Tesla,TSLA
2022-10-07 00:00:00-04:00,223.07000732421875,83916800,Tesla,TSLA
2022-10-10 00:00:00-04:00,222.9600067138672,67925000,Tesla,TSLA
2022-10-11 00:00:00-04:00,216.5,77013200,Tesla,TSLA
2022-10-12 00:00:00-04:00,217.24000549316406,66860700,Tesla,TSLA
2022-10-13 00:00:00-04:00,221.72000122070312,91483000,Tesla,TSLA
2022-10-14 00:00:00-04:00,204.99000549316406,94124500,Tesla,TSLA
2022-10-17 00:00:00-04:00,219.35000610351562,79428800,Tesla,TSLA
2022-10-18 00:00:00-04:00,220.19000244140625,75891900,Tesla,TSLA
2022-10-19 00:00:00-04:00,222.0399932861328,66571500,Tesla,TSLA
2022-10-20 00:00:00-04:00,207.27999877929688,117798100,Tesla,TSLA
2022-10-21 00:00:00-04:00,214.44000244140625,75713800,Tesla,TSLA
2022-10-24 00:00:00-04:00,211.25,100446800,Tesla,TSLA
2022-10-25 00:00:00-04:00,222.4199981689453,96507900,Tesla,TSLA
2022-10-26 00:00:00-04:00,224.63999938964844,85012500,Tesla,TSLA
2022-10-27 00:00:00-04:00,225.08999633789062,61638800,Tesla,TSLA
2022-10-28 00:00:00-04:00,228.52000427246094,69152400,Tesla,TSLA
2022-10-31 00:00:00-04:00,227.5399932861328,61554300,Tesla,TSLA
2022-11-01 00:00:00-04:00,227.82000732421875,62688800,Tesla,TSLA
2022-11-02 00:00:00-04:00,214.97999572753906,63070300,Tesla,TSLA
2022-11-03 00:00:00-04:00,215.30999755859375,56538800,Tesla,TSLA
2022-11-04 00:00:00-04:00,207.47000122070312,98622200,Tesla,TSLA
2022-11-07 00:00:00-05:00,197.0800018310547,93916500,Tesla,TSLA
2022-11-08 00:00:00-05:00,191.3000030517578,128803400,Tesla,TSLA
2022-11-09 00:00:00-05:00,177.58999633789062,127062700,Tesla,TSLA
2022-11-10 00:00:00-05:00,190.72000122070312,132703000,Tesla,TSLA
2022-11-11 00:00:00-05:00,195.97000122070312,114403600,Tesla,TSLA
2022-11-14 00:00:00-05:00,190.9499969482422,92226600,Tesla,TSLA
2022-11-15 00:00:00-05:00,194.4199981689453,91293800,Tesla,TSLA
2022-11-16 00:00:00-05:00,186.9199981689453,66567600,Tesla,TSLA
2022-11-17 00:00:00-05:00,183.1699981689453,64336000,Tesla,TSLA
2022-11-18 00:00:00-05:00,180.19000244140625,76048900,Tesla,TSLA
2022-11-21 00:00:00-05:00,167.8699951171875,92882700,Tesla,TSLA
2022-11-22 00:00:00-05:00,169.91000366210938,78452300,Tesla,TSLA
2022-11-23 00:00:00-05:00,183.1999969482422,109536700,Tesla,TSLA
2022-11-25 00:00:00-05:00,182.86000061035156,50672700,Tesla,TSLA
2022-11-28 00:00:00-05:00,182.9199981689453,92905200,Tesla,TSLA
2022-11-29 00:00:00-05:00,180.8300018310547,83357100,Tesla,TSLA
2022-11-30 00:00:00-05:00,194.6999969482422,109186400,Tesla,TSLA
2022-12-01 00:00:00-05:00,194.6999969482422,80046200,Tesla,TSLA
2022-12-02 00:00:00-05:00,194.86000061035156,73645900,Tesla,TSLA
2022-12-05 00:00:00-05:00,182.4499969482422,93122700,Tesla,TSLA
2022-12-06 00:00:00-05:00,179.82000732421875,92150800,Tesla,TSLA
2022-12-07 00:00:00-05:00,174.0399932861328,84213300,Tesla,TSLA
2022-12-08 00:00:00-05:00,173.44000244140625,97624500,Tesla,TSLA
2022-12-09 00:00:00-05:00,179.0500030517578,104872300,Tesla,TSLA
2022-12-12 00:00:00-05:00,167.82000732421875,109794500,Tesla,TSLA
2022-12-13 00:00:00-05:00,160.9499969482422,175862700,Tesla,TSLA
2022-12-14 00:00:00-05:00,156.8000030517578,140682300,Tesla,TSLA
2022-12-15 00:00:00-05:00,157.6699981689453,122334500,Tesla,TSLA
2022-12-16 00:00:00-05:00,150.22999572753906,139032200,Tesla,TSLA
2022-12-19 00:00:00-05:00,149.8699951171875,139390600,Tesla,TSLA
2022-12-20 00:00:00-05:00,137.8000030517578,159563300,Tesla,TSLA
2022-12-21 00:00:00-05:00,137.57000732421875,145417400,Tesla,TSLA
2022-12-22 00:00:00-05:00,125.3499984741211,210090300,Tesla,TSLA
2022-12-23 00:00:00-05:00,123.1500015258789,166989700,Tesla,TSLA
2022-12-27 00:00:00-05:00,109.0999984741211,208643400,Tesla,TSLA
2022-12-28 00:00:00-05:00,112.70999908447266,221070500,Tesla,TSLA
2022-12-29 00:00:00-05:00,121.81999969482422,221923300,Tesla,TSLA
2022-12-30 00:00:00-05:00,123.18000030517578,157777300,Tesla,TSLA
2023-01-03 00:00:00-05:00,108.0999984741211,231402800,Tesla,TSLA
2023-01-04 00:00:00-05:00,113.63999938964844,180389000,Tesla,TSLA
2023-01-05 00:00:00-05:00,110.33999633789062,157986300,Tesla,TSLA
2023-01-06 00:00:00-05:00,113.05999755859375,220911100,Tesla,TSLA
2023-01-09 00:00:00-05:00,119.7699966430664,190284000,Tesla,TSLA
2023-01-10 00:00:00-05:00,118.8499984741211,167642500,Tesla,TSLA
2023-01-11 00:00:00-05:00,123.22000122070312,183810800,Tesla,TSLA
2023-01-12 00:00:00-05:00,123.55999755859375,169400900,Tesla,TSLA
2023-01-13 00:00:00-05:00,122.4000015258789,180714100,Tesla,TSLA
2023-01-17 00:00:00-05:00,131.49000549316406,186477000,Tesla,TSLA
2023-01-18 00:00:00-05:00,128.77999877929688,195680300,Tesla,TSLA
2023-01-19 00:00:00-05:00,127.16999816894531,170291900,Tesla,TSLA
2023-01-20 00:00:00-05:00,133.4199981689453,138858100,Tesla,TSLA
2023-01-23 00:00:00-05:00,143.75,203119200,Tesla,TSLA
2023-01-24 00:00:00-05:00,143.88999938964844,158699100,Tesla,TSLA
2023-01-25 00:00:00-05:00,144.42999267578125,192734300,Tesla,TSLA
2023-01-26 00:00:00-05:00,160.27000427246094,234815100,Tesla,TSLA
2023-01-27 00:00:00-05:00,177.89999389648438,306590600,Tesla,TSLA
2023-01-30 00:00:00-05:00,166.66000366210938,230878800,Tesla,TSLA
2023-01-31 00:00:00-05:00,173.22000122070312,196813500,Tesla,TSLA
2023-02-01 00:00:00-05:00,181.41000366210938,213806300,Tesla,TSLA
2023-02-02 00:00:00-05:00,188.27000427246094,217448300,Tesla,TSLA
2023-02-03 00:00:00-05:00,189.97999572753906,232662000,Tesla,TSLA
2023-02-06 00:00:00-05:00,194.75999450683594,186188100,Tesla,TSLA
2023-02-07 00:00:00-05:00,196.80999755859375,186010300,Tesla,TSLA
2023-02-08 00:00:00-05:00,201.2899932861328,180673600,Tesla,TSLA
2023-02-09 00:00:00-05:00,207.32000732421875,215431400,Tesla,TSLA
2023-02-10 00:00:00-05:00,196.88999938964844,204754100,Tesla,TSLA
2023-02-13 00:00:00-05:00,194.63999938964844,172475500,Tesla,TSLA
2023-02-14 00:00:00-05:00,209.25,216455700,Tesla,TSLA
2023-02-15 00:00:00-05:00,214.24000549316406,181006400,Tesla,TSLA
2023-02-16 00:00:00-05:00,202.0399932861328,229586500,Tesla,TSLA
2023-02-17 00:00:00-05:00,208.30999755859375,213738500,Tesla,TSLA
2023-02-21 00:00:00-05:00,197.3699951171875,180018600,Tesla,TSLA
2023-02-22 00:00:00-05:00,200.86000061035156,191828500,Tesla,TSLA
2023-02-23 00:00:00-05:00,202.07000732421875,146360000,Tesla,TSLA
2023-02-24 00:00:00-05:00,196.8800048828125,142228100,Tesla,TSLA
2023-02-27 00:00:00-05:00,207.6300048828125,161028300,Tesla,TSLA
2023-02-28 00:00:00-05:00,205.7100067138672,153144900,Tesla,TSLA
2023-03-01 00:00:00-05:00,202.77000427246094,156852800,Tesla,TSLA
2023-03-02 00:00:00-05:00,190.89999389648438,181500700,Tesla,TSLA
2023-03-03 00:00:00-05:00,197.7899932861328,154193300,Tesla,TSLA
2023-03-06 00:00:00-05:00,193.80999755859375,128100100,Tesla,TSLA
2023-03-07 00:00:00-05:00,187.7100067138672,148125800,Tesla,TSLA
2023-03-08 00:00:00-05:00,182.0,151897800,Tesla,TSLA
2023-03-09 00:00:00-05:00,172.9199981689453,170023800,Tesla,TSLA
2023-03-10 00:00:00-05:00,173.44000244140625,191488900,Tesla,TSLA
2023-03-13 00:00:00-04:00,174.47999572753906,167790300,Tesla,TSLA
2023-03-14 00:00:00-04:00,183.25999450683594,143717900,Tesla,TSLA
2023-03-15 00:00:00-04:00,180.4499969482422,145995600,Tesla,TSLA
2023-03-16 00:00:00-04:00,184.1300048828125,121136800,Tesla,TSLA
2023-03-17 00:00:00-04:00,180.1300048828125,133197100,Tesla,TSLA
2023-03-20 00:00:00-04:00,183.25,129684400,Tesla,TSLA
2023-03-21 00:00:00-04:00,197.5800018310547,153391400,Tesla,TSLA
2023-03-22 00:00:00-04:00,191.14999389648438,150376400,Tesla,TSLA
2023-03-23 00:00:00-04:00,192.22000122070312,144193900,Tesla,TSLA
2023-03-24 00:00:00-04:00,190.41000366210938,116312400,Tesla,TSLA
2023-03-27 00:00:00-04:00,191.80999755859375,120851600,Tesla,TSLA
2023-03-28 00:00:00-04:00,189.19000244140625,98654600,Tesla,TSLA
2023-03-29 00:00:00-04:00,193.8800048828125,123660000,Tesla,TSLA
2023-03-30 00:00:00-04:00,195.27999877929688,110252200,Tesla,TSLA
2023-03-31 00:00:00-04:00,207.4600067138672,170222100,Tesla,TSLA
2023-04-03 00:00:00-04:00,194.77000427246094,169545900,Tesla,TSLA
2023-04-04 00:00:00-04:00,192.5800018310547,126463800,Tesla,TSLA
2023-04-05 00:00:00-04:00,185.52000427246094,133882500,Tesla,TSLA
2023-04-06 00:00:00-04:00,185.05999755859375,123857900,Tesla,TSLA
2023-04-10 00:00:00-04:00,184.50999450683594,142154600,Tesla,TSLA
2023-04-11 00:00:00-04:00,186.7899932861328,115770900,Tesla,TSLA
2023-04-12 00:00:00-04:00,180.5399932861328,150256300,Tesla,TSLA
2023-04-13 00:00:00-04:00,185.89999389648438,112933000,Tesla,TSLA
2023-04-14 00:00:00-04:00,185.0,96438700,Tesla,TSLA
2023-04-17 00:00:00-04:00,187.0399932861328,116662200,Tesla,TSLA
2023-04-18 00:00:00-04:00,184.30999755859375,92067000,Tesla,TSLA
2023-04-19 00:00:00-04:00,180.58999633789062,125732700,Tesla,TSLA
2023-04-20 00:00:00-04:00,162.99000549316406,210970800,Tesla,TSLA
2023-04-21 00:00:00-04:00,165.0800018310547,123539000,Tesla,TSLA
2023-04-24 00:00:00-04:00,162.5500030517578,140006600,Tesla,TSLA
2023-04-25 00:00:00-04:00,160.6699981689453,121999300,Tesla,TSLA
2023-04-26 00:00:00-04:00,153.75,153364100,Tesla,TSLA
2023-04-27 00:00:00-04:00,160.19000244140625,127015200,Tesla,TSLA
2023-04-28 00:00:00-04:00,164.30999755859375,122515800,Tesla,TSLA
2023-05-01 00:00:00-04:00,161.8300018310547,109015000,Tesla,TSLA
2023-05-02 00:00:00-04:00,160.30999755859375,128259700,Tesla,TSLA
2023-05-03 00:00:00-04:00,160.61000061035156,119728000,Tesla,TSLA
2023-05-04 00:00:00-04:00,161.1999969482422,95108500,Tesla,TSLA
2023-05-05 00:00:00-04:00,170.05999755859375,107607300,Tesla,TSLA
2023-05-08 00:00:00-04:00,171.7899932861328,112249400,Tesla,TSLA
2023-05-09 00:00:00-04:00,169.14999389648438,88965000,Tesla,TSLA
2023-05-10 00:00:00-04:00,168.5399932861328,119840700,Tesla,TSLA
2023-05-11 00:00:00-04:00,172.0800018310547,103889900,Tesla,TSLA
2023-05-12 00:00:00-04:00,167.97999572753906,157849600,Tesla,TSLA
2023-05-15 00:00:00-04:00,166.35000610351562,105592500,Tesla,TSLA
2023-05-16 00:00:00-04:00,166.52000427246094,98288800,Tesla,TSLA
2023-05-17 00:00:00-04:00,173.86000061035156,125473600,Tesla,TSLA
2023-05-18 00:00:00-04:00,176.88999938964844,109520300,Tesla,TSLA
2023-05-19 00:00:00-04:00,180.13999938964844,136196700,Tesla,TSLA
2023-05-22 00:00:00-04:00,188.8699951171875,132001400,Tesla,TSLA
2023-05-23 00:00:00-04:00,185.77000427246094,156952100,Tesla,TSLA
2023-05-24 00:00:00-04:00,182.89999389648438,137605100,Tesla,TSLA
2023-05-25 00:00:00-04:00,184.47000122070312,96870700,Tesla,TSLA
2023-05-26 00:00:00-04:00,193.1699981689453,162061500,Tesla,TSLA
2023-05-30 00:00:00-04:00,201.16000366210938,128818700,Tesla,TSLA
2023-05-31 00:00:00-04:00,203.92999267578125,150711700,Tesla,TSLA
2023-06-01 00:00:00-04:00,207.52000427246094,148029900,Tesla,TSLA
2023-06-02 00:00:00-04:00,213.97000122070312,164398400,Tesla,TSLA
2023-06-05 00:00:00-04:00,217.61000061035156,151143100,Tesla,TSLA
2023-06-06 00:00:00-04:00,221.30999755859375,146911600,Tesla,TSLA
2023-06-07 00:00:00-04:00,224.57000732421875,185710800,Tesla,TSLA
2023-06-08 00:00:00-04:00,234.86000061035156,164489700,Tesla,TSLA
2023-06-09 00:00:00-04:00,244.39999389648438,200242400,Tesla,TSLA
2023-06-12 00:00:00-04:00,249.8300018310547,150337900,Tesla,TSLA
2023-06-13 00:00:00-04:00,258.7099914550781,162384300,Tesla,TSLA
2023-06-14 00:00:00-04:00,256.7900085449219,170575500,Tesla,TSLA
2023-06-15 00:00:00-04:00,255.89999389648438,160171200,Tesla,TSLA
2023-06-16 00:00:00-04:00,260.5400085449219,167915600,Tesla,TSLA
2023-06-20 00:00:00-04:00,274.45001220703125,165611200,Tesla,TSLA
2023-06-21 00:00:00-04:00,259.4599914550781,211797100,Tesla,TSLA
2023-06-22 00:00:00-04:00,264.6099853515625,166875900,Tesla,TSLA
2023-06-23 00:00:00-04:00,256.6000061035156,177460800,Tesla,TSLA
2023-06-26 00:00:00-04:00,241.0500030517578,179990600,Tesla,TSLA
2023-06-27 00:00:00-04:00,250.2100067138672,164968200,Tesla,TSLA
2023-06-28 00:00:00-04:00,256.239990234375,159770800,Tesla,TSLA
2023-06-29 00:00:00-04:00,257.5,131283400,Tesla,TSLA
2023-06-30 00:00:00-04:00,261.7699890136719,112620800,Tesla,TSLA
2023-07-03 00:00:00-04:00,279.82000732421875,119685900,Tesla,TSLA
2023-07-05 00:00:00-04:00,282.4800109863281,131530900,Tesla,TSLA
2023-07-06 00:00:00-04:00,276.5400085449219,120332100,Tesla,TSLA
2023-07-07 00:00:00-04:00,274.42999267578125,113879200,Tesla,TSLA
2023-07-10 00:00:00-04:00,269.6099853515625,119425400,Tesla,TSLA
2023-07-11 00:00:00-04:00,269.7900085449219,91972400,Tesla,TSLA
2023-07-12 00:00:00-04:00,271.989990234375,95672100,Tesla,TSLA
2023-07-13 00:00:00-04:00,277.8999938964844,112681500,Tesla,TSLA
2023-07-14 00:00:00-04:00,281.3800048828125,120062400,Tesla,TSLA
2023-07-17 00:00:00-04:00,290.3800048828125,131569600,Tesla,TSLA
2023-07-18 00:00:00-04:00,293.3399963378906,112120300,Tesla,TSLA
2023-07-19 00:00:00-04:00,291.260009765625,142355400,Tesla,TSLA
2023-07-20 00:00:00-04:00,262.8999938964844,175158300,Tesla,TSLA
2023-07-21 00:00:00-04:00,260.0199890136719,161796100,Tesla,TSLA
2023-07-24 00:00:00-04:00,269.05999755859375,136508500,Tesla,TSLA
2023-07-25 00:00:00-04:00,265.2799987792969,112757300,Tesla,TSLA
2023-07-26 00:00:00-04:00,264.3500061035156,95856200,Tesla,TSLA
2023-07-27 00:00:00-04:00,255.7100067138672,103697300,Tesla,TSLA
2023-07-28 00:00:00-04:00,266.44000244140625,111446000,Tesla,TSLA
2023-07-31 00:00:00-04:00,267.42999267578125,84582200,Tesla,TSLA
2023-08-01 00:00:00-04:00,261.07000732421875,83166000,Tesla,TSLA
2023-08-02 00:00:00-04:00,254.11000061035156,101752900,Tesla,TSLA
2023-08-03 00:00:00-04:00,259.32000732421875,97569100,Tesla,TSLA
2023-08-04 00:00:00-04:00,253.86000061035156,99539900,Tesla,TSLA
2023-08-07 00:00:00-04:00,251.4499969482422,111097900,Tesla,TSLA
2023-08-08 00:00:00-04:00,249.6999969482422,96642200,Tesla,TSLA
2023-08-09 00:00:00-04:00,242.19000244140625,101596300,Tesla,TSLA
2023-08-10 00:00:00-04:00,245.33999633789062,109498600,Tesla,TSLA
2023-08-11 00:00:00-04:00,242.64999389648438,99038600,Tesla,TSLA
2023-08-14 00:00:00-04:00,239.75999450683594,98595300,Tesla,TSLA
2023-08-15 00:00:00-04:00,232.9600067138672,88197600,Tesla,TSLA
2023-08-16 00:00:00-04:00,225.60000610351562,112484500,Tesla,TSLA
2023-08-17 00:00:00-04:00,219.22000122070312,120718400,Tesla,TSLA
2023-08-18 00:00:00-04:00,215.49000549316406,136276600,Tesla,TSLA
2023-08-21 00:00:00-04:00,231.27999877929688,135702700,Tesla,TSLA
2023-08-22 00:00:00-04:00,233.19000244140625,130442800,Tesla,TSLA
2023-08-23 00:00:00-04:00,236.86000061035156,101077600,Tesla,TSLA
2023-08-24 00:00:00-04:00,230.0399932861328,99777400,Tesla,TSLA
2023-08-25 00:00:00-04:00,238.58999633789062,106612200,Tesla,TSLA
2023-08-28 00:00:00-04:00,238.82000732421875,107673700,Tesla,TSLA
2023-08-29 00:00:00-04:00,257.17999267578125,134047600,Tesla,TSLA
2023-08-30 00:00:00-04:00,256.8999938964844,121988400,Tesla,TSLA
2023-08-31 00:00:00-04:00,258.0799865722656,108861700,Tesla,TSLA
2023-09-01 00:00:00-04:00,245.00999450683594,132541600,Tesla,TSLA
2023-09-05 00:00:00-04:00,256.489990234375,129469600,Tesla,TSLA
2023-09-06 00:00:00-04:00,251.9199981689453,116959800,Tesla,TSLA
2023-09-07 00:00:00-04:00,251.49000549316406,115312900,Tesla,TSLA
2023-09-08 00:00:00-04:00,248.5,118367700,Tesla,TSLA
2023-09-11 00:00:00-04:00,273.5799865722656,174667900,Tesla,TSLA
2023-09-12 00:00:00-04:00,267.4800109863281,135999900,Tesla,TSLA
2023-09-13 00:00:00-04:00,271.29998779296875,111673700,Tesla,TSLA
2023-09-14 00:00:00-04:00,276.0400085449219,107709800,Tesla,TSLA
2023-09-15 00:00:00-04:00,274.3900146484375,133692300,Tesla,TSLA
2023-09-18 00:00:00-04:00,265.2799987792969,101543300,Tesla,TSLA
2023-09-19 00:00:00-04:00,266.5,103704000,Tesla,TSLA
2023-09-20 00:00:00-04:00,262.5899963378906,122514600,Tesla,TSLA
2023-09-21 00:00:00-04:00,255.6999969482422,119951500,Tesla,TSLA
2023-09-22 00:00:00-04:00,244.8800048828125,127524100,Tesla,TSLA
2023-09-25 00:00:00-04:00,246.99000549316406,104636600,Tesla,TSLA
2023-09-26 00:00:00-04:00,244.1199951171875,101993600,Tesla,TSLA
2023-09-27 00:00:00-04:00,240.5,136597200,Tesla,TSLA
2023-09-28 00:00:00-04:00,246.3800048828125,117058900,Tesla,TSLA
2023-09-29 00:00:00-04:00,250.22000122070312,128522700,Tesla,TSLA
2023-10-02 00:00:00-04:00,251.60000610351562,123810400,Tesla,TSLA
2023-10-03 00:00:00-04:00,246.52999877929688,101985300,Tesla,TSLA
2023-10-04 00:00:00-04:00,261.1600036621094,129721600,Tesla,TSLA
2023-10-05 00:00:00-04:00,260.04998779296875,119159200,Tesla,TSLA
2023-10-06 00:00:00-04:00,260.5299987792969,118121800,Tesla,TSLA
2023-10-09 00:00:00-04:00,259.6700134277344,101377900,Tesla,TSLA
2023-10-10 00:00:00-04:00,263.6199951171875,122656000,Tesla,TSLA
2023-10-11 00:00:00-04:00,262.989990234375,103706300,Tesla,TSLA
2023-10-12 00:00:00-04:00,258.8699951171875,111508100,Tesla,TSLA
2023-10-13 00:00:00-04:00,251.1199951171875,102073800,Tesla,TSLA
2023-10-16 00:00:00-04:00,253.9199981689453,88917200,Tesla,TSLA
2023-10-17 00:00:00-04:00,254.85000610351562,93562900,Tesla,TSLA
2023-10-18 00:00:00-04:00,242.67999267578125,125147800,Tesla,TSLA
2023-10-19 00:00:00-04:00,220.11000061035156,170772700,Tesla,TSLA
2023-10-20 00:00:00-04:00,211.99000549316406,138010100,Tesla,TSLA
2023-10-23 00:00:00-04:00,212.0800018310547,150683400,Tesla,TSLA
2023-10-24 00:00:00-04:00,216.52000427246094,118231100,Tesla,TSLA
2023-10-25 00:00:00-04:00,212.4199981689453,107065100,Tesla,TSLA
2023-10-26 00:00:00-04:00,205.75999450683594,115112600,Tesla,TSLA
2023-10-27 00:00:00-04:00,207.3000030517578,94881200,Tesla,TSLA
2023-10-30 00:00:00-04:00,197.36000061035156,136448200,Tesla,TSLA
2023-10-31 00:00:00-04:00,200.83999633789062,118068300,Tesla,TSLA
2023-11-01 00:00:00-04:00,205.66000366210938,121661700,Tesla,TSLA
2023-11-02 00:00:00-04:00,218.50999450683594,125987600,Tesla,TSLA
2023-11-03 00:00:00-04:00,219.9600067138672,119534800,Tesla,TSLA
2023-11-06 00:00:00-05:00,219.27000427246094,117335800,Tesla,TSLA
2023-11-07 00:00:00-05:00,222.17999267578125,116900100,Tesla,TSLA
2023-11-08 00:00:00-05:00,222.11000061035156,106584800,Tesla,TSLA
2023-11-09 00:00:00-05:00,209.97999572753906,142110500,Tesla,TSLA
2023-11-10 00:00:00-05:00,214.64999389648438,130994000,Tesla,TSLA
2023-11-13 00:00:00-05:00,223.7100067138672,140447600,Tesla,TSLA
2023-11-14 00:00:00-05:00,237.41000366210938,149771600,Tesla,TSLA
2023-11-15 00:00:00-05:00,242.83999633789062,150354000,Tesla,TSLA
2023-11-16 00:00:00-05:00,233.58999633789062,136816800,Tesla,TSLA
2023-11-17 00:00:00-05:00,234.3000030517578,142532800,Tesla,TSLA
2023-11-20 00:00:00-05:00,235.60000610351562,116320100,Tesla,TSLA
2023-11-21 00:00:00-05:00,241.1999969482422,122288000,Tesla,TSLA
2023-11-22 00:00:00-05:00,234.2100067138672,117950600,Tesla,TSLA
2023-11-24 00:00:00-05:00,235.4499969482422,65125200,Tesla,TSLA
2023-11-27 00:00:00-05:00,236.0800018310547,112031800,Tesla,TSLA
2023-11-28 00:00:00-05:00,246.72000122070312,148549900,Tesla,TSLA
2023-11-29 00:00:00-05:00,244.13999938964844,135401300,Tesla,TSLA
2023-11-30 00:00:00-05:00,240.0800018310547,132353200,Tesla,TSLA
2023-12-01 00:00:00-05:00,238.8300018310547,121331700,Tesla,TSLA
2023-12-04 00:00:00-05:00,235.5800018310547,104099800,Tesla,TSLA
2023-12-05 00:00:00-05:00,238.72000122070312,137971100,Tesla,TSLA
2023-12-06 00:00:00-05:00,239.3699951171875,126436200,Tesla,TSLA
2023-12-07 00:00:00-05:00,242.63999938964844,107142300,Tesla,TSLA
2023-12-08 00:00:00-05:00,243.83999633789062,103126800,Tesla,TSLA
2023-12-11 00:00:00-05:00,239.74000549316406,97913900,Tesla,TSLA
2023-12-12 00:00:00-05:00,237.00999450683594,95328300,Tesla,TSLA
2023-12-13 00:00:00-05:00,239.2899932861328,146286300,Tesla,TSLA
2023-12-14 00:00:00-05:00,251.0500030517578,160829200,Tesla,TSLA
2023-12-15 00:00:00-05:00,253.5,135932800,Tesla,TSLA
2023-12-18 00:00:00-05:00,252.0800018310547,116416500,Tesla,TSLA
2023-12-19 00:00:00-05:00,257.2200012207031,106737400,Tesla,TSLA
2023-12-20 00:00:00-05:00,247.13999938964844,125097000,Tesla,TSLA
2023-12-21 00:00:00-05:00,254.5,109594200,Tesla,TSLA
2023-12-22 00:00:00-05:00,252.5399932861328,93370100,Tesla,TSLA
2023-12-26 00:00:00-05:00,256.6099853515625,86892400,Tesla,TSLA
2023-12-27 00:00:00-05:00,261.44000244140625,106494400,Tesla,TSLA
2023-12-28 00:00:00-05:00,253.17999267578125,113619900,Tesla,TSLA
2023-12-29 00:00:00-05:00,248.47999572753906,100891600,Tesla,TSLA
2024-01-02 00:00:00-05:00,248.4199981689453,104654200,Tesla,TSLA
2024-01-03 00:00:00-05:00,238.4499969482422,121082600,Tesla,TSLA
2024-01-04 00:00:00-05:00,237.92999267578125,102629300,Tesla,TSLA
2024-01-05 00:00:00-05:00,237.49000549316406,92488900,Tesla,TSLA
2024-01-08 00:00:00-05:00,240.4499969482422,85166600,Tesla,TSLA
2024-01-09 00:00:00-05:00,234.9600067138672,96705700,Tesla,TSLA
2024-01-10 00:00:00-05:00,233.94000244140625,91628500,Tesla,TSLA
2024-01-11 00:00:00-05:00,227.22000122070312,105873600,Tesla,TSLA
2024-01-12 00:00:00-05:00,218.88999938964844,123043800,Tesla,TSLA
2024-01-16 00:00:00-05:00,219.91000366210938,115355000,Tesla,TSLA
2024-01-17 00:00:00-05:00,215.5500030517578,103164400,Tesla,TSLA
2024-01-18 00:00:00-05:00,211.8800048828125,108595400,Tesla,TSLA
2024-01-19 00:00:00-05:00,212.19000244140625,102260300,Tesla,TSLA
2024-01-22 00:00:00-05:00,208.8000030517578,117952500,Tesla,TSLA
2024-01-23 00:00:00-05:00,209.13999938964844,106605900,Tesla,TSLA
2024-01-24 00:00:00-05:00,207.8300018310547,123369900,Tesla,TSLA
2024-01-25 00:00:00-05:00,182.6300048828125,198076800,Tesla,TSLA
2024-01-26 00:00:00-05:00,183.25,107343200,Tesla,TSLA
2024-01-29 00:00:00-05:00,190.92999267578125,125013100,Tesla,TSLA
2024-01-30 00:00:00-05:00,191.58999633789062,109982300,Tesla,TSLA
2024-01-31 00:00:00-05:00,187.2899932861328,103221400,Tesla,TSLA
2024-02-01 00:00:00-05:00,188.86000061035156,91843300,Tesla,TSLA
2024-02-02 00:00:00-05:00,187.91000366210938,110612700,Tesla,TSLA
2024-02-05 00:00:00-05:00,181.05999755859375,134294400,Tesla,TSLA
2024-02-06 00:00:00-05:00,185.10000610351562,122676000,Tesla,TSLA
2024-02-07 00:00:00-05:00,187.5800018310547,111535200,Tesla,TSLA
2024-02-08 00:00:00-05:00,189.55999755859375,83034000,Tesla,TSLA
2024-02-09 00:00:00-05:00,193.57000732421875,84476300,Tesla,TSLA
2024-02-12 00:00:00-05:00,188.1300048828125,95498600,Tesla,TSLA
2024-02-13 00:00:00-05:00,184.02000427246094,86759500,Tesla,TSLA
2024-02-14 00:00:00-05:00,188.7100067138672,81203000,Tesla,TSLA
2024-02-15 00:00:00-05:00,200.4499969482422,120831800,Tesla,TSLA
2024-02-16 00:00:00-05:00,199.9499969482422,111346700,Tesla,TSLA
2024-02-20 00:00:00-05:00,193.75999450683594,104545800,Tesla,TSLA
2024-02-21 00:00:00-05:00,194.77000427246094,103500300,Tesla,TSLA
2024-02-22 00:00:00-05:00,197.41000366210938,92739500,Tesla,TSLA
2024-02-23 00:00:00-05:00,191.97000122070312,78841900,Tesla,TSLA
2024-02-26 00:00:00-05:00,199.39999389648438,111747100,Tesla,TSLA
2024-02-27 00:00:00-05:00,199.72999572753906,108645400,Tesla,TSLA
2024-02-28 00:00:00-05:00,202.0399932861328,99806200,Tesla,TSLA
2024-02-29 00:00:00-05:00,201.8800048828125,85907000,Tesla,TSLA
2024-03-01 00:00:00-05:00,202.63999938964844,82243100,Tesla,TSLA
2024-03-04 00:00:00-05:00,188.13999938964844,134334900,Tesla,TSLA
2024-03-05 00:00:00-05:00,180.74000549316406,119660800,Tesla,TSLA
2024-03-06 00:00:00-05:00,176.5399932861328,107920900,Tesla,TSLA
2024-03-07 00:00:00-05:00,178.64999389648438,102129000,Tesla,TSLA
2024-03-08 00:00:00-05:00,175.33999633789062,85544600,Tesla,TSLA
2024-03-11 00:00:00-04:00,177.77000427246094,85391500,Tesla,TSLA
2024-03-12 00:00:00-04:00,177.5399932861328,87391700,Tesla,TSLA
2024-03-13 00:00:00-04:00,169.47999572753906,106524500,Tesla,TSLA
2024-03-14 00:00:00-04:00,162.5,126325700,Tesla,TSLA
2024-03-15 00:00:00-04:00,163.57000732421875,97146800,Tesla,TSLA
2024-03-18 00:00:00-04:00,173.8000030517578,108214400,Tesla,TSLA
2024-03-19 00:00:00-04:00,171.32000732421875,77271400,Tesla,TSLA
2024-03-20 00:00:00-04:00,175.66000366210938,83846700,Tesla,TSLA
2024-03-21 00:00:00-04:00,172.82000732421875,73178000,Tesla,TSLA
2024-03-22 00:00:00-04:00,170.8300018310547,75580600,Tesla,TSLA
2024-03-25 00:00:00-04:00,172.6300048828125,74228600,Tesla,TSLA
2024-03-26 00:00:00-04:00,177.6699981689453,113186200,Tesla,TSLA
2024-03-27 00:00:00-04:00,179.8300018310547,81804000,Tesla,TSLA
2024-03-28 00:00:00-04:00,175.7899932861328,77654800,Tesla,TSLA
2024-04-01 00:00:00-04:00,175.22000122070312,81562100,Tesla,TSLA
2024-04-02 00:00:00-04:00,166.6300048828125,116650600,Tesla,TSLA
2024-04-03 00:00:00-04:00,168.3800048828125,82950100,Tesla,TSLA
2024-04-04 00:00:00-04:00,171.11000061035156,123162000,Tesla,TSLA
2024-04-05 00:00:00-04:00,164.89999389648438,143157600,Tesla,TSLA
2024-04-08 00:00:00-04:00,172.97999572753906,104423300,Tesla,TSLA
2024-04-09 00:00:00-04:00,176.8800048828125,102951700,Tesla,TSLA
2024-04-10 00:00:00-04:00,171.75999450683594,84532400,Tesla,TSLA
2024-04-11 00:00:00-04:00,174.60000610351562,94516000,Tesla,TSLA
2024-04-12 00:00:00-04:00,171.0500030517578,64722700,Tesla,TSLA
2024-04-15 00:00:00-04:00,161.47999572753906,100245300,Tesla,TSLA
2024-04-16 00:00:00-04:00,157.11000061035156,97000000,Tesla,TSLA
2024-04-17 00:00:00-04:00,155.4499969482422,82439700,Tesla,TSLA
2024-04-18 00:00:00-04:00,149.92999267578125,96098800,Tesla,TSLA
2024-04-19 00:00:00-04:00,147.0500030517578,87074500,Tesla,TSLA
2024-04-22 00:00:00-04:00,142.0500030517578,107097600,Tesla,TSLA
2024-04-23 00:00:00-04:00,144.67999267578125,124545100,Tesla,TSLA
2024-04-24 00:00:00-04:00,162.1300048828125,181178000,Tesla,TSLA
2024-04-25 00:00:00-04:00,170.17999267578125,126427500,Tesla,TSLA
2024-04-26 00:00:00-04:00,168.2899932861328,109815700,Tesla,TSLA
2024-04-29 00:00:00-04:00,194.0500030517578,243869700,Tesla,TSLA
2024-04-30 00:00:00-04:00,183.27999877929688,127031800,Tesla,TSLA
2024-05-01 00:00:00-04:00,179.99000549316406,92829700,Tesla,TSLA
2024-05-02 00:00:00-04:00,180.00999450683594,89148000,Tesla,TSLA
2024-05-03 00:00:00-04:00,181.19000244140625,75491500,Tesla,TSLA
2024-05-06 00:00:00-04:00,184.75999450683594,84390300,Tesla,TSLA
2024-05-07 00:00:00-04:00,177.80999755859375,75045900,Tesla,TSLA
2024-05-08 00:00:00-04:00,174.72000122070312,79969500,Tesla,TSLA
2024-05-09 00:00:00-04:00,171.97000122070312,65950300,Tesla,TSLA
2024-05-10 00:00:00-04:00,168.47000122070312,72627200,Tesla,TSLA
2024-05-13 00:00:00-04:00,171.88999938964844,67018900,Tesla,TSLA
2024-05-14 00:00:00-04:00,177.5500030517578,86407400,Tesla,TSLA
2024-05-15 00:00:00-04:00,173.99000549316406,79663000,Tesla,TSLA
2024-05-16 00:00:00-04:00,174.83999633789062,59812200,Tesla,TSLA
2024-05-17 00:00:00-04:00,177.4600067138672,77445800,Tesla,TSLA
2024-05-20 00:00:00-04:00,174.9499969482422,61727400,Tesla,TSLA
2024-05-21 00:00:00-04:00,186.60000610351562,115266500,Tesla,TSLA
2024-05-22 00:00:00-04:00,180.11000061035156,88313500,Tesla,TSLA
2024-05-23 00:00:00-04:00,173.74000549316406,71975500,Tesla,TSLA
2024-05-24 00:00:00-04:00,179.24000549316406,65584500,Tesla,TSLA
2024-05-28 00:00:00-04:00,176.75,59736600,Tesla,TSLA
2024-05-29 00:00:00-04:00,176.19000244140625,54782600,Tesla,TSLA
2024-05-30 00:00:00-04:00,178.7899932861328,77618400,Tesla,TSLA
2024-05-31 00:00:00-04:00,178.0800018310547,67314600,Tesla,TSLA
2024-06-03 00:00:00-04:00,176.2899932861328,68568900,Tesla,TSLA
2024-06-04 00:00:00-04:00,174.77000427246094,60056300,Tesla,TSLA
2024-06-05 00:00:00-04:00,175.0,57953800,Tesla,TSLA
2024-06-06 00:00:00-04:00,177.94000244140625,69887000,Tesla,TSLA
2024-06-07 00:00:00-04:00,177.47999572753906,56244900,Tesla,TSLA
2024-06-10 00:00:00-04:00,173.7899932861328,50774600,Tesla,TSLA
2024-06-11 00:00:00-04:00,170.66000366210938,64761900,Tesla,TSLA
2024-06-12 00:00:00-04:00,177.2899932861328,90389400,Tesla,TSLA
2024-06-13 00:00:00-04:00,182.47000122070312,118984100,Tesla,TSLA
2024-06-14 00:00:00-04:00,178.00999450683594,82038200,Tesla,TSLA
2024-06-17 00:00:00-04:00,187.44000244140625,109786100,Tesla,TSLA
2024-06-18 00:00:00-04:00,184.86000061035156,68982300,Tesla,TSLA
2024-06-20 00:00:00-04:00,181.57000732421875,55893100,Tesla,TSLA
2024-06-21 00:00:00-04:00,183.00999450683594,61937300,Tesla,TSLA
2024-06-24 00:00:00-04:00,182.5800018310547,61992100,Tesla,TSLA
2024-06-25 00:00:00-04:00,187.35000610351562,62905700,Tesla,TSLA
2024-06-26 00:00:00-04:00,196.3699951171875,95737100,Tesla,TSLA
2024-06-27 00:00:00-04:00,197.4199981689453,72746500,Tesla,TSLA
2024-06-28 00:00:00-04:00,197.8800048828125,95438100,Tesla,TSLA
2024-07-01 00:00:00-04:00,209.86000061035156,135691400,Tesla,TSLA
2024-07-02 00:00:00-04:00,231.25999450683594,205047900,Tesla,TSLA
2024-07-03 00:00:00-04:00,246.38999938964844,166561500,Tesla,TSLA
2024-07-05 00:00:00-04:00,251.52000427246094,154501200,Tesla,TSLA
2024-07-08 00:00:00-04:00,252.94000244140625,157219600,Tesla,TSLA
2024-07-09 00:00:00-04:00,262.3299865722656,160210900,Tesla,TSLA
2024-07-10 00:00:00-04:00,263.260009765625,128519400,Tesla,TSLA
2024-07-11 00:00:00-04:00,241.02999877929688,221707300,Tesla,TSLA
2024-07-12 00:00:00-04:00,248.22999572753906,155955800,Tesla,TSLA
2024-07-15 00:00:00-04:00,252.63999938964844,146912900,Tesla,TSLA
2024-07-16 00:00:00-04:00,256.55999755859375,126332500,Tesla,TSLA
2024-07-17 00:00:00-04:00,248.5,115584800,Tesla,TSLA
2024-07-18 00:00:00-04:00,249.22999572753906,110869000,Tesla,TSLA
2024-07-19 00:00:00-04:00,239.1999969482422,87403900,Tesla,TSLA
2024-07-22 00:00:00-04:00,251.50999450683594,101225400,Tesla,TSLA
2024-07-23 00:00:00-04:00,246.3800048828125,111928200,Tesla,TSLA
2024-07-24 00:00:00-04:00,215.99000549316406,167942900,Tesla,TSLA
2024-07-25 00:00:00-04:00,220.25,100636500,Tesla,TSLA
2024-07-26 00:00:00-04:00,219.8000030517578,94604100,Tesla,TSLA
2024-07-29 00:00:00-04:00,232.10000610351562,129201800,Tesla,TSLA
2024-07-30 00:00:00-04:00,222.6199951171875,100560300,Tesla,TSLA
2024-07-31 00:00:00-04:00,232.07000732421875,67497000,Tesla,TSLA
2024-08-01 00:00:00-04:00,216.86000061035156,83861900,Tesla,TSLA
2024-08-02 00:00:00-04:00,207.6699981689453,82880100,Tesla,TSLA
2024-08-05 00:00:00-04:00,198.8800048828125,100308800,Tesla,TSLA
2024-08-06 00:00:00-04:00,200.63999938964844,73783900,Tesla,TSLA
2024-08-07 00:00:00-04:00,191.75999450683594,71159800,Tesla,TSLA
2024-08-08 00:00:00-04:00,198.83999633789062,65033900,Tesla,TSLA
2024-08-09 00:00:00-04:00,200.0,58648300,Tesla,TSLA
2024-08-12 00:00:00-04:00,197.49000549316406,64044900,Tesla,TSLA
2024-08-13 00:00:00-04:00,207.8300018310547,76247400,Tesla,TSLA
2024-08-14 00:00:00-04:00,201.3800048828125,70250000,Tesla,TSLA
2024-08-15 00:00:00-04:00,214.13999938964844,89848500,Tesla,TSLA
2024-08-16 00:00:00-04:00,216.1199951171875,88765100,Tesla,TSLA
2024-08-19 00:00:00-04:00,222.72000122070312,76435200,Tesla,TSLA
2024-08-20 00:00:00-04:00,221.10000610351562,74001200,Tesla,TSLA
2024-08-21 00:00:00-04:00,223.27000427246094,70146000,Tesla,TSLA
2024-08-22 00:00:00-04:00,210.66000366210938,79514500,Tesla,TSLA
2024-08-23 00:00:00-04:00,220.32000732421875,81525200,Tesla,TSLA
2024-08-26 00:00:00-04:00,213.2100067138672,59301200,Tesla,TSLA
2024-08-27 00:00:00-04:00,209.2100067138672,62821400,Tesla,TSLA
2024-08-28 00:00:00-04:00,205.75,64116400,Tesla,TSLA
2024-08-29 00:00:00-04:00,206.27999877929688,62308800,Tesla,TSLA
2024-08-30 00:00:00-04:00,214.11000061035156,63370600,Tesla,TSLA
2024-09-03 00:00:00-04:00,210.60000610351562,76714200,Tesla,TSLA
2024-09-04 00:00:00-04:00,219.41000366210938,80651800,Tesla,TSLA
2024-09-05 00:00:00-04:00,230.1699981689453,119355000,Tesla,TSLA
2024-09-06 00:00:00-04:00,210.72999572753906,112177000,Tesla,TSLA
2024-09-09 00:00:00-04:00,216.27000427246094,67443500,Tesla,TSLA
2024-09-10 00:00:00-04:00,226.1699981689453,78891100,Tesla,TSLA
2024-09-11 00:00:00-04:00,228.1300048828125,83548600,Tesla,TSLA
2024-09-12 00:00:00-04:00,229.80999755859375,71894900,Tesla,TSLA
2024-09-13 00:00:00-04:00,230.2899932861328,59515100,Tesla,TSLA
2024-09-16 00:00:00-04:00,226.77999877929688,54323000,Tesla,TSLA
2024-09-17 00:00:00-04:00,227.8699951171875,66761600,Tesla,TSLA
2024-09-18 00:00:00-04:00,227.1999969482422,78010200,Tesla,TSLA
2024-09-19 00:00:00-04:00,243.9199981689453,102694600,Tesla,TSLA
2024-09-20 00:00:00-04:00,238.25,99879100,Tesla,TSLA
2024-09-23 00:00:00-04:00,250.0,86927200,Tesla,TSLA
2024-09-24 00:00:00-04:00,254.27000427246094,88491000,Tesla,TSLA
2024-09-25 00:00:00-04:00,257.0199890136719,65034300,Tesla,TSLA
2024-09-26 00:00:00-04:00,254.22000122070312,67142200,Tesla,TSLA
2024-09-27 00:00:00-04:00,260.4599914550781,70988100,Tesla,TSLA
2024-09-30 00:00:00-04:00,261.6300048828125,80705700,Tesla,TSLA
2024-10-01 00:00:00-04:00,258.0199890136719,87397600,Tesla,TSLA
2024-10-02 00:00:00-04:00,249.02000427246094,93983900,Tesla,TSLA
2024-10-03 00:00:00-04:00,240.66000366210938,80729200,Tesla,TSLA
2024-10-04 00:00:00-04:00,250.0800018310547,86573200,Tesla,TSLA
2024-10-07 00:00:00-04:00,240.8300018310547,68113300,Tesla,TSLA
2024-10-08 00:00:00-04:00,244.5,56303200,Tesla,TSLA
2024-10-09 00:00:00-04:00,241.0500030517578,66289500,Tesla,TSLA
2024-10-10 00:00:00-04:00,238.77000427246094,83087100,Tesla,TSLA
2024-10-11 00:00:00-04:00,217.8000030517578,142628900,Tesla,TSLA
2024-10-14 00:00:00-04:00,219.16000366210938,86291900,Tesla,TSLA
2024-10-15 00:00:00-04:00,219.57000732421875,62988800,Tesla,TSLA
2024-10-16 00:00:00-04:00,221.3300018310547,49632800,Tesla,TSLA
2024-10-17 00:00:00-04:00,220.88999938964844,50791800,Tesla,TSLA
2024-10-18 00:00:00-04:00,220.6999969482422,49611900,Tesla,TSLA
2024-10-21 00:00:00-04:00,218.85000610351562,47329000,Tesla,TSLA
2024-10-22 00:00:00-04:00,217.97000122070312,43268700,Tesla,TSLA
2024-10-23 00:00:00-04:00,213.64999389648438,80938900,Tesla,TSLA
2024-10-24 00:00:00-04:00,260.4800109863281,204491900,Tesla,TSLA
2024-10-25 00:00:00-04:00,269.19000244140625,161611900,Tesla,TSLA
2024-10-28 00:00:00-04:00,262.510009765625,107653600,Tesla,TSLA
2024-10-29 00:00:00-04:00,259.5199890136719,80521800,Tesla,TSLA
2024-10-30 00:00:00-04:00,257.54998779296875,53993600,Tesla,TSLA
2024-10-31 00:00:00-04:00,249.85000610351562,66575300,Tesla,TSLA
2024-11-01 00:00:00-04:00,248.97999572753906,57544800,Tesla,TSLA
2024-11-04 00:00:00-05:00,242.83999633789062,68802400,Tesla,TSLA
2024-11-05 00:00:00-05:00,251.44000244140625,69282500,Tesla,TSLA
2024-11-06 00:00:00-05:00,288.5299987792969,165228700,Tesla,TSLA
2024-11-07 00:00:00-05:00,296.9100036621094,117309200,Tesla,TSLA
2024-11-08 00:00:00-05:00,321.2200012207031,204782800,Tesla,TSLA
2024-11-11 00:00:00-05:00,350.0,210521600,Tesla,TSLA
2024-11-12 00:00:00-05:00,328.489990234375,155726000,Tesla,TSLA
2024-11-13 00:00:00-05:00,330.239990234375,125405600,Tesla,TSLA
2024-11-14 00:00:00-05:00,311.17999267578125,120726100,Tesla,TSLA
2024-11-15 00:00:00-05:00,320.7200012207031,114440300,Tesla,TSLA
2024-11-18 00:00:00-05:00,338.739990234375,126085600,Tesla,TSLA
2024-11-19 00:00:00-05:00,346.0,88852500,Tesla,TSLA
2024-11-20 00:00:00-05:00,342.0299987792969,66340700,Tesla,TSLA
2024-11-21 00:00:00-05:00,339.6400146484375,58011700,Tesla,TSLA
2024-11-22 00:00:00-05:00,352.55999755859375,89140700,Tesla,TSLA
2024-11-25 00:00:00-05:00,338.5899963378906,95890900,Tesla,TSLA
2024-11-26 00:00:00-05:00,338.2300109863281,62295900,Tesla,TSLA
2024-11-27 00:00:00-05:00,332.8900146484375,57896400,Tesla,TSLA
2024-11-29 00:00:00-05:00,345.1600036621094,37167600,Tesla,TSLA
2024-12-02 00:00:00-05:00,357.0899963378906,77986500,Tesla,TSLA
2024-12-03 00:00:00-05:00,351.4200134277344,58267200,Tesla,TSLA
2024-12-04 00:00:00-05:00,357.92999267578125,50810900,Tesla,TSLA
2024-12-05 00:00:00-05:00,369.489990234375,81403600,Tesla,TSLA
2024-12-06 00:00:00-05:00,389.2200012207031,81455800,Tesla,TSLA
2024-12-09 00:00:00-05:00,389.7900085449219,96359200,Tesla,TSLA
2024-12-10 00:00:00-05:00,400.989990234375,97563600,Tesla,TSLA
2024-12-11 00:00:00-05:00,424.7699890136719,104287600,Tesla,TSLA
2024-12-12 00:00:00-05:00,418.1000061035156,87752200,Tesla,TSLA
2024-12-13 00:00:00-05:00,436.2300109863281,89000200,Tesla,TSLA
2024-12-16 00:00:00-05:00,463.0199890136719,114083800,Tesla,TSLA
2024-12-17 00:00:00-05:00,479.8599853515625,131223000,Tesla,TSLA
2024-12-18 00:00:00-05:00,440.1300048828125,149340800,Tesla,TSLA
2024-12-19 00:00:00-05:00,436.1700134277344,118566100,Tesla,TSLA
2024-12-20 00:00:00-05:00,421.05999755859375,132216200,Tesla,TSLA
2024-12-23 00:00:00-05:00,430.6000061035156,72698100,Tesla,TSLA
2024-12-24 00:00:00-05:00,462.2799987792969,59551800,Tesla,TSLA
2024-12-26 00:00:00-05:00,454.1300048828125,76366400,Tesla,TSLA
2024-12-27 00:00:00-05:00,431.6600036621094,82666800,Tesla,TSLA
2024-12-30 00:00:00-05:00,417.4100036621094,64941000,Tesla,TSLA
2018-01-02 00:00:00-05:00,13.372269630432129,275000,Volkswagen,VWAGY
2018-01-03 00:00:00-05:00,13.524378776550293,254600,Volkswagen,VWAGY
2018-01-04 00:00:00-05:00,13.922686576843262,354200,Volkswagen,VWAGY
2018-01-05 00:00:00-05:00,14.161998748779297,449400,Volkswagen,VWAGY
2018-01-08 00:00:00-05:00,14.168554306030273,479200,Volkswagen,VWAGY
2018-01-09 00:00:00-05:00,14.191502571105957,264800,Volkswagen,VWAGY
2018-01-10 00:00:00-05:00,13.899739265441895,1273000,Volkswagen,VWAGY
2018-01-11 00:00:00-05:00,14.18658447265625,369200,Volkswagen,VWAGY
2018-01-12 00:00:00-05:00,14.535717964172363,446400,Volkswagen,VWAGY
2018-01-16 00:00:00-05:00,14.86681842803955,487000,Volkswagen,VWAGY
2018-01-17 00:00:00-05:00,14.752081871032715,552400,Volkswagen,VWAGY
2018-01-18 00:00:00-05:00,14.738966941833496,245200,Volkswagen,VWAGY
2018-01-19 00:00:00-05:00,14.981559753417969,342400,Volkswagen,VWAGY
2018-01-22 00:00:00-05:00,15.253650665283203,368200,Volkswagen,VWAGY
2018-01-23 00:00:00-05:00,15.050399780273438,270400,Volkswagen,VWAGY
2018-01-24 00:00:00-05:00,15.037286758422852,227000,Volkswagen,VWAGY
2018-01-25 00:00:00-05:00,14.830761909484863,334400,Volkswagen,VWAGY
2018-01-26 00:00:00-05:00,14.96188735961914,316400,Volkswagen,VWAGY
2018-01-29 00:00:00-05:00,14.876652717590332,169200,Volkswagen,VWAGY
2018-01-30 00:00:00-05:00,14.591444969177246,260200,Volkswagen,VWAGY
2018-01-31 00:00:00-05:00,14.568498611450195,250200,Volkswagen,VWAGY
2018-02-01 00:00:00-05:00,14.555388450622559,241400,Volkswagen,VWAGY
2018-02-02 00:00:00-05:00,14.127574920654297,363200,Volkswagen,VWAGY
2018-02-05 00:00:00-05:00,13.103126525878906,1123200,Volkswagen,VWAGY
2018-02-06 00:00:00-05:00,13.850564956665039,1020800,Volkswagen,VWAGY
2018-02-07 00:00:00-05:00,13.78499984741211,349600,Volkswagen,VWAGY
2018-02-08 00:00:00-05:00,13.293264389038086,453200,Volkswagen,VWAGY
2018-02-09 00:00:00-05:00,13.585027694702148,585200,Volkswagen,VWAGY
2018-02-12 00:00:00-05:00,13.745662689208984,264400,Volkswagen,VWAGY
2018-02-13 00:00:00-05:00,13.804669380187988,155400,Volkswagen,VWAGY
2018-02-14 00:00:00-05:00,13.98989200592041,115400,Volkswagen,VWAGY
2018-02-15 00:00:00-05:00,13.965303421020508,256200,Volkswagen,VWAGY
2018-02-16 00:00:00-05:00,13.945634841918945,154600,Volkswagen,VWAGY
2018-02-20 00:00:00-05:00,13.44078540802002,721600,Volkswagen,VWAGY
2018-02-21 00:00:00-05:00,13.253925323486328,246400,Volkswagen,VWAGY
2018-02-22 00:00:00-05:00,13.40472412109375,383800,Volkswagen,VWAGY
2018-02-23 00:00:00-05:00,13.434228897094727,1157800,Volkswagen,VWAGY
2018-02-26 00:00:00-05:00,13.69484806060791,233200,Volkswagen,VWAGY
2018-02-27 00:00:00-05:00,13.2801513671875,211400,Volkswagen,VWAGY
2018-02-28 00:00:00-05:00,13.034281730651855,676600,Volkswagen,VWAGY
2018-03-01 00:00:00-05:00,12.798249244689941,392400,Volkswagen,VWAGY
2018-03-02 00:00:00-05:00,12.839226722717285,442800,Volkswagen,VWAGY
2018-03-05 00:00:00-05:00,12.847423553466797,329600,Volkswagen,VWAGY
2018-03-06 00:00:00-05:00,13.127711296081543,316400,Volkswagen,VWAGY
2018-03-07 00:00:00-05:00,12.97855281829834,322000,Volkswagen,VWAGY
2018-03-08 00:00:00-05:00,12.949048042297363,215400,Volkswagen,VWAGY
2018-03-09 00:00:00-05:00,12.949048042297363,163000,Volkswagen,VWAGY
2018-03-12 00:00:00-04:00,13.001501083374023,139800,Volkswagen,VWAGY
2018-03-13 00:00:00-04:00,12.670397758483887,264600,Volkswagen,VWAGY
2018-03-14 00:00:00-04:00,13.031003952026367,404800,Volkswagen,VWAGY
2018-03-15 00:00:00-04:00,13.235894203186035,296600,Volkswagen,VWAGY
2018-03-16 00:00:00-04:00,13.230977058410645,166800,Volkswagen,VWAGY
2018-03-19 00:00:00-04:00,12.957245826721191,809600,Volkswagen,VWAGY
2018-03-20 00:00:00-04:00,13.031003952026367,942200,Volkswagen,VWAGY
2018-03-21 00:00:00-04:00,12.97199821472168,503000,Volkswagen,VWAGY
2018-03-22 00:00:00-04:00,12.69990348815918,568800,Volkswagen,VWAGY
2018-03-23 00:00:00-04:00,12.414695739746094,303800,Volkswagen,VWAGY
2018-03-26 00:00:00-04:00,12.993304252624512,363000,Volkswagen,VWAGY
2018-03-27 00:00:00-04:00,12.798249244689941,149600,Volkswagen,VWAGY
2018-03-28 00:00:00-04:00,12.663841247558594,245000,Volkswagen,VWAGY
2018-03-29 00:00:00-04:00,13.12607479095459,166400,Volkswagen,VWAGY
2018-04-02 00:00:00-04:00,12.939214706420898,286000,Volkswagen,VWAGY
2018-04-03 00:00:00-04:00,13.273594856262207,199000,Volkswagen,VWAGY
2018-04-04 00:00:00-04:00,13.17197036743164,196800,Volkswagen,VWAGY
2018-04-05 00:00:00-04:00,13.326047897338867,140400,Volkswagen,VWAGY
2018-04-06 00:00:00-04:00,13.181802749633789,182800,Volkswagen,VWAGY
2018-04-09 00:00:00-04:00,13.19163990020752,116800,Volkswagen,VWAGY
2018-04-10 00:00:00-04:00,13.71779727935791,400800,Volkswagen,VWAGY
2018-04-11 00:00:00-04:00,13.801390647888184,421200,Volkswagen,VWAGY
2018-04-12 00:00:00-04:00,14.10954761505127,427000,Volkswagen,VWAGY
2018-04-13 00:00:00-04:00,14.047259330749512,147800,Volkswagen,VWAGY
2018-04-16 00:00:00-04:00,13.871872901916504,188000,Volkswagen,VWAGY
2018-04-17 00:00:00-04:00,14.030867576599121,297200,Volkswagen,VWAGY
2018-04-18 00:00:00-04:00,13.975138664245605,814200,Volkswagen,VWAGY
2018-04-19 00:00:00-04:00,13.84400749206543,932400,Volkswagen,VWAGY
2018-04-20 00:00:00-04:00,13.622726440429688,663000,Volkswagen,VWAGY
2018-04-23 00:00:00-04:00,13.430952072143555,611400,Volkswagen,VWAGY
2018-04-24 00:00:00-04:00,13.339159965515137,675800,Volkswagen,VWAGY
2018-04-25 00:00:00-04:00,13.155579566955566,760200,Volkswagen,VWAGY
2018-04-26 00:00:00-04:00,13.470287322998047,140600,Volkswagen,VWAGY
2018-04-27 00:00:00-04:00,13.455536842346191,475800,Volkswagen,VWAGY
2018-04-30 00:00:00-04:00,13.319490432739258,105600,Volkswagen,VWAGY
2018-05-01 00:00:00-04:00,13.276871681213379,65800,Volkswagen,VWAGY
2018-05-02 00:00:00-04:00,13.545687675476074,204000,Volkswagen,VWAGY
2018-05-03 00:00:00-04:00,13.491597175598145,134600,Volkswagen,VWAGY
2018-05-04 00:00:00-04:00,13.28670597076416,129000,Volkswagen,VWAGY
2018-05-07 00:00:00-04:00,13.365386009216309,183200,Volkswagen,VWAGY
2018-05-08 00:00:00-04:00,13.24409008026123,73600,Volkswagen,VWAGY
2018-05-09 00:00:00-04:00,13.087718963623047,148200,Volkswagen,VWAGY
2018-05-10 00:00:00-04:00,13.217864036560059,240400,Volkswagen,VWAGY
2018-05-11 00:00:00-04:00,13.24409008026123,190000,Volkswagen,VWAGY
2018-05-14 00:00:00-04:00,13.165412902832031,140000,Volkswagen,VWAGY
2018-05-15 00:00:00-04:00,13.227699279785156,87800,Volkswagen,VWAGY
2018-05-16 00:00:00-04:00,13.12607479095459,128000,Volkswagen,VWAGY
2018-05-17 00:00:00-04:00,13.175246238708496,75000,Volkswagen,VWAGY
2018-05-18 00:00:00-04:00,13.175246238708496,102200,Volkswagen,VWAGY
2018-05-21 00:00:00-04:00,13.293264389038086,85000,Volkswagen,VWAGY
2018-05-22 00:00:00-04:00,13.296544075012207,115200,Volkswagen,VWAGY
2018-05-23 00:00:00-04:00,13.076899528503418,95400,Volkswagen,VWAGY
2018-05-24 00:00:00-04:00,12.850702285766602,315800,Volkswagen,VWAGY
2018-05-25 00:00:00-04:00,12.788414001464844,158800,Volkswagen,VWAGY
2018-05-29 00:00:00-04:00,12.240948677062988,608400,Volkswagen,VWAGY
2018-05-30 00:00:00-04:00,12.4081392288208,230000,Volkswagen,VWAGY
2018-05-31 00:00:00-04:00,12.198330879211426,544400,Volkswagen,VWAGY
2018-06-01 00:00:00-04:00,12.218001365661621,190000,Volkswagen,VWAGY
2018-06-04 00:00:00-04:00,12.2147216796875,183600,Volkswagen,VWAGY
2018-06-05 00:00:00-04:00,12.367161750793457,165600,Volkswagen,VWAGY
2018-06-06 00:00:00-04:00,12.578606605529785,714800,Volkswagen,VWAGY
2018-06-07 00:00:00-04:00,12.480259895324707,272800,Volkswagen,VWAGY
2018-06-08 00:00:00-04:00,12.422891616821289,166400,Volkswagen,VWAGY
2018-06-11 00:00:00-04:00,12.293400764465332,225800,Volkswagen,VWAGY
2018-06-12 00:00:00-04:00,12.273731231689453,153400,Volkswagen,VWAGY
2018-06-13 00:00:00-04:00,12.317987442016602,143600,Volkswagen,VWAGY
2018-06-14 00:00:00-04:00,12.395027160644531,106400,Volkswagen,VWAGY
2018-06-15 00:00:00-04:00,12.044255256652832,326600,Volkswagen,VWAGY
2018-06-18 00:00:00-04:00,11.734460830688477,505400,Volkswagen,VWAGY
2018-06-19 00:00:00-04:00,11.457448959350586,528200,Volkswagen,VWAGY
2018-06-20 00:00:00-04:00,11.567269325256348,287400,Volkswagen,VWAGY
2018-06-21 00:00:00-04:00,11.300094604492188,511000,Volkswagen,VWAGY
2018-06-22 00:00:00-04:00,11.336155891418457,284400,Volkswagen,VWAGY
2018-06-25 00:00:00-04:00,11.132902145385742,317400,Volkswagen,VWAGY
2018-06-26 00:00:00-04:00,11.054226875305176,632400,Volkswagen,VWAGY
2018-06-27 00:00:00-04:00,11.07061767578125,868400,Volkswagen,VWAGY
2018-06-28 00:00:00-04:00,10.867366790771484,424200,Volkswagen,VWAGY
2018-06-29 00:00:00-04:00,10.818192481994629,366800,Volkswagen,VWAGY
2018-07-02 00:00:00-04:00,10.710010528564453,385800,Volkswagen,VWAGY
2018-07-03 00:00:00-04:00,10.69034194946289,117000,Volkswagen,VWAGY
2018-07-05 00:00:00-04:00,11.227972984313965,367800,Volkswagen,VWAGY
2018-07-06 00:00:00-04:00,11.182077407836914,189800,Volkswagen,VWAGY
2018-07-09 00:00:00-04:00,11.13618278503418,220200,Volkswagen,VWAGY
2018-07-10 00:00:00-04:00,11.124707221984863,268000,Volkswagen,VWAGY
2018-07-11 00:00:00-04:00,10.765740394592285,439000,Volkswagen,VWAGY
2018-07-12 00:00:00-04:00,10.850975036621094,342000,Volkswagen,VWAGY
2018-07-13 00:00:00-04:00,10.916539192199707,176800,Volkswagen,VWAGY
2018-07-16 00:00:00-04:00,10.89359188079834,229000,Volkswagen,VWAGY
2018-07-17 00:00:00-04:00,11.152573585510254,359000,Volkswagen,VWAGY
2018-07-18 00:00:00-04:00,11.17716121673584,260800,Volkswagen,VWAGY
2018-07-19 00:00:00-04:00,11.152573585510254,204600,Volkswagen,VWAGY
2018-07-20 00:00:00-04:00,10.965713500976562,235800,Volkswagen,VWAGY
2018-07-23 00:00:00-04:00,11.047670364379883,230800,Volkswagen,VWAGY
2018-07-24 00:00:00-04:00,11.249279022216797,324400,Volkswagen,VWAGY
2018-07-25 00:00:00-04:00,11.313206672668457,441800,Volkswagen,VWAGY
2018-07-26 00:00:00-04:00,11.300094604492188,245400,Volkswagen,VWAGY
2018-07-27 00:00:00-04:00,11.234528541564941,418200,Volkswagen,VWAGY
2018-07-30 00:00:00-04:00,11.336155891418457,278600,Volkswagen,VWAGY
2018-07-31 00:00:00-04:00,11.329598426818848,220400,Volkswagen,VWAGY
2018-08-01 00:00:00-04:00,10.959157943725586,262600,Volkswagen,VWAGY
2018-08-02 00:00:00-04:00,10.847696304321289,577400,Volkswagen,VWAGY
2018-08-03 00:00:00-04:00,10.877201080322266,335800,Volkswagen,VWAGY
2018-08-06 00:00:00-04:00,10.86408805847168,262800,Volkswagen,VWAGY
2018-08-07 00:00:00-04:00,10.916539192199707,305200,Volkswagen,VWAGY
2018-08-08 00:00:00-04:00,10.98866081237793,318400,Volkswagen,VWAGY
2018-08-09 00:00:00-04:00,10.959157943725586,391200,Volkswagen,VWAGY
2018-08-10 00:00:00-04:00,10.598550796508789,333000,Volkswagen,VWAGY
2018-08-13 00:00:00-04:00,10.493646621704102,103000,Volkswagen,VWAGY
2018-08-14 00:00:00-04:00,10.424803733825684,3100,Volkswagen,VWAGY
2018-08-15 00:00:00-04:00,10.24777889251709,56900,Volkswagen,VWAGY
2018-08-16 00:00:00-04:00,10.267446517944336,14200,Volkswagen,VWAGY
2018-08-17 00:00:00-04:00,10.355960845947266,22800,Volkswagen,VWAGY
2018-08-20 00:00:00-04:00,10.398577690124512,28200,Volkswagen,VWAGY
2018-08-21 00:00:00-04:00,10.555932998657227,66900,Volkswagen,VWAGY
2018-08-22 00:00:00-04:00,10.470699310302734,50900,Volkswagen,VWAGY
2018-08-23 00:00:00-04:00,10.287118911743164,64600,Volkswagen,VWAGY
2018-08-24 00:00:00-04:00,10.385465621948242,36300,Volkswagen,VWAGY
2018-08-27 00:00:00-04:00,10.713288307189941,155500,Volkswagen,VWAGY
2018-08-28 00:00:00-04:00,10.850975036621094,108300,Volkswagen,VWAGY
2018-08-29 00:00:00-04:00,10.719846725463867,117800,Volkswagen,VWAGY
2018-08-30 00:00:00-04:00,10.664113998413086,56400,Volkswagen,VWAGY
2018-08-31 00:00:00-04:00,10.490367889404297,97300,Volkswagen,VWAGY
2018-09-04 00:00:00-04:00,10.188770294189453,220200,Volkswagen,VWAGY
2018-09-05 00:00:00-04:00,10.201884269714355,237500,Volkswagen,VWAGY
2018-09-06 00:00:00-04:00,10.241222381591797,130300,Volkswagen,VWAGY
2018-09-07 00:00:00-04:00,10.129762649536133,79100,Volkswagen,VWAGY
2018-09-10 00:00:00-04:00,10.300230026245117,52500,Volkswagen,VWAGY
2018-09-11 00:00:00-04:00,10.319901466369629,80000,Volkswagen,VWAGY
2018-09-12 00:00:00-04:00,10.359237670898438,69900,Volkswagen,VWAGY
2018-09-13 00:00:00-04:00,10.651002883911133,98500,Volkswagen,VWAGY
2018-09-14 00:00:00-04:00,10.680506706237793,130400,Volkswagen,VWAGY
2018-09-17 00:00:00-04:00,10.785409927368164,128000,Volkswagen,VWAGY
2018-09-18 00:00:00-04:00,11.146017074584961,158000,Volkswagen,VWAGY
2018-09-19 00:00:00-04:00,11.28370189666748,123600,Volkswagen,VWAGY
2018-09-20 00:00:00-04:00,11.644309043884277,166400,Volkswagen,VWAGY
2018-09-21 00:00:00-04:00,11.76888370513916,50100,Volkswagen,VWAGY
2018-09-24 00:00:00-04:00,11.611525535583496,119500,Volkswagen,VWAGY
2018-09-25 00:00:00-04:00,11.4187650680542,93000,Volkswagen,VWAGY
2018-09-26 00:00:00-04:00,11.427946090698242,69800,Volkswagen,VWAGY
2018-09-27 00:00:00-04:00,11.518424987792969,67400,Volkswagen,VWAGY
2018-09-28 00:00:00-04:00,11.336155891418457,91900,Volkswagen,VWAGY
2018-10-01 00:00:00-04:00,11.351890563964844,46500,Volkswagen,VWAGY
2018-10-02 00:00:00-04:00,11.434503555297852,57700,Volkswagen,VWAGY
2018-10-03 00:00:00-04:00,11.46072769165039,93800,Volkswagen,VWAGY
2018-10-04 00:00:00-04:00,11.323041915893555,73100,Volkswagen,VWAGY
2018-10-05 00:00:00-04:00,11.106678009033203,109400,Volkswagen,VWAGY
2018-10-08 00:00:00-04:00,11.027999877929688,116900,Volkswagen,VWAGY
2018-10-09 00:00:00-04:00,10.877201080322266,114400,Volkswagen,VWAGY
2018-10-10 00:00:00-04:00,10.378908157348633,206600,Volkswagen,VWAGY
2018-10-11 00:00:00-04:00,10.352682113647461,162100,Volkswagen,VWAGY
2018-10-12 00:00:00-04:00,10.457584381103516,176200,Volkswagen,VWAGY
2018-10-15 00:00:00-04:00,10.670670509338379,120500,Volkswagen,VWAGY
2018-10-16 00:00:00-04:00,10.967680931091309,133800,Volkswagen,VWAGY
2018-10-17 00:00:00-04:00,10.86408805847168,80800,Volkswagen,VWAGY
2018-10-18 00:00:00-04:00,10.565767288208008,101500,Volkswagen,VWAGY
2018-10-19 00:00:00-04:00,10.464141845703125,111400,Volkswagen,VWAGY
2018-10-22 00:00:00-04:00,10.437917709350586,138800,Volkswagen,VWAGY
2018-10-23 00:00:00-04:00,10.365795135498047,147700,Volkswagen,VWAGY
2018-10-24 00:00:00-04:00,9.638025283813477,329800,Volkswagen,VWAGY
2018-10-25 00:00:00-04:00,10.005189895629883,381100,Volkswagen,VWAGY
2018-10-26 00:00:00-04:00,10.015024185180664,113200,Volkswagen,VWAGY
2018-10-29 00:00:00-04:00,10.24777889251709,205200,Volkswagen,VWAGY
2018-10-30 00:00:00-04:00,10.739514350891113,113000,Volkswagen,VWAGY
2018-10-31 00:00:00-04:00,10.772295951843262,132200,Volkswagen,VWAGY
2018-11-01 00:00:00-04:00,11.047670364379883,55500,Volkswagen,VWAGY
2018-11-02 00:00:00-04:00,11.27714729309082,124200,Volkswagen,VWAGY
2018-11-05 00:00:00-05:00,11.34926700592041,100900,Volkswagen,VWAGY
2018-11-06 00:00:00-05:00,11.309928894042969,30000,Volkswagen,VWAGY
2018-11-07 00:00:00-05:00,11.408276557922363,73600,Volkswagen,VWAGY
2018-11-08 00:00:00-05:00,10.96899127960205,80700,Volkswagen,VWAGY
2018-11-09 00:00:00-05:00,10.61494255065918,44400,Volkswagen,VWAGY
2018-11-12 00:00:00-05:00,10.424803733825684,93500,Volkswagen,VWAGY
2018-11-13 00:00:00-05:00,10.58543872833252,85800,Volkswagen,VWAGY
2018-11-14 00:00:00-05:00,10.739514350891113,82600,Volkswagen,VWAGY
2018-11-15 00:00:00-05:00,10.759183883666992,61800,Volkswagen,VWAGY
2018-11-16 00:00:00-05:00,10.582158088684082,73600,Volkswagen,VWAGY
2018-11-19 00:00:00-05:00,10.6739501953125,125500,Volkswagen,VWAGY
2018-11-20 00:00:00-05:00,10.496925354003906,99300,Volkswagen,VWAGY
2018-11-21 00:00:00-05:00,10.98210334777832,122900,Volkswagen,VWAGY
2018-11-23 00:00:00-05:00,10.765740394592285,54300,Volkswagen,VWAGY
2018-11-26 00:00:00-05:00,11.060784339904785,104500,Volkswagen,VWAGY
2018-11-27 00:00:00-05:00,10.739514350891113,120900,Volkswagen,VWAGY
2018-11-28 00:00:00-05:00,11.001774787902832,327000,Volkswagen,VWAGY
2018-11-29 00:00:00-05:00,10.909982681274414,152400,Volkswagen,VWAGY
2018-11-30 00:00:00-05:00,10.873921394348145,150500,Volkswagen,VWAGY
2018-12-03 00:00:00-05:00,11.047670364379883,128500,Volkswagen,VWAGY
2018-12-04 00:00:00-05:00,10.490367889404297,190400,Volkswagen,VWAGY
2018-12-06 00:00:00-05:00,10.437917709350586,291400,Volkswagen,VWAGY
2018-12-07 00:00:00-05:00,10.38874340057373,209800,Volkswagen,VWAGY
2018-12-10 00:00:00-05:00,10.437917709350586,147400,Volkswagen,VWAGY
2018-12-11 00:00:00-05:00,10.595272064208984,274100,Volkswagen,VWAGY
2018-12-12 00:00:00-05:00,10.98210334777832,251600,Volkswagen,VWAGY
2018-12-13 00:00:00-05:00,11.080451965332031,156600,Volkswagen,VWAGY
2018-12-14 00:00:00-05:00,10.754594802856445,257100,Volkswagen,VWAGY
2018-12-17 00:00:00-05:00,10.601829528808594,203800,Volkswagen,VWAGY
2018-12-18 00:00:00-05:00,10.759183883666992,157800,Volkswagen,VWAGY
2018-12-19 00:00:00-05:00,10.654280662536621,201500,Volkswagen,VWAGY
2018-12-20 00:00:00-05:00,10.60838508605957,144900,Volkswagen,VWAGY
2018-12-21 00:00:00-05:00,10.536264419555664,312100,Volkswagen,VWAGY
2018-12-24 00:00:00-05:00,10.245156288146973,174600,Volkswagen,VWAGY
2018-12-26 00:00:00-05:00,10.601829528808594,223300,Volkswagen,VWAGY
2018-12-27 00:00:00-05:00,10.29367446899414,211800,Volkswagen,VWAGY
2018-12-28 00:00:00-05:00,10.378908157348633,232100,Volkswagen,VWAGY
2018-12-31 00:00:00-05:00,10.228110313415527,390000,Volkswagen,VWAGY
2019-01-02 00:00:00-05:00,10.148120880126953,94200,Volkswagen,VWAGY
2019-01-03 00:00:00-05:00,10.129762649536133,90100,Volkswagen,VWAGY
2019-01-04 00:00:00-05:00,10.503482818603516,106500,Volkswagen,VWAGY
2019-01-07 00:00:00-05:00,10.649035453796387,158100,Volkswagen,VWAGY
2019-01-08 00:00:00-05:00,10.781475067138672,106900,Volkswagen,VWAGY
2019-01-09 00:00:00-05:00,11.119790077209473,140100,Volkswagen,VWAGY
2019-01-10 00:00:00-05:00,11.060784339904785,263700,Volkswagen,VWAGY
2019-01-11 00:00:00-05:00,10.923095703125,123000,Volkswagen,VWAGY
2019-01-14 00:00:00-05:00,11.047670364379883,75600,Volkswagen,VWAGY
2019-01-15 00:00:00-05:00,11.044390678405762,83700,Volkswagen,VWAGY
2019-01-16 00:00:00-05:00,10.923095703125,66000,Volkswagen,VWAGY
2019-01-17 00:00:00-05:00,10.90539264678955,68100,Volkswagen,VWAGY
2019-01-18 00:00:00-05:00,10.962435722351074,106000,Volkswagen,VWAGY
2019-01-22 00:00:00-05:00,10.752628326416016,132800,Volkswagen,VWAGY
2019-01-23 00:00:00-05:00,10.746070861816406,71100,Volkswagen,VWAGY
2019-01-24 00:00:00-05:00,10.955878257751465,161400,Volkswagen,VWAGY
2019-01-25 00:00:00-05:00,11.470563888549805,129900,Volkswagen,VWAGY
2019-01-28 00:00:00-05:00,11.434503555297852,116300,Volkswagen,VWAGY
2019-01-29 00:00:00-05:00,11.250920295715332,87700,Volkswagen,VWAGY
2019-01-30 00:00:00-05:00,11.3656587600708,88000,Volkswagen,VWAGY
2019-01-31 00:00:00-05:00,11.388606071472168,132100,Volkswagen,VWAGY
2019-02-01 00:00:00-05:00,11.441058158874512,203000,Volkswagen,VWAGY
2019-02-04 00:00:00-05:00,11.27714729309082,60400,Volkswagen,VWAGY
2019-02-05 00:00:00-05:00,11.3427095413208,63600,Volkswagen,VWAGY
2019-02-06 00:00:00-05:00,11.231249809265137,45500,Volkswagen,VWAGY
2019-02-07 00:00:00-05:00,10.903426170349121,73200,Volkswagen,VWAGY
2019-02-08 00:00:00-05:00,10.713288307189941,86600,Volkswagen,VWAGY
2019-02-11 00:00:00-05:00,10.595272064208984,97700,Volkswagen,VWAGY
2019-02-12 00:00:00-05:00,10.86408805847168,91500,Volkswagen,VWAGY
2019-02-13 00:00:00-05:00,10.818192481994629,105600,Volkswagen,VWAGY
2019-02-14 00:00:00-05:00,10.79196548461914,71100,Volkswagen,VWAGY
2019-02-15 00:00:00-05:00,10.890313148498535,108100,Volkswagen,VWAGY
2019-02-19 00:00:00-05:00,10.883756637573242,87400,Volkswagen,VWAGY
2019-02-20 00:00:00-05:00,11.212236404418945,120700,Volkswagen,VWAGY
2019-02-21 00:00:00-05:00,11.198468208312988,40300,Volkswagen,VWAGY
2019-02-22 00:00:00-05:00,11.237807273864746,66700,Volkswagen,VWAGY
2019-02-25 00:00:00-05:00,11.506622314453125,122700,Volkswagen,VWAGY
2019-02-26 00:00:00-05:00,11.575468063354492,98900,Volkswagen,VWAGY
2019-02-27 00:00:00-05:00,11.552518844604492,89400,Volkswagen,VWAGY
2019-02-28 00:00:00-05:00,11.545963287353516,120700,Volkswagen,VWAGY
2019-03-01 00:00:00-05:00,11.76888370513916,75500,Volkswagen,VWAGY
2019-03-04 00:00:00-05:00,11.624639511108398,308700,Volkswagen,VWAGY
2019-03-05 00:00:00-05:00,11.532849311828613,220100,Volkswagen,VWAGY
2019-03-06 00:00:00-05:00,11.427946090698242,90200,Volkswagen,VWAGY
2019-03-07 00:00:00-05:00,11.191910743713379,146300,Volkswagen,VWAGY
2019-03-08 00:00:00-05:00,11.146017074584961,48600,Volkswagen,VWAGY
2019-03-11 00:00:00-04:00,11.100120544433594,86900,Volkswagen,VWAGY
2019-03-12 00:00:00-04:00,10.991938591003418,57000,Volkswagen,VWAGY
2019-03-13 00:00:00-04:00,11.106678009033203,61400,Volkswagen,VWAGY
2019-03-14 00:00:00-04:00,10.877201080322266,102100,Volkswagen,VWAGY
2019-03-15 00:00:00-04:00,10.923095703125,78100,Volkswagen,VWAGY
2019-03-18 00:00:00-04:00,11.008330345153809,154300,Volkswagen,VWAGY
2019-03-19 00:00:00-04:00,11.286980628967285,361300,Volkswagen,VWAGY
2019-03-20 00:00:00-04:00,11.152573585510254,84800,Volkswagen,VWAGY
2019-03-21 00:00:00-04:00,11.001774787902832,77700,Volkswagen,VWAGY
2019-03-22 00:00:00-04:00,10.56248950958252,106900,Volkswagen,VWAGY
2019-03-25 00:00:00-04:00,10.651002883911133,56000,Volkswagen,VWAGY
2019-03-26 00:00:00-04:00,10.546098709106445,128600,Volkswagen,VWAGY
2019-03-27 00:00:00-04:00,10.542820930480957,90000,Volkswagen,VWAGY
2019-03-28 00:00:00-04:00,10.565767288208008,537300,Volkswagen,VWAGY
2019-03-29 00:00:00-04:00,10.647725105285645,84100,Volkswagen,VWAGY
2019-04-01 00:00:00-04:00,10.92834186553955,125200,Volkswagen,VWAGY
2019-04-02 00:00:00-04:00,11.060784339904785,176300,Volkswagen,VWAGY
2019-04-03 00:00:00-04:00,11.214859008789062,254500,Volkswagen,VWAGY
2019-04-04 00:00:00-04:00,11.329598426818848,113000,Volkswagen,VWAGY
2019-04-05 00:00:00-04:00,11.113235473632812,92900,Volkswagen,VWAGY
2019-04-08 00:00:00-04:00,11.3427095413208,113100,Volkswagen,VWAGY
2019-04-09 00:00:00-04:00,11.18863296508789,60200,Volkswagen,VWAGY
2019-04-10 00:00:00-04:00,11.211583137512207,114300,Volkswagen,VWAGY
2019-04-11 00:00:00-04:00,11.395162582397461,175500,Volkswagen,VWAGY
2019-04-12 00:00:00-04:00,11.59185791015625,105500,Volkswagen,VWAGY
2019-04-15 00:00:00-04:00,11.709874153137207,117300,Volkswagen,VWAGY
2019-04-16 00:00:00-04:00,11.83444595336914,97500,Volkswagen,VWAGY
2019-04-17 00:00:00-04:00,12.208168029785156,226000,Volkswagen,VWAGY
2019-04-18 00:00:00-04:00,12.28028678894043,126400,Volkswagen,VWAGY
2019-04-22 00:00:00-04:00,12.306513786315918,59200,Volkswagen,VWAGY
2019-04-23 00:00:00-04:00,12.077037811279297,82100,Volkswagen,VWAGY
2019-04-24 00:00:00-04:00,11.821333885192871,98600,Volkswagen,VWAGY
2019-04-25 00:00:00-04:00,11.650866508483887,75000,Volkswagen,VWAGY
2019-04-26 00:00:00-04:00,11.663980484008789,95700,Volkswagen,VWAGY
2019-04-29 00:00:00-04:00,11.75052547454834,103900,Volkswagen,VWAGY
2019-04-30 00:00:00-04:00,11.719708442687988,140800,Volkswagen,VWAGY
2019-05-01 00:00:00-04:00,11.539405822753906,56300,Volkswagen,VWAGY
2019-05-02 00:00:00-04:00,11.965577125549316,89800,Volkswagen,VWAGY
2019-05-03 00:00:00-04:00,12.024585723876953,44800,Volkswagen,VWAGY
2019-05-06 00:00:00-04:00,11.7951078414917,59700,Volkswagen,VWAGY
2019-05-07 00:00:00-04:00,11.382050514221191,161400,Volkswagen,VWAGY
2019-05-08 00:00:00-04:00,11.48039722442627,72000,Volkswagen,VWAGY
2019-05-09 00:00:00-04:00,11.532849311828613,63300,Volkswagen,VWAGY
2019-05-10 00:00:00-04:00,11.257477760314941,174600,Volkswagen,VWAGY
2019-05-13 00:00:00-04:00,10.98866081237793,134600,Volkswagen,VWAGY
2019-05-14 00:00:00-04:00,11.034557342529297,93900,Volkswagen,VWAGY
2019-05-15 00:00:00-04:00,11.45779037475586,144400,Volkswagen,VWAGY
2019-05-16 00:00:00-04:00,11.268179893493652,101600,Volkswagen,VWAGY
2019-05-17 00:00:00-04:00,11.241094589233398,39900,Volkswagen,VWAGY
2019-05-20 00:00:00-04:00,11.098888397216797,56000,Volkswagen,VWAGY
2019-05-21 00:00:00-04:00,11.113785743713379,71900,Volkswagen,VWAGY
2019-05-22 00:00:00-04:00,10.96345329284668,70800,Volkswagen,VWAGY
2019-05-23 00:00:00-04:00,10.7616548538208,106700,Volkswagen,VWAGY
2019-05-24 00:00:00-04:00,10.95329475402832,70100,Volkswagen,VWAGY
2019-05-28 00:00:00-04:00,11.012208938598633,95900,Volkswagen,VWAGY
2019-05-29 00:00:00-04:00,10.929594039916992,76300,Volkswagen,VWAGY
2019-05-30 00:00:00-04:00,10.902506828308105,126300,Volkswagen,VWAGY
2019-05-31 00:00:00-04:00,10.685810089111328,123600,Volkswagen,VWAGY
2019-06-03 00:00:00-04:00,10.895734786987305,109600,Volkswagen,VWAGY
2019-06-04 00:00:00-04:00,11.233646392822266,122700,Volkswagen,VWAGY
2019-06-05 00:00:00-04:00,11.044713973999023,80100,Volkswagen,VWAGY
2019-06-06 00:00:00-04:00,11.099565505981445,93700,Volkswagen,VWAGY
2019-06-07 00:00:00-04:00,11.085344314575195,65700,Volkswagen,VWAGY
2019-06-10 00:00:00-04:00,11.132745742797852,81300,Volkswagen,VWAGY
2019-06-11 00:00:00-04:00,11.214007377624512,97900,Volkswagen,VWAGY
2019-06-12 00:00:00-04:00,11.088052749633789,119800,Volkswagen,VWAGY
2019-06-13 00:00:00-04:00,11.08873176574707,50400,Volkswagen,VWAGY
2019-06-14 00:00:00-04:00,10.909278869628906,114200,Volkswagen,VWAGY
2019-06-17 00:00:00-04:00,10.970226287841797,82500,Volkswagen,VWAGY
2019-06-18 00:00:00-04:00,11.17337703704834,66200,Volkswagen,VWAGY
2019-06-19 00:00:00-04:00,11.38330078125,64900,Volkswagen,VWAGY
2019-06-20 00:00:00-04:00,11.51602840423584,94800,Volkswagen,VWAGY
2019-06-21 00:00:00-04:00,11.471334457397461,63700,Volkswagen,VWAGY
2019-06-24 00:00:00-04:00,11.471334457397461,54700,Volkswagen,VWAGY
2019-06-25 00:00:00-04:00,11.302041053771973,78500,Volkswagen,VWAGY
2019-06-26 00:00:00-04:00,11.486231803894043,71200,Volkswagen,VWAGY
2019-06-27 00:00:00-04:00,11.522122383117676,49700,Volkswagen,VWAGY
2019-06-28 00:00:00-04:00,11.579683303833008,126300,Volkswagen,VWAGY
2019-07-01 00:00:00-04:00,11.616926193237305,83400,Volkswagen,VWAGY
2019-07-02 00:00:00-04:00,11.728660583496094,69900,Volkswagen,VWAGY
2019-07-03 00:00:00-04:00,11.897953987121582,75400,Volkswagen,VWAGY
2019-07-05 00:00:00-04:00,11.904725074768066,28500,Volkswagen,VWAGY
2019-07-08 00:00:00-04:00,11.884410858154297,48200,Volkswagen,VWAGY
2019-07-09 00:00:00-04:00,11.792991638183594,148900,Volkswagen,VWAGY
2019-07-10 00:00:00-04:00,11.748974800109863,29900,Volkswagen,VWAGY
2019-07-11 00:00:00-04:00,11.708346366882324,295600,Volkswagen,VWAGY
2019-07-12 00:00:00-04:00,11.782835006713867,69700,Volkswagen,VWAGY
2019-07-15 00:00:00-04:00,11.938584327697754,89500,Volkswagen,VWAGY
2019-07-16 00:00:00-04:00,11.904725074768066,53300,Volkswagen,VWAGY
2019-07-17 00:00:00-04:00,11.735431671142578,42200,Volkswagen,VWAGY
2019-07-18 00:00:00-04:00,11.613540649414062,1214400,Volkswagen,VWAGY
2019-07-19 00:00:00-04:00,11.613540649414062,39000,Volkswagen,VWAGY
2019-07-22 00:00:00-04:00,11.620312690734863,65900,Volkswagen,VWAGY
2019-07-23 00:00:00-04:00,12.084176063537598,55800,Volkswagen,VWAGY
2019-07-24 00:00:00-04:00,12.189139366149902,46000,Volkswagen,VWAGY
2019-07-25 00:00:00-04:00,11.870866775512695,82500,Volkswagen,VWAGY
2019-07-26 00:00:00-04:00,11.952126502990723,41900,Volkswagen,VWAGY
2019-07-29 00:00:00-04:00,11.884410858154297,60200,Volkswagen,VWAGY
2019-07-30 00:00:00-04:00,11.701573371887207,59300,Volkswagen,VWAGY
2019-07-31 00:00:00-04:00,11.49164867401123,52200,Volkswagen,VWAGY
2019-08-01 00:00:00-04:00,11.308813095092773,72600,Volkswagen,VWAGY
2019-08-02 00:00:00-04:00,11.308813095092773,64800,Volkswagen,VWAGY
2019-08-05 00:00:00-04:00,11.044713973999023,113100,Volkswagen,VWAGY
2019-08-06 00:00:00-04:00,11.166604995727539,107600,Volkswagen,VWAGY
2019-08-07 00:00:00-04:00,11.207236289978027,71300,Volkswagen,VWAGY
2019-08-08 00:00:00-04:00,11.214007377624512,47400,Volkswagen,VWAGY
2019-08-09 00:00:00-04:00,10.99053955078125,178100,Volkswagen,VWAGY
2019-08-12 00:00:00-04:00,10.929594039916992,83400,Volkswagen,VWAGY
2019-08-13 00:00:00-04:00,11.11784839630127,97000,Volkswagen,VWAGY
2019-08-14 00:00:00-04:00,10.767071723937988,95600,Volkswagen,VWAGY
2019-08-15 00:00:00-04:00,10.67903995513916,96000,Volkswagen,VWAGY
2019-08-16 00:00:00-04:00,10.794158935546875,110900,Volkswagen,VWAGY
2019-08-19 00:00:00-04:00,10.895734786987305,107100,Volkswagen,VWAGY
2019-08-20 00:00:00-04:00,10.773844718933105,75300,Volkswagen,VWAGY
2019-08-21 00:00:00-04:00,10.938397407531738,105000,Volkswagen,VWAGY
2019-08-22 00:00:00-04:00,10.868646621704102,67500,Volkswagen,VWAGY
2019-08-23 00:00:00-04:00,10.745402336120605,93100,Volkswagen,VWAGY
2019-08-26 00:00:00-04:00,10.80093002319336,100000,Volkswagen,VWAGY
2019-08-27 00:00:00-04:00,10.916050910949707,85600,Volkswagen,VWAGY
2019-08-28 00:00:00-04:00,10.868646621704102,90800,Volkswagen,VWAGY
2019-08-29 00:00:00-04:00,10.98918628692627,54300,Volkswagen,VWAGY
2019-08-30 00:00:00-04:00,11.004082679748535,48000,Volkswagen,VWAGY
2019-09-03 00:00:00-04:00,11.044713973999023,94000,Volkswagen,VWAGY
2019-09-04 00:00:00-04:00,11.23770809173584,89700,Volkswagen,VWAGY
2019-09-05 00:00:00-04:00,11.437475204467773,98100,Volkswagen,VWAGY
2019-09-06 00:00:00-04:00,11.38330078125,144000,Volkswagen,VWAGY
2019-09-09 00:00:00-04:00,11.633854866027832,72400,Volkswagen,VWAGY
2019-09-10 00:00:00-04:00,11.816693305969238,149300,Volkswagen,VWAGY
2019-09-11 00:00:00-04:00,11.806533813476562,94100,Volkswagen,VWAGY
2019-09-12 00:00:00-04:00,11.961607933044434,64400,Volkswagen,VWAGY
2019-09-13 00:00:00-04:00,12.0333890914917,54600,Volkswagen,VWAGY
2019-09-16 00:00:00-04:00,11.985986709594727,39600,Volkswagen,VWAGY
2019-09-17 00:00:00-04:00,11.952126502990723,58600,Volkswagen,VWAGY
2019-09-18 00:00:00-04:00,11.952126502990723,57900,Volkswagen,VWAGY
2019-09-19 00:00:00-04:00,11.985986709594727,54400,Volkswagen,VWAGY
2019-09-20 00:00:00-04:00,12.0333890914917,114200,Volkswagen,VWAGY
2019-09-23 00:00:00-04:00,11.837007522583008,63600,Volkswagen,VWAGY
2019-09-24 00:00:00-04:00,11.478106498718262,88900,Volkswagen,VWAGY
2019-09-25 00:00:00-04:00,11.49164867401123,55800,Volkswagen,VWAGY
2019-09-26 00:00:00-04:00,11.50180721282959,57300,Volkswagen,VWAGY
2019-09-27 00:00:00-04:00,11.499775886535645,45900,Volkswagen,VWAGY
2019-09-30 00:00:00-04:00,11.599996566772461,39500,Volkswagen,VWAGY
2019-10-01 00:00:00-04:00,11.410388946533203,101700,Volkswagen,VWAGY
2019-10-02 00:00:00-04:00,11.119202613830566,138400,Volkswagen,VWAGY
2019-10-03 00:00:00-04:00,11.186920166015625,251700,Volkswagen,VWAGY
2019-10-04 00:00:00-04:00,11.09211540222168,82200,Volkswagen,VWAGY
2019-10-07 00:00:00-04:00,11.037942886352539,176200,Volkswagen,VWAGY
2019-10-08 00:00:00-04:00,11.051486015319824,78500,Volkswagen,VWAGY
2019-10-09 00:00:00-04:00,11.128005981445312,72100,Volkswagen,VWAGY
2019-10-10 00:00:00-04:00,11.423933029174805,98300,Volkswagen,VWAGY
2019-10-11 00:00:00-04:00,11.87763786315918,53600,Volkswagen,VWAGY
2019-10-14 00:00:00-04:00,12.06047534942627,55800,Volkswagen,VWAGY
2019-10-15 00:00:00-04:00,12.216226577758789,119900,Volkswagen,VWAGY
2019-10-16 00:00:00-04:00,12.520955085754395,149100,Volkswagen,VWAGY
2019-10-17 00:00:00-04:00,12.656389236450195,509600,Volkswagen,VWAGY
2019-10-18 00:00:00-04:00,12.656389236450195,222200,Volkswagen,VWAGY
2019-10-21 00:00:00-04:00,12.734264373779297,112100,Volkswagen,VWAGY
2019-10-22 00:00:00-04:00,12.697019577026367,132800,Volkswagen,VWAGY
2019-10-23 00:00:00-04:00,12.825681686401367,95900,Volkswagen,VWAGY
2019-10-24 00:00:00-04:00,12.893402099609375,186100,Volkswagen,VWAGY
2019-10-25 00:00:00-04:00,12.764737129211426,96600,Volkswagen,VWAGY
2019-10-28 00:00:00-04:00,13.001747131347656,79700,Volkswagen,VWAGY
2019-10-29 00:00:00-04:00,12.900171279907227,64500,Volkswagen,VWAGY
2019-10-30 00:00:00-04:00,13.069465637207031,43100,Volkswagen,VWAGY
2019-10-31 00:00:00-04:00,12.825681686401367,51100,Volkswagen,VWAGY
2019-11-01 00:00:00-04:00,13.02883529663086,68800,Volkswagen,VWAGY
2019-11-04 00:00:00-05:00,13.32679271697998,77900,Volkswagen,VWAGY
2019-11-05 00:00:00-05:00,13.32679271697998,80500,Volkswagen,VWAGY
2019-11-06 00:00:00-05:00,13.279389381408691,27800,Volkswagen,VWAGY
2019-11-07 00:00:00-05:00,13.577346801757812,71000,Volkswagen,VWAGY
2019-11-08 00:00:00-05:00,13.496085166931152,40600,Volkswagen,VWAGY
2019-11-11 00:00:00-05:00,13.470351219177246,78700,Volkswagen,VWAGY
2019-11-12 00:00:00-05:00,13.489315032958984,47200,Volkswagen,VWAGY
2019-11-13 00:00:00-05:00,13.367423057556152,48300,Volkswagen,VWAGY
2019-11-14 00:00:00-05:00,13.367423057556152,36100,Volkswagen,VWAGY
2019-11-15 00:00:00-05:00,13.543486595153809,65600,Volkswagen,VWAGY
2019-11-18 00:00:00-05:00,13.123639106750488,78800,Volkswagen,VWAGY
2019-11-19 00:00:00-05:00,13.272618293762207,107900,Volkswagen,VWAGY
2019-11-20 00:00:00-05:00,13.083008766174316,48500,Volkswagen,VWAGY
2019-11-21 00:00:00-05:00,13.22521686553955,72600,Volkswagen,VWAGY
2019-11-22 00:00:00-05:00,13.16426944732666,24200,Volkswagen,VWAGY
2019-11-25 00:00:00-05:00,13.123639106750488,55300,Volkswagen,VWAGY
2019-11-26 00:00:00-05:00,13.066079139709473,37100,Volkswagen,VWAGY
2019-11-27 00:00:00-05:00,13.113482475280762,50700,Volkswagen,VWAGY
2019-11-29 00:00:00-05:00,12.869698524475098,28500,Volkswagen,VWAGY
2019-12-02 00:00:00-05:00,12.934030532836914,156300,Volkswagen,VWAGY
2019-12-03 00:00:00-05:00,13.03560733795166,206600,Volkswagen,VWAGY
2019-12-04 00:00:00-05:00,12.967888832092285,67000,Volkswagen,VWAGY
2019-12-05 00:00:00-05:00,13.069465637207031,66200,Volkswagen,VWAGY
2019-12-06 00:00:00-05:00,13.150726318359375,56400,Volkswagen,VWAGY
2019-12-09 00:00:00-05:00,12.98143196105957,57800,Volkswagen,VWAGY
2019-12-10 00:00:00-05:00,13.103324890136719,57800,Volkswagen,VWAGY
2019-12-11 00:00:00-05:00,13.320019721984863,54000,Volkswagen,VWAGY
2019-12-12 00:00:00-05:00,13.40128231048584,110600,Volkswagen,VWAGY
2019-12-13 00:00:00-05:00,13.502856254577637,122000,Volkswagen,VWAGY
2019-12-16 00:00:00-05:00,13.489315032958984,53700,Volkswagen,VWAGY
2019-12-17 00:00:00-05:00,13.387737274169922,40400,Volkswagen,VWAGY
2019-12-18 00:00:00-05:00,13.306475639343262,36100,Volkswagen,VWAGY
2019-12-19 00:00:00-05:00,13.157498359680176,79800,Volkswagen,VWAGY
2019-12-20 00:00:00-05:00,13.086395263671875,59600,Volkswagen,VWAGY
2019-12-23 00:00:00-05:00,13.02883529663086,97400,Volkswagen,VWAGY
2019-12-24 00:00:00-05:00,12.994976997375488,29800,Volkswagen,VWAGY
2019-12-26 00:00:00-05:00,13.062692642211914,65600,Volkswagen,VWAGY
2019-12-27 00:00:00-05:00,13.137182235717773,111200,Volkswagen,VWAGY
2019-12-30 00:00:00-05:00,12.989558219909668,46300,Volkswagen,VWAGY
2019-12-31 00:00:00-05:00,13.062692642211914,25500,Volkswagen,VWAGY
2020-01-02 00:00:00-05:00,13.468998908996582,71000,Volkswagen,VWAGY
2020-01-03 00:00:00-05:00,13.143953323364258,35500,Volkswagen,VWAGY
2020-01-06 00:00:00-05:00,13.286162376403809,115300,Volkswagen,VWAGY
2020-01-07 00:00:00-05:00,13.218442916870117,181300,Volkswagen,VWAGY
2020-01-08 00:00:00-05:00,13.320019721984863,232000,Volkswagen,VWAGY
2020-01-09 00:00:00-05:00,13.465611457824707,99200,Volkswagen,VWAGY
2020-01-10 00:00:00-05:00,13.692463874816895,105200,Volkswagen,VWAGY
2020-01-13 00:00:00-05:00,13.706009864807129,58900,Volkswagen,VWAGY
2020-01-14 00:00:00-05:00,13.692463874816895,86600,Volkswagen,VWAGY
2020-01-15 00:00:00-05:00,13.584117889404297,83900,Volkswagen,VWAGY
2020-01-16 00:00:00-05:00,13.496085166931152,114200,Volkswagen,VWAGY
2020-01-17 00:00:00-05:00,13.468998908996582,122900,Volkswagen,VWAGY
2020-01-21 00:00:00-05:00,13.604434967041016,103600,Volkswagen,VWAGY
2020-01-22 00:00:00-05:00,13.414824485778809,111100,Volkswagen,VWAGY
2020-01-23 00:00:00-05:00,13.29293155670166,82900,Volkswagen,VWAGY
2020-01-24 00:00:00-05:00,13.022064208984375,81200,Volkswagen,VWAGY
2020-01-27 00:00:00-05:00,12.737649917602539,97000,Volkswagen,VWAGY
2020-01-28 00:00:00-05:00,12.791824340820312,101100,Volkswagen,VWAGY
2020-01-29 00:00:00-05:00,12.61575698852539,173500,Volkswagen,VWAGY
2020-01-30 00:00:00-05:00,12.534497261047363,236400,Volkswagen,VWAGY
2020-01-31 00:00:00-05:00,12.378747940063477,564600,Volkswagen,VWAGY
2020-02-03 00:00:00-05:00,12.256856918334961,92600,Volkswagen,VWAGY
2020-02-04 00:00:00-05:00,12.656389236450195,84100,Volkswagen,VWAGY
2020-02-05 00:00:00-05:00,12.805368423461914,72300,Volkswagen,VWAGY
2020-02-06 00:00:00-05:00,12.791824340820312,82000,Volkswagen,VWAGY
2020-02-07 00:00:00-05:00,12.50063705444336,44200,Volkswagen,VWAGY
2020-02-10 00:00:00-05:00,12.338115692138672,119300,Volkswagen,VWAGY
2020-02-11 00:00:00-05:00,12.445110321044922,104800,Volkswagen,VWAGY
2020-02-12 00:00:00-05:00,12.900171279907227,134200,Volkswagen,VWAGY
2020-02-13 00:00:00-05:00,12.669931411743164,91000,Volkswagen,VWAGY
2020-02-14 00:00:00-05:00,12.561582565307617,50000,Volkswagen,VWAGY
2020-02-18 00:00:00-05:00,12.476937294006348,48800,Volkswagen,VWAGY
2020-02-19 00:00:00-05:00,12.522985458374023,42300,Volkswagen,VWAGY
2020-02-20 00:00:00-05:00,12.487095832824707,80200,Volkswagen,VWAGY
2020-02-21 00:00:00-05:00,12.290714263916016,57800,Volkswagen,VWAGY
2020-02-24 00:00:00-05:00,11.545822143554688,153600,Volkswagen,VWAGY
2020-02-25 00:00:00-05:00,11.342670440673828,148200,Volkswagen,VWAGY
2020-02-26 00:00:00-05:00,11.410388946533203,192900,Volkswagen,VWAGY
2020-02-27 00:00:00-05:00,10.997312545776367,239200,Volkswagen,VWAGY
2020-02-28 00:00:00-05:00,11.38330078125,399200,Volkswagen,VWAGY
2020-03-02 00:00:00-05:00,11.681259155273438,169100,Volkswagen,VWAGY
2020-03-03 00:00:00-05:00,11.518735885620117,215700,Volkswagen,VWAGY
2020-03-04 00:00:00-05:00,11.918270111083984,139200,Volkswagen,VWAGY
2020-03-05 00:00:00-05:00,11.35621452331543,184100,Volkswagen,VWAGY
2020-03-06 00:00:00-05:00,11.417160987854004,129000,Volkswagen,VWAGY
2020-03-09 00:00:00-04:00,10.217208862304688,415500,Volkswagen,VWAGY
2020-03-10 00:00:00-04:00,10.773844718933105,260600,Volkswagen,VWAGY
2020-03-11 00:00:00-04:00,10.218561172485352,337800,Volkswagen,VWAGY
2020-03-12 00:00:00-04:00,8.735548973083496,448700,Volkswagen,VWAGY
2020-03-13 00:00:00-04:00,9.099868774414062,527500,Volkswagen,VWAGY
2020-03-16 00:00:00-04:00,7.801048278808594,657500,Volkswagen,VWAGY
2020-03-17 00:00:00-04:00,8.30215835571289,399000,Volkswagen,VWAGY
2020-03-18 00:00:00-04:00,7.394744873046875,565600,Volkswagen,VWAGY
2020-03-19 00:00:00-04:00,7.699472427368164,907700,Volkswagen,VWAGY
2020-03-20 00:00:00-04:00,7.232223033905029,523000,Volkswagen,VWAGY
2020-03-23 00:00:00-04:00,7.511895656585693,386300,Volkswagen,VWAGY
2020-03-24 00:00:00-04:00,8.39696216583252,350800,Volkswagen,VWAGY
2020-03-25 00:00:00-04:00,9.0335054397583,317800,Volkswagen,VWAGY
2020-03-26 00:00:00-04:00,9.439810752868652,268300,Volkswagen,VWAGY
2020-03-27 00:00:00-04:00,8.877756118774414,249200,Volkswagen,VWAGY
2020-03-30 00:00:00-04:00,8.81274700164795,344600,Volkswagen,VWAGY
2020-03-31 00:00:00-04:00,8.87098503112793,259900,Volkswagen,VWAGY
2020-04-01 00:00:00-04:00,8.338047981262207,228600,Volkswagen,VWAGY
2020-04-02 00:00:00-04:00,8.518853187561035,211900,Volkswagen,VWAGY
2020-04-03 00:00:00-04:00,8.390190124511719,258700,Volkswagen,VWAGY
2020-04-06 00:00:00-04:00,9.155397415161133,317400,Volkswagen,VWAGY
2020-04-07 00:00:00-04:00,9.338233947753906,242800,Volkswagen,VWAGY
2020-04-08 00:00:00-04:00,9.480441093444824,225400,Volkswagen,VWAGY
2020-04-09 00:00:00-04:00,9.859660148620605,258300,Volkswagen,VWAGY
2020-04-13 00:00:00-04:00,9.771627426147461,133800,Volkswagen,VWAGY
2020-04-14 00:00:00-04:00,9.96800708770752,215800,Volkswagen,VWAGY
2020-04-15 00:00:00-04:00,9.477055549621582,122400,Volkswagen,VWAGY
2020-04-16 00:00:00-04:00,9.629419326782227,256800,Volkswagen,VWAGY
2020-04-17 00:00:00-04:00,9.913832664489746,354600,Volkswagen,VWAGY
2020-04-20 00:00:00-04:00,9.934147834777832,234100,Volkswagen,VWAGY
2020-04-21 00:00:00-04:00,9.449968338012695,230900,Volkswagen,VWAGY
2020-04-22 00:00:00-04:00,9.446582794189453,156200,Volkswagen,VWAGY
2020-04-23 00:00:00-04:00,9.416108131408691,129200,Volkswagen,VWAGY
2020-04-24 00:00:00-04:00,9.436424255371094,141000,Volkswagen,VWAGY
2020-04-27 00:00:00-04:00,9.751310348510742,149200,Volkswagen,VWAGY
2020-04-28 00:00:00-04:00,9.96800708770752,136300,Volkswagen,VWAGY
2020-04-29 00:00:00-04:00,10.739984512329102,153500,Volkswagen,VWAGY
2020-04-30 00:00:00-04:00,10.116984367370605,152200,Volkswagen,VWAGY
2020-05-01 00:00:00-04:00,9.730996131896973,156300,Volkswagen,VWAGY
2020-05-04 00:00:00-04:00,9.561701774597168,254500,Volkswagen,VWAGY
2020-05-05 00:00:00-04:00,9.846116065979004,177400,Volkswagen,VWAGY
2020-05-06 00:00:00-04:00,9.717452049255371,125000,Volkswagen,VWAGY
2020-05-07 00:00:00-04:00,9.805484771728516,187000,Volkswagen,VWAGY
2020-05-08 00:00:00-04:00,10.123756408691406,160000,Volkswagen,VWAGY
2020-05-11 00:00:00-04:00,10.144070625305176,164100,Volkswagen,VWAGY
2020-05-12 00:00:00-04:00,9.87320327758789,269100,Volkswagen,VWAGY
2020-05-13 00:00:00-04:00,9.460126876831055,163100,Volkswagen,VWAGY
2020-05-14 00:00:00-04:00,9.412723541259766,141200,Volkswagen,VWAGY
2020-05-15 00:00:00-04:00,9.541387557983398,96100,Volkswagen,VWAGY
2020-05-18 00:00:00-04:00,10.191475868225098,268900,Volkswagen,VWAGY
2020-05-19 00:00:00-04:00,10.076354026794434,167000,Volkswagen,VWAGY
2020-05-20 00:00:00-04:00,10.414942741394043,183600,Volkswagen,VWAGY
2020-05-21 00:00:00-04:00,10.31336498260498,201100,Volkswagen,VWAGY
2020-05-22 00:00:00-04:00,10.262577056884766,93800,Volkswagen,VWAGY
2020-05-26 00:00:00-04:00,10.67903995513916,260100,Volkswagen,VWAGY
2020-05-27 00:00:00-04:00,11.349442481994629,198600,Volkswagen,VWAGY
2020-05-28 00:00:00-04:00,11.017626762390137,145400,Volkswagen,VWAGY
2020-05-29 00:00:00-04:00,10.685810089111328,183300,Volkswagen,VWAGY
2020-06-01 00:00:00-04:00,11.004082679748535,118300,Volkswagen,VWAGY
2020-06-02 00:00:00-04:00,11.186920166015625,166700,Volkswagen,VWAGY
2020-06-03 00:00:00-04:00,11.613540649414062,125700,Volkswagen,VWAGY
2020-06-04 00:00:00-04:00,11.627084732055664,115400,Volkswagen,VWAGY
2020-06-05 00:00:00-04:00,11.870866775512695,190100,Volkswagen,VWAGY
2020-06-08 00:00:00-04:00,12.270400047302246,190700,Volkswagen,VWAGY
2020-06-09 00:00:00-04:00,11.891181945800781,156300,Volkswagen,VWAGY
2020-06-10 00:00:00-04:00,11.911497116088867,101900,Volkswagen,VWAGY
2020-06-11 00:00:00-04:00,10.841561317443848,143300,Volkswagen,VWAGY
2020-06-12 00:00:00-04:00,11.15306282043457,79500,Volkswagen,VWAGY
2020-06-15 00:00:00-04:00,11.285111427307129,84900,Volkswagen,VWAGY
2020-06-16 00:00:00-04:00,11.159832954406738,139000,Volkswagen,VWAGY
2020-06-17 00:00:00-04:00,11.081957817077637,61800,Volkswagen,VWAGY
2020-06-18 00:00:00-04:00,10.868646621704102,92400,Volkswagen,VWAGY
2020-06-19 00:00:00-04:00,10.67903995513916,74900,Volkswagen,VWAGY
2020-06-22 00:00:00-04:00,10.919437408447266,80700,Volkswagen,VWAGY
2020-06-23 00:00:00-04:00,11.037942886352539,107900,Volkswagen,VWAGY
2020-06-24 00:00:00-04:00,10.712897300720215,103900,Volkswagen,VWAGY
2020-06-25 00:00:00-04:00,10.99053955078125,62300,Volkswagen,VWAGY
2020-06-26 00:00:00-04:00,10.753528594970703,73800,Volkswagen,VWAGY
2020-06-29 00:00:00-04:00,10.841561317443848,79600,Volkswagen,VWAGY
2020-06-30 00:00:00-04:00,10.95329475402832,97100,Volkswagen,VWAGY
2020-07-01 00:00:00-04:00,10.83479118347168,72400,Volkswagen,VWAGY
2020-07-02 00:00:00-04:00,11.037942886352539,85600,Volkswagen,VWAGY
2020-07-06 00:00:00-04:00,11.20046615600586,79800,Volkswagen,VWAGY
2020-07-07 00:00:00-04:00,10.899121284484863,71400,Volkswagen,VWAGY
2020-07-08 00:00:00-04:00,11.073155403137207,104400,Volkswagen,VWAGY
2020-07-09 00:00:00-04:00,10.976995468139648,56900,Volkswagen,VWAGY
2020-07-10 00:00:00-04:00,11.295268058776855,80800,Volkswagen,VWAGY
2020-07-13 00:00:00-04:00,10.983768463134766,82600,Volkswagen,VWAGY
2020-07-14 00:00:00-04:00,11.234323501586914,72200,Volkswagen,VWAGY
2020-07-15 00:00:00-04:00,11.474719047546387,232600,Volkswagen,VWAGY
2020-07-16 00:00:00-04:00,11.555980682373047,100300,Volkswagen,VWAGY
2020-07-17 00:00:00-04:00,11.545822143554688,97400,Volkswagen,VWAGY
2020-07-20 00:00:00-04:00,11.57291030883789,110200,Volkswagen,VWAGY
2020-07-21 00:00:00-04:00,11.681259155273438,79100,Volkswagen,VWAGY
2020-07-22 00:00:00-04:00,11.809922218322754,103400,Volkswagen,VWAGY
2020-07-23 00:00:00-04:00,11.76928997039795,91400,Volkswagen,VWAGY
2020-07-24 00:00:00-04:00,11.779447555541992,120000,Volkswagen,VWAGY
2020-07-27 00:00:00-04:00,11.90134048461914,82700,Volkswagen,VWAGY
2020-07-28 00:00:00-04:00,11.748974800109863,53600,Volkswagen,VWAGY
2020-07-29 00:00:00-04:00,11.620312690734863,46300,Volkswagen,VWAGY
2020-07-30 00:00:00-04:00,11.13613224029541,104400,Volkswagen,VWAGY
2020-07-31 00:00:00-04:00,10.577463150024414,156400,Volkswagen,VWAGY
2020-08-03 00:00:00-04:00,11.004082679748535,307300,Volkswagen,VWAGY
2020-08-04 00:00:00-04:00,11.498420715332031,73700,Volkswagen,VWAGY
2020-08-05 00:00:00-04:00,11.576294898986816,80000,Volkswagen,VWAGY
2020-08-06 00:00:00-04:00,11.694802284240723,45800,Volkswagen,VWAGY
2020-08-07 00:00:00-04:00,11.484875679016113,79600,Volkswagen,VWAGY
2020-08-10 00:00:00-04:00,11.552594184875488,52500,Volkswagen,VWAGY
2020-08-11 00:00:00-04:00,11.830236434936523,73600,Volkswagen,VWAGY
2020-08-12 00:00:00-04:00,12.189139366149902,89200,Volkswagen,VWAGY
2020-08-13 00:00:00-04:00,11.992757797241211,49100,Volkswagen,VWAGY
2020-08-14 00:00:00-04:00,12.013072967529297,39800,Volkswagen,VWAGY
2020-08-17 00:00:00-04:00,12.094334602355957,74600,Volkswagen,VWAGY
2020-08-18 00:00:00-04:00,12.114649772644043,69000,Volkswagen,VWAGY
2020-08-19 00:00:00-04:00,12.057089805603027,53500,Volkswagen,VWAGY
2020-08-20 00:00:00-04:00,11.945356369018555,83300,Volkswagen,VWAGY
2020-08-21 00:00:00-04:00,11.762518882751465,47700,Volkswagen,VWAGY
2020-08-24 00:00:00-04:00,11.935198783874512,73900,Volkswagen,VWAGY
2020-08-25 00:00:00-04:00,12.006300926208496,43000,Volkswagen,VWAGY
2020-08-26 00:00:00-04:00,12.24331283569336,102400,Volkswagen,VWAGY
2020-08-27 00:00:00-04:00,12.182366371154785,154900,Volkswagen,VWAGY
2020-08-28 00:00:00-04:00,12.236539840698242,82100,Volkswagen,VWAGY
2020-08-31 00:00:00-04:00,12.141736030578613,80000,Volkswagen,VWAGY
2020-09-01 00:00:00-04:00,12.026616096496582,198000,Volkswagen,VWAGY
2020-09-02 00:00:00-04:00,12.06047534942627,99400,Volkswagen,VWAGY
2020-09-03 00:00:00-04:00,11.999529838562012,152300,Volkswagen,VWAGY
2020-09-04 00:00:00-04:00,12.209454536437988,141800,Volkswagen,VWAGY
2020-09-08 00:00:00-04:00,12.54127025604248,174000,Volkswagen,VWAGY
2020-09-09 00:00:00-04:00,12.934030532836914,176600,Volkswagen,VWAGY
2020-09-10 00:00:00-04:00,12.812138557434082,234000,Volkswagen,VWAGY
2020-09-11 00:00:00-04:00,12.786404609680176,142700,Volkswagen,VWAGY
2020-09-14 00:00:00-04:00,12.639460563659668,105000,Volkswagen,VWAGY
2020-09-15 00:00:00-04:00,12.534497261047363,84300,Volkswagen,VWAGY
2020-09-16 00:00:00-04:00,12.520955085754395,113900,Volkswagen,VWAGY
2020-09-17 00:00:00-04:00,12.476937294006348,83500,Volkswagen,VWAGY
2020-09-18 00:00:00-04:00,12.121420860290527,197500,Volkswagen,VWAGY
2020-09-21 00:00:00-04:00,11.515349388122559,206600,Volkswagen,VWAGY
2020-09-22 00:00:00-04:00,11.566139221191406,96200,Volkswagen,VWAGY
2020-09-23 00:00:00-04:00,11.38330078125,199300,Volkswagen,VWAGY
2020-09-24 00:00:00-04:00,11.647398948669434,214600,Volkswagen,VWAGY
2020-09-25 00:00:00-04:00,11.532279014587402,191000,Volkswagen,VWAGY
2020-09-28 00:00:00-04:00,11.918270111083984,124800,Volkswagen,VWAGY
2020-09-29 00:00:00-04:00,11.97921371459961,99200,Volkswagen,VWAGY
2020-09-30 00:00:00-04:00,12.013072967529297,107700,Volkswagen,VWAGY
2020-10-01 00:00:00-04:00,11.933331489562988,170100,Volkswagen,VWAGY
2020-10-02 00:00:00-04:00,11.74446964263916,159800,Volkswagen,VWAGY
2020-10-05 00:00:00-04:00,12.101207733154297,82000,Volkswagen,VWAGY
2020-10-06 00:00:00-04:00,11.961312294006348,74900,Volkswagen,VWAGY
2020-10-07 00:00:00-04:00,12.248102188110352,89600,Volkswagen,VWAGY
2020-10-08 00:00:00-04:00,12.094215393066406,76700,Volkswagen,VWAGY
2020-10-09 00:00:00-04:00,12.111701965332031,92100,Volkswagen,VWAGY
2020-10-12 00:00:00-04:00,12.283076286315918,84900,Volkswagen,VWAGY
2020-10-13 00:00:00-04:00,12.073229789733887,92200,Volkswagen,VWAGY
2020-10-14 00:00:00-04:00,12.083722114562988,138700,Volkswagen,VWAGY
2020-10-15 00:00:00-04:00,11.821413040161133,113800,Volkswagen,VWAGY
2020-10-16 00:00:00-04:00,12.031259536743164,133400,Volkswagen,VWAGY
2020-10-19 00:00:00-04:00,12.052244186401367,290900,Volkswagen,VWAGY
2020-10-20 00:00:00-04:00,12.297066688537598,205800,Volkswagen,VWAGY
2020-10-21 00:00:00-04:00,12.066234588623047,203000,Volkswagen,VWAGY
2020-10-22 00:00:00-04:00,12.13618278503418,139800,Volkswagen,VWAGY
2020-10-23 00:00:00-04:00,12.171158790588379,451800,Volkswagen,VWAGY
2020-10-26 00:00:00-04:00,11.849392890930176,230400,Volkswagen,VWAGY
2020-10-27 00:00:00-04:00,11.506640434265137,415000,Volkswagen,VWAGY
2020-10-28 00:00:00-04:00,10.87010383605957,387400,Volkswagen,VWAGY
2020-10-29 00:00:00-04:00,11.072956085205078,188800,Volkswagen,VWAGY
2020-10-30 00:00:00-04:00,10.891088485717773,182000,Volkswagen,VWAGY
2020-11-02 00:00:00-05:00,11.24782943725586,140700,Volkswagen,VWAGY
2020-11-03 00:00:00-05:00,11.73747444152832,304900,Volkswagen,VWAGY
2020-11-04 00:00:00-05:00,11.47166633605957,137700,Volkswagen,VWAGY
2020-11-05 00:00:00-05:00,11.989290237426758,210300,Volkswagen,VWAGY
2020-11-06 00:00:00-05:00,11.954316139221191,65100,Volkswagen,VWAGY
2020-11-09 00:00:00-05:00,12.346031188964844,163200,Volkswagen,VWAGY
2020-11-10 00:00:00-05:00,13.024539947509766,241900,Volkswagen,VWAGY
2020-11-11 00:00:00-05:00,12.989563941955566,133300,Volkswagen,VWAGY
2020-11-12 00:00:00-05:00,12.849665641784668,101000,Volkswagen,VWAGY
2020-11-13 00:00:00-05:00,13.115471839904785,132300,Volkswagen,VWAGY
2020-11-16 00:00:00-05:00,13.409257888793945,181600,Volkswagen,VWAGY
2020-11-17 00:00:00-05:00,13.365889549255371,144300,Volkswagen,VWAGY
2020-11-18 00:00:00-05:00,13.290346145629883,144700,Volkswagen,VWAGY
2020-11-19 00:00:00-05:00,13.482705116271973,146200,Volkswagen,VWAGY
2020-11-20 00:00:00-05:00,13.444233894348145,75200,Volkswagen,VWAGY
2020-11-23 00:00:00-05:00,13.349801063537598,104100,Volkswagen,VWAGY
2020-11-24 00:00:00-05:00,13.927580833435059,195800,Volkswagen,VWAGY
2020-11-25 00:00:00-05:00,13.724030494689941,84400,Volkswagen,VWAGY
2020-11-27 00:00:00-05:00,13.402263641357422,116400,Volkswagen,VWAGY
2020-11-30 00:00:00-05:00,12.982568740844727,341500,Volkswagen,VWAGY
2020-12-01 00:00:00-05:00,13.633096694946289,285300,Volkswagen,VWAGY
2020-12-02 00:00:00-05:00,13.619107246398926,128800,Volkswagen,VWAGY
2020-12-03 00:00:00-05:00,13.568742752075195,162500,Volkswagen,VWAGY
2020-12-04 00:00:00-05:00,13.605118751525879,121900,Volkswagen,VWAGY
2020-12-07 00:00:00-05:00,13.479207992553711,162900,Volkswagen,VWAGY
2020-12-08 00:00:00-05:00,13.444233894348145,183400,Volkswagen,VWAGY
2020-12-09 00:00:00-05:00,13.563145637512207,260700,Volkswagen,VWAGY
2020-12-10 00:00:00-05:00,13.419750213623047,441100,Volkswagen,VWAGY
2020-12-11 00:00:00-05:00,13.066509246826172,367700,Volkswagen,VWAGY
2020-12-14 00:00:00-05:00,13.080499649047852,133500,Volkswagen,VWAGY
2020-12-15 00:00:00-05:00,13.961856842041016,203300,Volkswagen,VWAGY
2020-12-16 00:00:00-05:00,14.40253734588623,236500,Volkswagen,VWAGY
2020-12-17 00:00:00-05:00,14.293416023254395,190900,Volkswagen,VWAGY
2020-12-18 00:00:00-05:00,14.074475288391113,175200,Volkswagen,VWAGY
2020-12-21 00:00:00-05:00,13.968851089477539,230100,Volkswagen,VWAGY
2020-12-22 00:00:00-05:00,14.024812698364258,563000,Volkswagen,VWAGY
2020-12-23 00:00:00-05:00,14.472487449645996,343100,Volkswagen,VWAGY
2020-12-24 00:00:00-05:00,14.570414543151855,124300,Volkswagen,VWAGY
2020-12-28 00:00:00-05:00,14.573213577270508,229800,Volkswagen,VWAGY
2020-12-29 00:00:00-05:00,14.563420295715332,103700,Volkswagen,VWAGY
2020-12-30 00:00:00-05:00,14.65505313873291,152600,Volkswagen,VWAGY
2020-12-31 00:00:00-05:00,14.584404945373535,127100,Volkswagen,VWAGY
2021-01-04 00:00:00-05:00,14.199684143066406,217200,Volkswagen,VWAGY
2021-01-05 00:00:00-05:00,14.381551742553711,213700,Volkswagen,VWAGY
2021-01-06 00:00:00-05:00,14.41652774810791,321700,Volkswagen,VWAGY
2021-01-07 00:00:00-05:00,14.671842575073242,267200,Volkswagen,VWAGY
2021-01-08 00:00:00-05:00,14.542436599731445,451000,Volkswagen,VWAGY
2021-01-11 00:00:00-05:00,14.16471004486084,321100,Volkswagen,VWAGY
2021-01-12 00:00:00-05:00,14.171706199645996,553100,Volkswagen,VWAGY
2021-01-13 00:00:00-05:00,14.115745544433594,616400,Volkswagen,VWAGY
2021-01-14 00:00:00-05:00,14.283623695373535,402100,Volkswagen,VWAGY
2021-01-15 00:00:00-05:00,14.094761848449707,308200,Volkswagen,VWAGY
2021-01-19 00:00:00-05:00,14.129734992980957,363500,Volkswagen,VWAGY
2021-01-20 00:00:00-05:00,14.647360801696777,386700,Volkswagen,VWAGY
2021-01-21 00:00:00-05:00,14.96213150024414,487100,Volkswagen,VWAGY
2021-01-22 00:00:00-05:00,15.3349609375,424200,Volkswagen,VWAGY
2021-01-25 00:00:00-05:00,14.801246643066406,542000,Volkswagen,VWAGY
2021-01-26 00:00:00-05:00,15.0950345993042,280000,Volkswagen,VWAGY
2021-01-27 00:00:00-05:00,15.109025955200195,470000,Volkswagen,VWAGY
2021-01-28 00:00:00-05:00,14.958633422851562,205300,Volkswagen,VWAGY
2021-01-29 00:00:00-05:00,14.780261993408203,255000,Volkswagen,VWAGY
2021-02-01 00:00:00-05:00,14.769769668579102,221300,Volkswagen,VWAGY
2021-02-02 00:00:00-05:00,15.102028846740723,345800,Volkswagen,VWAGY
2021-02-03 00:00:00-05:00,15.339856147766113,209400,Volkswagen,VWAGY
2021-02-04 00:00:00-05:00,15.123016357421875,204300,Volkswagen,VWAGY
2021-02-05 00:00:00-05:00,15.30488109588623,176800,Volkswagen,VWAGY
2021-02-08 00:00:00-05:00,15.493744850158691,259400,Volkswagen,VWAGY
2021-02-09 00:00:00-05:00,15.402812004089355,328700,Volkswagen,VWAGY
2021-02-10 00:00:00-05:00,15.325865745544434,225700,Volkswagen,VWAGY
2021-02-11 00:00:00-05:00,15.458769798278809,286500,Volkswagen,VWAGY
2021-02-12 00:00:00-05:00,15.416800498962402,434200,Volkswagen,VWAGY
2021-02-16 00:00:00-05:00,15.444779396057129,550000,Volkswagen,VWAGY
2021-02-17 00:00:00-05:00,15.395814895629883,320300,Volkswagen,VWAGY
2021-02-18 00:00:00-05:00,15.97289752960205,508900,Volkswagen,VWAGY
2021-02-19 00:00:00-05:00,16.004371643066406,699500,Volkswagen,VWAGY
2021-02-22 00:00:00-05:00,16.3541202545166,349200,Volkswagen,VWAGY
2021-02-23 00:00:00-05:00,16.36810874938965,330400,Volkswagen,VWAGY
2021-02-24 00:00:00-05:00,16.64930534362793,272000,Volkswagen,VWAGY
2021-02-25 00:00:00-05:00,16.123287200927734,592700,Volkswagen,VWAGY
2021-02-26 00:00:00-05:00,16.380701065063477,235200,Volkswagen,VWAGY
2021-03-01 00:00:00-05:00,16.41707420349121,163800,Volkswagen,VWAGY
2021-03-02 00:00:00-05:00,16.717857360839844,203600,Volkswagen,VWAGY
2021-03-03 00:00:00-05:00,17.60620880126953,749900,Volkswagen,VWAGY
2021-03-04 00:00:00-05:00,18.04688835144043,1174700,Volkswagen,VWAGY
2021-03-05 00:00:00-05:00,18.032899856567383,813200,Volkswagen,VWAGY
2021-03-08 00:00:00-05:00,18.300804138183594,969900,Volkswagen,VWAGY
2021-03-09 00:00:00-05:00,18.620473861694336,934800,Volkswagen,VWAGY
2021-03-10 00:00:00-05:00,19.998472213745117,2582700,Volkswagen,VWAGY
2021-03-11 00:00:00-05:00,19.319965362548828,1607100,Volkswagen,VWAGY
2021-03-12 00:00:00-05:00,19.424888610839844,921700,Volkswagen,VWAGY
2021-03-15 00:00:00-04:00,20.816877365112305,2898700,Volkswagen,VWAGY
2021-03-16 00:00:00-04:00,22.90835952758789,5219500,Volkswagen,VWAGY
2021-03-17 00:00:00-04:00,29.609493255615234,11898000,Volkswagen,VWAGY
2021-03-18 00:00:00-04:00,25.14673614501953,9235600,Volkswagen,VWAGY
2021-03-19 00:00:00-04:00,23.887645721435547,4769500,Volkswagen,VWAGY
2021-03-22 00:00:00-04:00,26.88846778869629,4735700,Volkswagen,VWAGY
2021-03-23 00:00:00-04:00,25.314605712890625,2765300,Volkswagen,VWAGY
2021-03-24 00:00:00-04:00,23.425983428955078,2849300,Volkswagen,VWAGY
2021-03-25 00:00:00-04:00,22.99229621887207,1932100,Volkswagen,VWAGY
2021-03-26 00:00:00-04:00,22.75446891784668,1172600,Volkswagen,VWAGY
2021-03-29 00:00:00-04:00,24.237396240234375,1969200,Volkswagen,VWAGY
2021-03-30 00:00:00-04:00,26.405818939208984,4207100,Volkswagen,VWAGY
2021-03-31 00:00:00-04:00,25.391551971435547,2450800,Volkswagen,VWAGY
2021-04-01 00:00:00-04:00,24.887924194335938,2353800,Volkswagen,VWAGY
2021-04-05 00:00:00-04:00,25.989620208740234,1293800,Volkswagen,VWAGY
2021-04-06 00:00:00-04:00,25.95114517211914,873900,Volkswagen,VWAGY
2021-04-07 00:00:00-04:00,25.381065368652344,850500,Volkswagen,VWAGY
2021-04-08 00:00:00-04:00,24.831960678100586,924100,Volkswagen,VWAGY
2021-04-09 00:00:00-04:00,24.534677505493164,669800,Volkswagen,VWAGY
2021-04-12 00:00:00-04:00,24.3143367767334,1038600,Volkswagen,VWAGY
2021-04-13 00:00:00-04:00,23.852670669555664,1427800,Volkswagen,VWAGY
2021-04-14 00:00:00-04:00,23.384014129638672,1021900,Volkswagen,VWAGY
2021-04-15 00:00:00-04:00,23.740753173828125,747300,Volkswagen,VWAGY
2021-04-16 00:00:00-04:00,24.845951080322266,1018000,Volkswagen,VWAGY
2021-04-19 00:00:00-04:00,24.387784957885742,641300,Volkswagen,VWAGY
2021-04-20 00:00:00-04:00,23.950605392456055,519700,Volkswagen,VWAGY
2021-04-21 00:00:00-04:00,23.978580474853516,637700,Volkswagen,VWAGY
2021-04-22 00:00:00-04:00,23.53090476989746,468100,Volkswagen,VWAGY
2021-04-23 00:00:00-04:00,23.922624588012695,450500,Volkswagen,VWAGY
2021-04-26 00:00:00-04:00,23.377016067504883,689200,Volkswagen,VWAGY
2021-04-27 00:00:00-04:00,23.47494888305664,434300,Volkswagen,VWAGY
2021-04-28 00:00:00-04:00,23.17066764831543,424300,Volkswagen,VWAGY
2021-04-29 00:00:00-04:00,22.453685760498047,880200,Volkswagen,VWAGY
2021-04-30 00:00:00-04:00,22.180885314941406,493500,Volkswagen,VWAGY
2021-05-03 00:00:00-04:00,22.31378936767578,407200,Volkswagen,VWAGY
2021-05-04 00:00:00-04:00,21.45341682434082,860600,Volkswagen,VWAGY
2021-05-05 00:00:00-04:00,21.908084869384766,623700,Volkswagen,VWAGY
2021-05-06 00:00:00-04:00,21.97803497314453,483300,Volkswagen,VWAGY
2021-05-07 00:00:00-04:00,22.48166847229004,713000,Volkswagen,VWAGY
2021-05-10 00:00:00-04:00,22.376745223999023,576700,Volkswagen,VWAGY
2021-05-11 00:00:00-04:00,21.88010597229004,413700,Volkswagen,VWAGY
2021-05-12 00:00:00-04:00,21.467403411865234,881900,Volkswagen,VWAGY
2021-05-13 00:00:00-04:00,21.88010597229004,576800,Volkswagen,VWAGY
2021-05-14 00:00:00-04:00,22.607576370239258,415500,Volkswagen,VWAGY
2021-05-17 00:00:00-04:00,22.86918830871582,318100,Volkswagen,VWAGY
2021-05-18 00:00:00-04:00,22.698511123657227,301800,Volkswagen,VWAGY
2021-05-19 00:00:00-04:00,22.838409423828125,282700,Volkswagen,VWAGY
2021-05-20 00:00:00-04:00,23.121706008911133,347200,Volkswagen,VWAGY
2021-05-21 00:00:00-04:00,23.467952728271484,541800,Volkswagen,VWAGY
2021-05-24 00:00:00-04:00,23.621841430664062,339800,Volkswagen,VWAGY
2021-05-25 00:00:00-04:00,23.852670669555664,424300,Volkswagen,VWAGY
2021-05-26 00:00:00-04:00,23.831689834594727,290700,Volkswagen,VWAGY
2021-05-27 00:00:00-04:00,24.720041275024414,1128100,Volkswagen,VWAGY
2021-05-28 00:00:00-04:00,25.29712677001953,837300,Volkswagen,VWAGY
2021-06-01 00:00:00-04:00,25.650365829467773,603900,Volkswagen,VWAGY
2021-06-02 00:00:00-04:00,26.384830474853516,628800,Volkswagen,VWAGY
2021-06-03 00:00:00-04:00,26.23094367980957,620700,Volkswagen,VWAGY
2021-06-04 00:00:00-04:00,26.227445602416992,319800,Volkswagen,VWAGY
2021-06-07 00:00:00-04:00,26.825511932373047,433500,Volkswagen,VWAGY
2021-06-08 00:00:00-04:00,25.699331283569336,680000,Volkswagen,VWAGY
2021-06-09 00:00:00-04:00,25.62448501586914,235300,Volkswagen,VWAGY
2021-06-10 00:00:00-04:00,25.18170738220215,510400,Volkswagen,VWAGY
2021-06-11 00:00:00-04:00,25.328601837158203,250100,Volkswagen,VWAGY
2021-06-14 00:00:00-04:00,25.14673614501953,244700,Volkswagen,VWAGY
2021-06-15 00:00:00-04:00,24.982351303100586,217100,Volkswagen,VWAGY
2021-06-16 00:00:00-04:00,24.356306076049805,381600,Volkswagen,VWAGY
2021-06-17 00:00:00-04:00,24.37729263305664,235800,Volkswagen,VWAGY
2021-06-18 00:00:00-04:00,23.677799224853516,417000,Volkswagen,VWAGY
2021-06-21 00:00:00-04:00,24.5451717376709,260000,Volkswagen,VWAGY
2021-06-22 00:00:00-04:00,24.062519073486328,301700,Volkswagen,VWAGY
2021-06-23 00:00:00-04:00,23.691789627075195,412500,Volkswagen,VWAGY
2021-06-24 00:00:00-04:00,23.77573013305664,290700,Volkswagen,VWAGY
2021-06-25 00:00:00-04:00,23.614845275878906,227000,Volkswagen,VWAGY
2021-06-28 00:00:00-04:00,23.08323097229004,618600,Volkswagen,VWAGY
2021-06-29 00:00:00-04:00,23.565879821777344,472200,Volkswagen,VWAGY
2021-06-30 00:00:00-04:00,22.999290466308594,419200,Volkswagen,VWAGY
2021-07-01 00:00:00-04:00,23.32805061340332,432800,Volkswagen,VWAGY
2021-07-02 00:00:00-04:00,23.303569793701172,210600,Volkswagen,VWAGY
2021-07-06 00:00:00-04:00,22.64255142211914,765900,Volkswagen,VWAGY
2021-07-07 00:00:00-04:00,22.86638832092285,582400,Volkswagen,VWAGY
2021-07-08 00:00:00-04:00,21.96404457092285,634400,Volkswagen,VWAGY
2021-07-09 00:00:00-04:00,23.362327575683594,384700,Volkswagen,VWAGY
2021-07-12 00:00:00-04:00,24.059022903442383,544300,Volkswagen,VWAGY
2021-07-13 00:00:00-04:00,23.502925872802734,316900,Volkswagen,VWAGY
2021-07-14 00:00:00-04:00,23.83868408203125,276700,Volkswagen,VWAGY
2021-07-15 00:00:00-04:00,23.324556350708008,401700,Volkswagen,VWAGY
2021-07-16 00:00:00-04:00,23.02657127380371,327300,Volkswagen,VWAGY
2021-07-19 00:00:00-04:00,22.250835418701172,438900,Volkswagen,VWAGY
2021-07-20 00:00:00-04:00,22.628559112548828,368400,Volkswagen,VWAGY
2021-07-21 00:00:00-04:00,23.580570220947266,455800,Volkswagen,VWAGY
2021-07-22 00:00:00-04:00,23.2021427154541,189000,Volkswagen,VWAGY
2021-07-23 00:00:00-04:00,23.390119552612305,172000,Volkswagen,VWAGY
2021-07-26 00:00:00-04:00,23.63932991027832,521200,Volkswagen,VWAGY
2021-07-27 00:00:00-04:00,23.53252410888672,318800,Volkswagen,VWAGY
2021-07-28 00:00:00-04:00,23.728334426879883,343500,Volkswagen,VWAGY
2021-07-29 00:00:00-04:00,23.963302612304688,351400,Volkswagen,VWAGY
2021-07-30 00:00:00-04:00,23.6322078704834,236700,Volkswagen,VWAGY
2021-08-02 00:00:00-04:00,23.831579208374023,377300,Volkswagen,VWAGY
2021-08-03 00:00:00-04:00,24.458160400390625,666700,Volkswagen,VWAGY
2021-08-04 00:00:00-04:00,24.440364837646484,493300,Volkswagen,VWAGY
2021-08-05 00:00:00-04:00,24.390520095825195,301400,Volkswagen,VWAGY
2021-08-06 00:00:00-04:00,25.02066421508789,1080600,Volkswagen,VWAGY
2021-08-09 00:00:00-04:00,24.771453857421875,437000,Volkswagen,VWAGY
2021-08-10 00:00:00-04:00,24.856895446777344,797400,Volkswagen,VWAGY
2021-08-11 00:00:00-04:00,25.234272003173828,788400,Volkswagen,VWAGY
2021-08-12 00:00:00-04:00,26.11006736755371,752000,Volkswagen,VWAGY
2021-08-13 00:00:00-04:00,25.96410369873047,386700,Volkswagen,VWAGY
2021-08-16 00:00:00-04:00,25.177309036254883,404700,Volkswagen,VWAGY
2021-08-17 00:00:00-04:00,24.21607208251953,611500,Volkswagen,VWAGY
2021-08-18 00:00:00-04:00,24.22319221496582,312100,Volkswagen,VWAGY
2021-08-19 00:00:00-04:00,23.468442916870117,567400,Volkswagen,VWAGY
2021-08-20 00:00:00-04:00,23.261953353881836,291800,Volkswagen,VWAGY
2021-08-23 00:00:00-04:00,23.304676055908203,294200,Volkswagen,VWAGY
2021-08-24 00:00:00-04:00,23.63576889038086,246000,Volkswagen,VWAGY
2021-08-25 00:00:00-04:00,23.795974731445312,223000,Volkswagen,VWAGY
2021-08-26 00:00:00-04:00,23.475563049316406,188000,Volkswagen,VWAGY
2021-08-27 00:00:00-04:00,23.682050704956055,189700,Volkswagen,VWAGY
2021-08-30 00:00:00-04:00,24.023828506469727,696200,Volkswagen,VWAGY
2021-08-31 00:00:00-04:00,23.803096771240234,342200,Volkswagen,VWAGY
2021-09-01 00:00:00-04:00,24.493762969970703,668500,Volkswagen,VWAGY
2021-09-02 00:00:00-04:00,24.84977912902832,478700,Volkswagen,VWAGY
2021-09-03 00:00:00-04:00,24.33711814880371,297800,Volkswagen,VWAGY
2021-09-07 00:00:00-04:00,24.102148056030273,410200,Volkswagen,VWAGY
2021-09-08 00:00:00-04:00,23.43996238708496,465200,Volkswagen,VWAGY
2021-09-09 00:00:00-04:00,23.382999420166016,242800,Volkswagen,VWAGY
2021-09-10 00:00:00-04:00,23.526830673217773,418700,Volkswagen,VWAGY
2021-09-13 00:00:00-04:00,23.860057830810547,344600,Volkswagen,VWAGY
2021-09-14 00:00:00-04:00,23.507604598999023,287700,Volkswagen,VWAGY
2021-09-15 00:00:00-04:00,23.696290969848633,247100,Volkswagen,VWAGY
2021-09-16 00:00:00-04:00,23.36164093017578,271600,Volkswagen,VWAGY
2021-09-17 00:00:00-04:00,22.64249038696289,521100,Volkswagen,VWAGY
2021-09-20 00:00:00-04:00,21.706174850463867,840000,Volkswagen,VWAGY
2021-09-21 00:00:00-04:00,21.966062545776367,411200,Volkswagen,VWAGY
2021-09-22 00:00:00-04:00,22.201032638549805,228200,Volkswagen,VWAGY
2021-09-23 00:00:00-04:00,22.557048797607422,285300,Volkswagen,VWAGY
2021-09-24 00:00:00-04:00,22.349136352539062,401300,Volkswagen,VWAGY
2021-09-27 00:00:00-04:00,22.870338439941406,406900,Volkswagen,VWAGY
2021-09-28 00:00:00-04:00,22.585527420043945,495300,Volkswagen,VWAGY
2021-09-29 00:00:00-04:00,22.64961051940918,330100,Volkswagen,VWAGY
2021-09-30 00:00:00-04:00,22.158313751220703,374800,Volkswagen,VWAGY
2021-10-01 00:00:00-04:00,22.193912506103516,250200,Volkswagen,VWAGY
2021-10-04 00:00:00-04:00,22.001667022705078,390900,Volkswagen,VWAGY
2021-10-05 00:00:00-04:00,22.019466400146484,365100,Volkswagen,VWAGY
2021-10-06 00:00:00-04:00,21.26115608215332,964000,Volkswagen,VWAGY
2021-10-07 00:00:00-04:00,22.06930923461914,596600,Volkswagen,VWAGY
2021-10-08 00:00:00-04:00,22.215274810791016,276400,Volkswagen,VWAGY
2021-10-11 00:00:00-04:00,21.980304718017578,244600,Volkswagen,VWAGY
2021-10-12 00:00:00-04:00,21.78093910217285,290400,Volkswagen,VWAGY
2021-10-13 00:00:00-04:00,22.279356002807617,249000,Volkswagen,VWAGY
2021-10-14 00:00:00-04:00,22.67809295654297,349200,Volkswagen,VWAGY
2021-10-15 00:00:00-04:00,22.592649459838867,374800,Volkswagen,VWAGY
2021-10-18 00:00:00-04:00,22.15546226501465,548300,Volkswagen,VWAGY
2021-10-19 00:00:00-04:00,22.02658462524414,377100,Volkswagen,VWAGY
2021-10-20 00:00:00-04:00,22.42176055908203,459600,Volkswagen,VWAGY
2021-10-21 00:00:00-04:00,22.784896850585938,347400,Volkswagen,VWAGY
2021-10-22 00:00:00-04:00,23.034103393554688,347900,Volkswagen,VWAGY
2021-10-25 00:00:00-04:00,23.54676628112793,441300,Volkswagen,VWAGY
2021-10-26 00:00:00-04:00,24.287277221679688,534400,Volkswagen,VWAGY
2021-10-27 00:00:00-04:00,23.746131896972656,415000,Volkswagen,VWAGY
2021-10-28 00:00:00-04:00,23.6749324798584,1400300,Volkswagen,VWAGY
2021-10-29 00:00:00-04:00,23.219236373901367,410400,Volkswagen,VWAGY
2021-11-01 00:00:00-04:00,23.831579208374023,530900,Volkswagen,VWAGY
2021-11-02 00:00:00-04:00,23.795974731445312,558000,Volkswagen,VWAGY
2021-11-03 00:00:00-04:00,24.19470977783203,429300,Volkswagen,VWAGY
2021-11-04 00:00:00-04:00,24.208953857421875,351400,Volkswagen,VWAGY
2021-11-05 00:00:00-04:00,24.66465187072754,337500,Volkswagen,VWAGY
2021-11-08 00:00:00-05:00,23.562429428100586,951200,Volkswagen,VWAGY
2021-11-09 00:00:00-05:00,23.55673599243164,382000,Volkswagen,VWAGY
2021-11-10 00:00:00-05:00,23.1551513671875,490800,Volkswagen,VWAGY
2021-11-11 00:00:00-05:00,23.254833221435547,337900,Volkswagen,VWAGY
2021-11-12 00:00:00-05:00,23.162269592285156,286800,Volkswagen,VWAGY
2021-11-15 00:00:00-05:00,22.6353702545166,409500,Volkswagen,VWAGY
2021-11-16 00:00:00-05:00,22.485843658447266,527100,Volkswagen,VWAGY
2021-11-17 00:00:00-05:00,22.64961051940918,482300,Volkswagen,VWAGY
2021-11-18 00:00:00-05:00,23.03766441345215,569900,Volkswagen,VWAGY
2021-11-19 00:00:00-05:00,22.25443458557129,446000,Volkswagen,VWAGY
2021-11-22 00:00:00-05:00,22.17255210876465,412500,Volkswagen,VWAGY
2021-11-23 00:00:00-05:00,22.34343910217285,252000,Volkswagen,VWAGY
2021-11-24 00:00:00-05:00,21.58868980407715,537000,Volkswagen,VWAGY
2021-11-26 00:00:00-05:00,20.805458068847656,500000,Volkswagen,VWAGY
2021-11-29 00:00:00-05:00,20.435203552246094,913700,Volkswagen,VWAGY
2021-11-30 00:00:00-05:00,19.829978942871094,732000,Volkswagen,VWAGY
2021-12-01 00:00:00-05:00,20.74849510192871,598100,Volkswagen,VWAGY
2021-12-02 00:00:00-05:00,20.784099578857422,459600,Volkswagen,VWAGY
2021-12-03 00:00:00-05:00,20.2571964263916,584000,Volkswagen,VWAGY
2021-12-06 00:00:00-05:00,20.285675048828125,434500,Volkswagen,VWAGY
2021-12-07 00:00:00-05:00,21.125871658325195,1251000,Volkswagen,VWAGY
2021-12-08 00:00:00-05:00,22.663850784301758,1082500,Volkswagen,VWAGY
2021-12-09 00:00:00-05:00,22.07286834716797,380000,Volkswagen,VWAGY
2021-12-10 00:00:00-05:00,22.101350784301758,255200,Volkswagen,VWAGY
2021-12-13 00:00:00-05:00,22.122709274291992,333300,Volkswagen,VWAGY
2021-12-14 00:00:00-05:00,21.820096969604492,329600,Volkswagen,VWAGY
2021-12-15 00:00:00-05:00,22.450244903564453,255800,Volkswagen,VWAGY
2021-12-16 00:00:00-05:00,22.322078704833984,209500,Volkswagen,VWAGY
2021-12-17 00:00:00-05:00,21.17571258544922,384000,Volkswagen,VWAGY
2021-12-20 00:00:00-05:00,20.99058723449707,482100,Volkswagen,VWAGY
2021-12-21 00:00:00-05:00,20.96210479736328,347100,Volkswagen,VWAGY
2021-12-22 00:00:00-05:00,20.90087127685547,486600,Volkswagen,VWAGY
2021-12-23 00:00:00-05:00,21.36083984375,382800,Volkswagen,VWAGY
2021-12-27 00:00:00-05:00,21.303876876831055,337100,Volkswagen,VWAGY
2021-12-28 00:00:00-05:00,21.27397346496582,333600,Volkswagen,VWAGY
2021-12-29 00:00:00-05:00,20.919382095336914,446200,Volkswagen,VWAGY
2021-12-30 00:00:00-05:00,20.712894439697266,536900,Volkswagen,VWAGY
2021-12-31 00:00:00-05:00,20.79121971130371,295700,Volkswagen,VWAGY
2022-01-03 00:00:00-05:00,21.417800903320312,303100,Volkswagen,VWAGY
2022-01-04 00:00:00-05:00,22.293596267700195,568100,Volkswagen,VWAGY
2022-01-05 00:00:00-05:00,22.129831314086914,334600,Volkswagen,VWAGY
2022-01-06 00:00:00-05:00,22.00522804260254,236300,Volkswagen,VWAGY
2022-01-07 00:00:00-05:00,21.924766540527344,315700,Volkswagen,VWAGY
2022-01-10 00:00:00-05:00,21.909103393554688,255200,Volkswagen,VWAGY
2022-01-11 00:00:00-05:00,22.322078704833984,259600,Volkswagen,VWAGY
2022-01-12 00:00:00-05:00,22.45736312866211,270600,Volkswagen,VWAGY
2022-01-13 00:00:00-05:00,22.272235870361328,369100,Volkswagen,VWAGY
2022-01-14 00:00:00-05:00,22.492965698242188,580400,Volkswagen,VWAGY
2022-01-18 00:00:00-05:00,21.48900604248047,555900,Volkswagen,VWAGY
2022-01-19 00:00:00-05:00,21.496124267578125,258600,Volkswagen,VWAGY
2022-01-20 00:00:00-05:00,21.41067886352539,362100,Volkswagen,VWAGY
2022-01-21 00:00:00-05:00,20.7769775390625,620500,Volkswagen,VWAGY
2022-01-24 00:00:00-05:00,19.99730682373047,756700,Volkswagen,VWAGY
2022-01-25 00:00:00-05:00,19.97950553894043,292100,Volkswagen,VWAGY
2022-01-26 00:00:00-05:00,20.428083419799805,266100,Volkswagen,VWAGY
2022-01-27 00:00:00-05:00,20.292797088623047,295400,Volkswagen,VWAGY
2022-01-28 00:00:00-05:00,19.97950553894043,312800,Volkswagen,VWAGY
2022-01-31 00:00:00-05:00,20.463685989379883,264400,Volkswagen,VWAGY
2022-02-01 00:00:00-05:00,20.912263870239258,214300,Volkswagen,VWAGY
2022-02-02 00:00:00-05:00,20.743511199951172,196500,Volkswagen,VWAGY
2022-02-03 00:00:00-05:00,20.542011260986328,156900,Volkswagen,VWAGY
2022-02-04 00:00:00-05:00,20.173891067504883,279000,Volkswagen,VWAGY
2022-02-07 00:00:00-05:00,19.883380889892578,245300,Volkswagen,VWAGY
2022-02-08 00:00:00-05:00,19.822860717773438,211900,Volkswagen,VWAGY
2022-02-09 00:00:00-05:00,20.86954116821289,337300,Volkswagen,VWAGY
2022-02-10 00:00:00-05:00,20.48504638671875,201900,Volkswagen,VWAGY
2022-02-11 00:00:00-05:00,20.103397369384766,260800,Volkswagen,VWAGY
2022-02-14 00:00:00-05:00,19.324440002441406,526600,Volkswagen,VWAGY
2022-02-15 00:00:00-05:00,20.627450942993164,293100,Volkswagen,VWAGY
2022-02-16 00:00:00-05:00,20.598970413208008,507600,Volkswagen,VWAGY
2022-02-17 00:00:00-05:00,20.022228240966797,229400,Volkswagen,VWAGY
2022-02-18 00:00:00-05:00,19.517398834228516,334300,Volkswagen,VWAGY
2022-02-22 00:00:00-05:00,19.929664611816406,595700,Volkswagen,VWAGY
2022-02-23 00:00:00-05:00,19.402761459350586,386600,Volkswagen,VWAGY
2022-02-24 00:00:00-05:00,18.430843353271484,1016600,Volkswagen,VWAGY
2022-02-25 00:00:00-05:00,19.367162704467773,625700,Volkswagen,VWAGY
2022-02-28 00:00:00-05:00,18.363203048706055,617900,Volkswagen,VWAGY
2022-03-01 00:00:00-05:00,17.159873962402344,779700,Volkswagen,VWAGY
2022-03-02 00:00:00-05:00,17.32008171081543,481800,Volkswagen,VWAGY
2022-03-03 00:00:00-05:00,16.640094757080078,764200,Volkswagen,VWAGY
2022-03-04 00:00:00-05:00,15.294361114501953,1099600,Volkswagen,VWAGY
2022-03-07 00:00:00-05:00,14.098154067993164,1392300,Volkswagen,VWAGY
2022-03-08 00:00:00-05:00,15.009551048278809,988800,Volkswagen,VWAGY
2022-03-09 00:00:00-05:00,16.576013565063477,1028300,Volkswagen,VWAGY
2022-03-10 00:00:00-05:00,15.79990291595459,446200,Volkswagen,VWAGY
2022-03-11 00:00:00-05:00,15.720154762268066,424500,Volkswagen,VWAGY
2022-03-14 00:00:00-04:00,16.31256103515625,359300,Volkswagen,VWAGY
2022-03-15 00:00:00-04:00,16.451406478881836,337900,Volkswagen,VWAGY
2022-03-16 00:00:00-04:00,17.366361618041992,328100,Volkswagen,VWAGY
2022-03-17 00:00:00-04:00,17.345003128051758,214200,Volkswagen,VWAGY
2022-03-18 00:00:00-04:00,17.55149269104004,663100,Volkswagen,VWAGY
2022-03-21 00:00:00-04:00,17.444686889648438,466900,Volkswagen,VWAGY
2022-03-22 00:00:00-04:00,17.665416717529297,419900,Volkswagen,VWAGY
2022-03-23 00:00:00-04:00,17.20259666442871,279700,Volkswagen,VWAGY
2022-03-24 00:00:00-04:00,17.352123260498047,188000,Volkswagen,VWAGY
2022-03-25 00:00:00-04:00,17.145633697509766,217300,Volkswagen,VWAGY
2022-03-28 00:00:00-04:00,17.50876808166504,330200,Volkswagen,VWAGY
2022-03-29 00:00:00-04:00,18.833139419555664,730200,Volkswagen,VWAGY
2022-03-30 00:00:00-04:00,18.413043975830078,434500,Volkswagen,VWAGY
2022-03-31 00:00:00-04:00,17.565732955932617,445700,Volkswagen,VWAGY
2022-04-01 00:00:00-04:00,17.957345962524414,303500,Volkswagen,VWAGY
2022-04-04 00:00:00-04:00,17.857662200927734,207400,Volkswagen,VWAGY
2022-04-05 00:00:00-04:00,17.28447914123535,230500,Volkswagen,VWAGY
2022-04-06 00:00:00-04:00,16.547531127929688,356100,Volkswagen,VWAGY
2022-04-07 00:00:00-04:00,16.718416213989258,185300,Volkswagen,VWAGY
2022-04-08 00:00:00-04:00,16.61161231994629,197800,Volkswagen,VWAGY
2022-04-11 00:00:00-04:00,16.376644134521484,175700,Volkswagen,VWAGY
2022-04-12 00:00:00-04:00,16.027753829956055,303900,Volkswagen,VWAGY
2022-04-13 00:00:00-04:00,16.26984214782715,343100,Volkswagen,VWAGY
2022-04-14 00:00:00-04:00,15.87822437286377,408800,Volkswagen,VWAGY
2022-04-18 00:00:00-04:00,15.778542518615723,407600,Volkswagen,VWAGY
2022-04-19 00:00:00-04:00,16.568891525268555,444000,Volkswagen,VWAGY
2022-04-20 00:00:00-04:00,16.61161231994629,247400,Volkswagen,VWAGY
2022-04-21 00:00:00-04:00,16.745473861694336,352000,Volkswagen,VWAGY
2022-04-22 00:00:00-04:00,16.39800453186035,252600,Volkswagen,VWAGY
2022-04-25 00:00:00-04:00,16.30544090270996,318100,Volkswagen,VWAGY
2022-04-26 00:00:00-04:00,15.344202995300293,409700,Volkswagen,VWAGY
2022-04-27 00:00:00-04:00,15.426087379455566,256000,Volkswagen,VWAGY
2022-04-28 00:00:00-04:00,15.707337379455566,496400,Volkswagen,VWAGY
2022-04-29 00:00:00-04:00,15.365564346313477,218200,Volkswagen,VWAGY
2022-05-02 00:00:00-04:00,15.201799392700195,342200,Volkswagen,VWAGY
2022-05-03 00:00:00-04:00,15.294361114501953,344400,Volkswagen,VWAGY
2022-05-04 00:00:00-04:00,15.734395027160645,412700,Volkswagen,VWAGY
2022-05-05 00:00:00-04:00,14.988189697265625,588200,Volkswagen,VWAGY
2022-05-06 00:00:00-04:00,15.072208404541016,331000,Volkswagen,VWAGY
2022-05-09 00:00:00-04:00,14.29040241241455,561100,Volkswagen,VWAGY
2022-05-10 00:00:00-04:00,14.301082611083984,460800,Volkswagen,VWAGY
2022-05-11 00:00:00-04:00,14.418566703796387,379900,Volkswagen,VWAGY
2022-05-12 00:00:00-04:00,14.454168319702148,328100,Volkswagen,VWAGY
2022-05-13 00:00:00-04:00,14.868162155151367,399600,Volkswagen,VWAGY
2022-05-16 00:00:00-04:00,14.75687313079834,430800,Volkswagen,VWAGY
2022-05-17 00:00:00-04:00,15.038804054260254,275700,Volkswagen,VWAGY
2022-05-18 00:00:00-04:00,14.512038230895996,227500,Volkswagen,VWAGY
2022-05-19 00:00:00-04:00,14.615910530090332,360500,Volkswagen,VWAGY
2022-05-20 00:00:00-04:00,14.526876449584961,236500,Volkswagen,VWAGY
2022-05-23 00:00:00-04:00,15.001708030700684,614100,Volkswagen,VWAGY
2022-05-24 00:00:00-04:00,14.630745887756348,348600,Volkswagen,VWAGY
2022-05-25 00:00:00-04:00,14.742035865783691,339100,Volkswagen,VWAGY
2022-05-26 00:00:00-04:00,15.396413803100586,479500,Volkswagen,VWAGY
2022-05-27 00:00:00-04:00,15.706538200378418,273500,Volkswagen,VWAGY
2022-05-31 00:00:00-04:00,16.671039581298828,365700,Volkswagen,VWAGY
2022-06-01 00:00:00-04:00,16.96780776977539,302700,Volkswagen,VWAGY
2022-06-02 00:00:00-04:00,17.297964096069336,315900,Volkswagen,VWAGY
2022-06-03 00:00:00-04:00,16.7081356048584,220700,Volkswagen,VWAGY
2022-06-06 00:00:00-04:00,16.678457260131836,435800,Volkswagen,VWAGY
2022-06-07 00:00:00-04:00,16.596845626831055,224900,Volkswagen,VWAGY
2022-06-08 00:00:00-04:00,16.641361236572266,264400,Volkswagen,VWAGY
2022-06-09 00:00:00-04:00,16.32233428955078,160800,Volkswagen,VWAGY
2022-06-10 00:00:00-04:00,15.899436950683594,202900,Volkswagen,VWAGY
2022-06-13 00:00:00-04:00,14.927515983581543,325000,Volkswagen,VWAGY
2022-06-14 00:00:00-04:00,14.712359428405762,448700,Volkswagen,VWAGY
2022-06-15 00:00:00-04:00,14.719778060913086,438700,Volkswagen,VWAGY
2022-06-16 00:00:00-04:00,14.203397750854492,265500,Volkswagen,VWAGY
2022-06-17 00:00:00-04:00,14.178173065185547,302100,Volkswagen,VWAGY
2022-06-21 00:00:00-04:00,14.437845230102539,350400,Volkswagen,VWAGY
2022-06-22 00:00:00-04:00,14.259784698486328,290700,Volkswagen,VWAGY
2022-06-23 00:00:00-04:00,13.877693176269531,739900,Volkswagen,VWAGY
2022-06-24 00:00:00-04:00,14.259784698486328,248000,Volkswagen,VWAGY
2022-06-27 00:00:00-04:00,14.35252571105957,281200,Volkswagen,VWAGY
2022-06-28 00:00:00-04:00,14.497200965881348,892500,Volkswagen,VWAGY
2022-06-29 00:00:00-04:00,14.133655548095703,318200,Volkswagen,VWAGY
2022-06-30 00:00:00-04:00,13.517858505249023,478000,Volkswagen,VWAGY
2022-07-01 00:00:00-04:00,13.532697677612305,262200,Volkswagen,VWAGY
2022-07-05 00:00:00-04:00,12.813032150268555,477500,Volkswagen,VWAGY
2022-07-06 00:00:00-04:00,12.827872276306152,390000,Volkswagen,VWAGY
2022-07-07 00:00:00-04:00,13.532697677612305,351900,Volkswagen,VWAGY
2022-07-08 00:00:00-04:00,14.155915260314941,278900,Volkswagen,VWAGY
2022-07-11 00:00:00-04:00,13.577213287353516,262500,Volkswagen,VWAGY
2022-07-12 00:00:00-04:00,13.621728897094727,211800,Volkswagen,VWAGY
2022-07-13 00:00:00-04:00,13.532697677612305,241300,Volkswagen,VWAGY
2022-07-14 00:00:00-04:00,13.228509902954102,296900,Volkswagen,VWAGY
2022-07-15 00:00:00-04:00,13.68850326538086,264100,Volkswagen,VWAGY
2022-07-18 00:00:00-04:00,13.9630126953125,433300,Volkswagen,VWAGY
2022-07-19 00:00:00-04:00,14.615910530090332,430600,Volkswagen,VWAGY
2022-07-20 00:00:00-04:00,14.541715621948242,458100,Volkswagen,VWAGY
2022-07-21 00:00:00-04:00,14.37849235534668,322900,Volkswagen,VWAGY
2022-07-22 00:00:00-04:00,14.126238822937012,341900,Volkswagen,VWAGY
2022-07-25 00:00:00-04:00,13.881401062011719,380400,Volkswagen,VWAGY
2022-07-26 00:00:00-04:00,13.703340530395508,425300,Volkswagen,VWAGY
2022-07-27 00:00:00-04:00,13.703340530395508,345900,Volkswagen,VWAGY
2022-07-28 00:00:00-04:00,14.178173065185547,275100,Volkswagen,VWAGY
2022-07-29 00:00:00-04:00,14.660422325134277,271100,Volkswagen,VWAGY
2022-08-01 00:00:00-04:00,14.868162155151367,294400,Volkswagen,VWAGY
2022-08-02 00:00:00-04:00,14.608488082885742,273500,Volkswagen,VWAGY
2022-08-03 00:00:00-04:00,14.920097351074219,322000,Volkswagen,VWAGY
2022-08-04 00:00:00-04:00,14.801389694213867,176700,Volkswagen,VWAGY
2022-08-05 00:00:00-04:00,14.615910530090332,207000,Volkswagen,VWAGY
2022-08-08 00:00:00-04:00,14.541715621948242,238500,Volkswagen,VWAGY
2022-08-09 00:00:00-04:00,14.333975791931152,439400,Volkswagen,VWAGY
2022-08-10 00:00:00-04:00,15.12783432006836,436600,Volkswagen,VWAGY
2022-08-11 00:00:00-04:00,15.068480491638184,322900,Volkswagen,VWAGY
2022-08-12 00:00:00-04:00,15.12190055847168,161300,Volkswagen,VWAGY
2022-08-15 00:00:00-04:00,14.934934616088867,189700,Volkswagen,VWAGY
2022-08-16 00:00:00-04:00,15.12783432006836,262700,Volkswagen,VWAGY
2022-08-17 00:00:00-04:00,14.793971061706543,120900,Volkswagen,VWAGY
2022-08-18 00:00:00-04:00,14.75687313079834,226600,Volkswagen,VWAGY
2022-08-19 00:00:00-04:00,14.371073722839355,120100,Volkswagen,VWAGY
2022-08-22 00:00:00-04:00,13.347957611083984,564500,Volkswagen,VWAGY
2022-08-23 00:00:00-04:00,13.710758209228516,256200,Volkswagen,VWAGY
2022-08-24 00:00:00-04:00,13.577213287353516,229600,Volkswagen,VWAGY
2022-08-25 00:00:00-04:00,13.770113945007324,260900,Volkswagen,VWAGY
2022-08-26 00:00:00-04:00,13.547537803649902,259400,Volkswagen,VWAGY
2022-08-29 00:00:00-04:00,13.784952163696289,223300,Volkswagen,VWAGY
2022-08-30 00:00:00-04:00,14.18188190460205,320200,Volkswagen,VWAGY
2022-08-31 00:00:00-04:00,13.73301887512207,477500,Volkswagen,VWAGY
2022-09-01 00:00:00-04:00,13.52527904510498,280800,Volkswagen,VWAGY
2022-09-02 00:00:00-04:00,13.540117263793945,294300,Volkswagen,VWAGY
2022-09-06 00:00:00-04:00,14.296879768371582,779900,Volkswagen,VWAGY
2022-09-07 00:00:00-04:00,14.341394424438477,442200,Volkswagen,VWAGY
2022-09-08 00:00:00-04:00,13.955594062805176,556500,Volkswagen,VWAGY
2022-09-09 00:00:00-04:00,13.747858047485352,1235000,Volkswagen,VWAGY
2022-09-12 00:00:00-04:00,14.912677764892578,1288500,Volkswagen,VWAGY
2022-09-13 00:00:00-04:00,14.37849235534668,799500,Volkswagen,VWAGY
2022-09-14 00:00:00-04:00,14.719778060913086,667600,Volkswagen,VWAGY
2022-09-15 00:00:00-04:00,14.571392059326172,376800,Volkswagen,VWAGY
2022-09-16 00:00:00-04:00,14.660422325134277,567800,Volkswagen,VWAGY
2022-09-19 00:00:00-04:00,15.30589485168457,1385400,Volkswagen,VWAGY
2022-09-20 00:00:00-04:00,15.14267349243164,819400,Volkswagen,VWAGY
2022-09-21 00:00:00-04:00,14.623327255249023,374200,Volkswagen,VWAGY
2022-09-22 00:00:00-04:00,14.463071823120117,407900,Volkswagen,VWAGY
2022-09-23 00:00:00-04:00,13.79237174987793,880800,Volkswagen,VWAGY
2022-09-26 00:00:00-04:00,13.595762252807617,843000,Volkswagen,VWAGY
2022-09-27 00:00:00-04:00,13.503022193908691,1290300,Volkswagen,VWAGY
2022-09-28 00:00:00-04:00,14.185591697692871,977900,Volkswagen,VWAGY
2022-09-29 00:00:00-04:00,12.646099090576172,1920700,Volkswagen,VWAGY
2022-09-30 00:00:00-04:00,12.052559852600098,726500,Volkswagen,VWAGY
2022-10-03 00:00:00-04:00,12.174976348876953,546800,Volkswagen,VWAGY
2022-10-04 00:00:00-04:00,12.716581344604492,698800,Volkswagen,VWAGY
2022-10-05 00:00:00-04:00,12.538519859313965,359400,Volkswagen,VWAGY
2022-10-06 00:00:00-04:00,12.686905860900879,171900,Volkswagen,VWAGY
2022-10-07 00:00:00-04:00,12.219491958618164,498300,Volkswagen,VWAGY
2022-10-10 00:00:00-04:00,11.79659652709961,489300,Volkswagen,VWAGY
2022-10-11 00:00:00-04:00,11.744660377502441,387400,Volkswagen,VWAGY
2022-10-12 00:00:00-04:00,11.484987258911133,361300,Volkswagen,VWAGY
2022-10-13 00:00:00-04:00,11.893046379089355,401300,Volkswagen,VWAGY
2022-10-14 00:00:00-04:00,11.566598892211914,496800,Volkswagen,VWAGY
2022-10-17 00:00:00-04:00,12.212072372436523,363100,Volkswagen,VWAGY
2022-10-18 00:00:00-04:00,12.538519859313965,537800,Volkswagen,VWAGY
2022-10-19 00:00:00-04:00,12.1378812789917,300300,Volkswagen,VWAGY
2022-10-20 00:00:00-04:00,12.260297775268555,224500,Volkswagen,VWAGY
2022-10-21 00:00:00-04:00,12.538519859313965,226900,Volkswagen,VWAGY
2022-10-24 00:00:00-04:00,12.404973030090332,231100,Volkswagen,VWAGY
2022-10-25 00:00:00-04:00,12.501423835754395,316600,Volkswagen,VWAGY
2022-10-26 00:00:00-04:00,12.657227516174316,490500,Volkswagen,VWAGY
2022-10-27 00:00:00-04:00,12.612712860107422,235600,Volkswagen,VWAGY
2022-10-28 00:00:00-04:00,12.55335807800293,607400,Volkswagen,VWAGY
2022-10-31 00:00:00-04:00,12.679486274719238,497600,Volkswagen,VWAGY
2022-11-01 00:00:00-04:00,12.768516540527344,449600,Volkswagen,VWAGY
2022-11-02 00:00:00-04:00,12.360457420349121,530200,Volkswagen,VWAGY
2022-11-03 00:00:00-04:00,12.130462646484375,332700,Volkswagen,VWAGY
2022-11-04 00:00:00-04:00,12.850127220153809,303000,Volkswagen,VWAGY
2022-11-07 00:00:00-05:00,13.4436674118042,315100,Volkswagen,VWAGY
2022-11-08 00:00:00-05:00,13.384315490722656,202900,Volkswagen,VWAGY
2022-11-09 00:00:00-05:00,13.161736488342285,224700,Volkswagen,VWAGY
2022-11-10 00:00:00-05:00,13.925919532775879,351900,Volkswagen,VWAGY
2022-11-11 00:00:00-05:00,14.630745887756348,287000,Volkswagen,VWAGY
2022-11-14 00:00:00-05:00,14.541715621948242,350700,Volkswagen,VWAGY
2022-11-15 00:00:00-05:00,14.474943161010742,464600,Volkswagen,VWAGY
2022-11-16 00:00:00-05:00,14.118818283081055,297600,Volkswagen,VWAGY
2022-11-17 00:00:00-05:00,14.170753479003906,271500,Volkswagen,VWAGY
2022-11-18 00:00:00-05:00,14.417815208435059,246400,Volkswagen,VWAGY
2022-11-21 00:00:00-05:00,13.873984336853027,121000,Volkswagen,VWAGY
2022-11-22 00:00:00-05:00,13.992692947387695,127100,Volkswagen,VWAGY
2022-11-23 00:00:00-05:00,13.851725578308105,151400,Volkswagen,VWAGY
2022-11-25 00:00:00-05:00,14.04462718963623,62100,Volkswagen,VWAGY
2022-11-28 00:00:00-05:00,13.807209014892578,276700,Volkswagen,VWAGY
2022-11-29 00:00:00-05:00,13.925919532775879,256100,Volkswagen,VWAGY
2022-11-30 00:00:00-05:00,14.274621963500977,237100,Volkswagen,VWAGY
2022-12-01 00:00:00-05:00,14.437845230102539,290300,Volkswagen,VWAGY
2022-12-02 00:00:00-05:00,14.311717987060547,133000,Volkswagen,VWAGY
2022-12-05 00:00:00-05:00,14.371073722839355,482800,Volkswagen,VWAGY
2022-12-06 00:00:00-05:00,14.20042896270752,245800,Volkswagen,VWAGY
2022-12-07 00:00:00-05:00,13.977851867675781,155100,Volkswagen,VWAGY
2022-12-08 00:00:00-05:00,13.844306945800781,146400,Volkswagen,VWAGY
2022-12-09 00:00:00-05:00,13.799790382385254,144000,Volkswagen,VWAGY
2022-12-12 00:00:00-05:00,13.532697677612305,280500,Volkswagen,VWAGY
2022-12-13 00:00:00-05:00,13.562376022338867,280500,Volkswagen,VWAGY
2022-12-14 00:00:00-05:00,13.725598335266113,372100,Volkswagen,VWAGY
2022-12-15 00:00:00-05:00,13.421409606933594,240000,Volkswagen,VWAGY
2022-12-16 00:00:00-05:00,13.243348121643066,380300,Volkswagen,VWAGY
2022-12-19 00:00:00-05:00,13.687478065490723,549800,Volkswagen,VWAGY
2022-12-20 00:00:00-05:00,13.411038398742676,428800,Volkswagen,VWAGY
2022-12-21 00:00:00-05:00,13.240856170654297,726800,Volkswagen,VWAGY
2022-12-22 00:00:00-05:00,12.81748104095459,541300,Volkswagen,VWAGY
2022-12-23 00:00:00-05:00,13.04992389678955,237100,Volkswagen,VWAGY
2022-12-27 00:00:00-05:00,12.958606719970703,683900,Volkswagen,VWAGY
2022-12-28 00:00:00-05:00,12.638999938964844,390300,Volkswagen,VWAGY
2022-12-29 00:00:00-05:00,13.0997314453125,580700,Volkswagen,VWAGY
2022-12-30 00:00:00-05:00,12.987662315368652,372000,Volkswagen,VWAGY
2023-01-03 00:00:00-05:00,13.564615249633789,232600,Volkswagen,VWAGY
2023-01-04 00:00:00-05:00,13.93818187713623,296000,Volkswagen,VWAGY
2023-01-05 00:00:00-05:00,13.889203071594238,128700,Volkswagen,VWAGY
2023-01-06 00:00:00-05:00,14.166472434997559,178600,Volkswagen,VWAGY
2023-01-09 00:00:00-05:00,14.237034797668457,155000,Volkswagen,VWAGY
2023-01-10 00:00:00-05:00,14.216280937194824,143600,Volkswagen,VWAGY
2023-01-11 00:00:00-05:00,14.490229606628418,214600,Volkswagen,VWAGY
2023-01-12 00:00:00-05:00,14.818138122558594,235100,Volkswagen,VWAGY
2023-01-13 00:00:00-05:00,14.486079216003418,171400,Volkswagen,VWAGY
2023-01-17 00:00:00-05:00,14.52758502960205,265000,Volkswagen,VWAGY
2023-01-18 00:00:00-05:00,14.303446769714355,184800,Volkswagen,VWAGY
2023-01-19 00:00:00-05:00,14.159830093383789,132400,Volkswagen,VWAGY
2023-01-20 00:00:00-05:00,14.336652755737305,165000,Volkswagen,VWAGY
2023-01-23 00:00:00-05:00,14.432119369506836,192200,Volkswagen,VWAGY
2023-01-24 00:00:00-05:00,14.311747550964355,391800,Volkswagen,VWAGY
2023-01-25 00:00:00-05:00,14.320049285888672,222600,Volkswagen,VWAGY
2023-01-26 00:00:00-05:00,14.452872276306152,142000,Volkswagen,VWAGY
2023-01-27 00:00:00-05:00,14.394762992858887,829300,Volkswagen,VWAGY
2023-01-30 00:00:00-05:00,14.27439022064209,168200,Volkswagen,VWAGY
2023-01-31 00:00:00-05:00,14.494380950927734,154600,Volkswagen,VWAGY
2023-02-01 00:00:00-05:00,14.84304141998291,265100,Volkswagen,VWAGY
2023-02-02 00:00:00-05:00,15.212458610534668,189200,Volkswagen,VWAGY
2023-02-03 00:00:00-05:00,15.00076961517334,181400,Volkswagen,VWAGY
2023-02-06 00:00:00-05:00,14.647957801818848,128800,Volkswagen,VWAGY
2023-02-07 00:00:00-05:00,14.743425369262695,170200,Volkswagen,VWAGY
2023-02-08 00:00:00-05:00,14.552492141723633,205400,Volkswagen,VWAGY
2023-02-09 00:00:00-05:00,14.618903160095215,165800,Volkswagen,VWAGY
2023-02-10 00:00:00-05:00,14.477778434753418,162100,Volkswagen,VWAGY
2023-02-13 00:00:00-05:00,14.510981559753418,139100,Volkswagen,VWAGY
2023-02-14 00:00:00-05:00,14.99246883392334,184600,Volkswagen,VWAGY
2023-02-15 00:00:00-05:00,14.784932136535645,454900,Volkswagen,VWAGY
2023-02-16 00:00:00-05:00,14.83059024810791,101000,Volkswagen,VWAGY
2023-02-17 00:00:00-05:00,14.826438903808594,92200,Volkswagen,VWAGY
2023-02-21 00:00:00-05:00,14.510981559753418,233900,Volkswagen,VWAGY
2023-02-22 00:00:00-05:00,14.585697174072266,87700,Volkswagen,VWAGY
2023-02-23 00:00:00-05:00,14.851344108581543,135400,Volkswagen,VWAGY
2023-02-24 00:00:00-05:00,14.295144081115723,163800,Volkswagen,VWAGY
2023-02-27 00:00:00-05:00,14.477778434753418,164100,Volkswagen,VWAGY
2023-02-28 00:00:00-05:00,14.743425369262695,194500,Volkswagen,VWAGY
2023-03-01 00:00:00-05:00,14.743425369262695,140300,Volkswagen,VWAGY
2023-03-02 00:00:00-05:00,14.585697174072266,146400,Volkswagen,VWAGY
2023-03-03 00:00:00-05:00,15.980345726013184,431300,Volkswagen,VWAGY
2023-03-06 00:00:00-05:00,15.938837051391602,320800,Volkswagen,VWAGY
2023-03-07 00:00:00-05:00,15.615078926086426,270400,Volkswagen,VWAGY
2023-03-08 00:00:00-05:00,15.673189163208008,164900,Volkswagen,VWAGY
2023-03-09 00:00:00-05:00,15.465652465820312,196900,Volkswagen,VWAGY
2023-03-10 00:00:00-05:00,15.208307266235352,181400,Volkswagen,VWAGY
2023-03-13 00:00:00-04:00,15.212458610534668,131100,Volkswagen,VWAGY
2023-03-14 00:00:00-04:00,14.991640090942383,291500,Volkswagen,VWAGY
2023-03-15 00:00:00-04:00,14.303446769714355,272900,Volkswagen,VWAGY
2023-03-16 00:00:00-04:00,14.083456039428711,259000,Volkswagen,VWAGY
2023-03-17 00:00:00-04:00,13.548011779785156,423500,Volkswagen,VWAGY
2023-03-20 00:00:00-04:00,13.614423751831055,121600,Volkswagen,VWAGY
2023-03-21 00:00:00-04:00,13.971386909484863,196500,Volkswagen,VWAGY
2023-03-22 00:00:00-04:00,13.97968864440918,125700,Volkswagen,VWAGY
2023-03-23 00:00:00-04:00,13.747247695922852,165900,Volkswagen,VWAGY
2023-03-24 00:00:00-04:00,13.37368106842041,390100,Volkswagen,VWAGY
2023-03-27 00:00:00-04:00,13.548011779785156,174600,Volkswagen,VWAGY
2023-03-28 00:00:00-04:00,13.618575096130371,232000,Volkswagen,VWAGY
2023-03-29 00:00:00-04:00,13.805356979370117,144000,Volkswagen,VWAGY
2023-03-30 00:00:00-04:00,14.270240783691406,197400,Volkswagen,VWAGY
2023-03-31 00:00:00-04:00,14.195528030395508,227200,Volkswagen,VWAGY
2023-04-03 00:00:00-04:00,14.361556053161621,218400,Volkswagen,VWAGY
2023-04-04 00:00:00-04:00,14.15401840209961,128500,Volkswagen,VWAGY
2023-04-05 00:00:00-04:00,13.929880142211914,166600,Volkswagen,VWAGY
2023-04-06 00:00:00-04:00,13.817811012268066,185900,Volkswagen,VWAGY
2023-04-10 00:00:00-04:00,13.8468656539917,143400,Volkswagen,VWAGY
2023-04-11 00:00:00-04:00,14.129115104675293,139400,Volkswagen,VWAGY
2023-04-12 00:00:00-04:00,13.94648265838623,148100,Volkswagen,VWAGY
2023-04-13 00:00:00-04:00,14.112512588500977,183600,Volkswagen,VWAGY
2023-04-14 00:00:00-04:00,14.261938095092773,192200,Volkswagen,VWAGY
2023-04-17 00:00:00-04:00,14.087607383728027,265200,Volkswagen,VWAGY
2023-04-18 00:00:00-04:00,13.996293067932129,172800,Volkswagen,VWAGY
2023-04-19 00:00:00-04:00,13.95478343963623,132300,Volkswagen,VWAGY
2023-04-20 00:00:00-04:00,13.797057151794434,358800,Volkswagen,VWAGY
2023-04-21 00:00:00-04:00,13.697439193725586,166500,Volkswagen,VWAGY
2023-04-24 00:00:00-04:00,13.841054916381836,99900,Volkswagen,VWAGY
2023-04-25 00:00:00-04:00,13.506505012512207,291000,Volkswagen,VWAGY
2023-04-26 00:00:00-04:00,13.489901542663574,152100,Volkswagen,VWAGY
2023-04-27 00:00:00-04:00,13.647629737854004,139600,Volkswagen,VWAGY
2023-04-28 00:00:00-04:00,13.878410339355469,168000,Volkswagen,VWAGY
2023-05-01 00:00:00-04:00,13.7887544631958,182800,Volkswagen,VWAGY
2023-05-02 00:00:00-04:00,13.747247695922852,173700,Volkswagen,VWAGY
2023-05-03 00:00:00-04:00,13.772150993347168,82600,Volkswagen,VWAGY
2023-05-04 00:00:00-04:00,13.772150993347168,177200,Volkswagen,VWAGY
2023-05-05 00:00:00-04:00,14.021195411682129,172100,Volkswagen,VWAGY
2023-05-08 00:00:00-04:00,14.21213150024414,164600,Volkswagen,VWAGY
2023-05-09 00:00:00-04:00,13.888371467590332,213600,Volkswagen,VWAGY
2023-05-10 00:00:00-04:00,13.973876953125,146300,Volkswagen,VWAGY
2023-05-11 00:00:00-04:00,14.301753997802734,128800,Volkswagen,VWAGY
2023-05-12 00:00:00-04:00,14.038046836853027,172100,Volkswagen,VWAGY
2023-05-15 00:00:00-04:00,13.98090934753418,247500,Volkswagen,VWAGY
2023-05-16 00:00:00-04:00,13.712807655334473,273700,Volkswagen,VWAGY
2023-05-17 00:00:00-04:00,13.853450775146484,234400,Volkswagen,VWAGY
2023-05-18 00:00:00-04:00,14.118916511535645,187700,Volkswagen,VWAGY
2023-05-19 00:00:00-04:00,14.150561332702637,117400,Volkswagen,VWAGY
2023-05-22 00:00:00-04:00,14.34043025970459,135600,Volkswagen,VWAGY
2023-05-23 00:00:00-04:00,14.161110877990723,194000,Volkswagen,VWAGY
2023-05-24 00:00:00-04:00,13.941353797912598,135100,Volkswagen,VWAGY
2023-05-25 00:00:00-04:00,13.78312873840332,158200,Volkswagen,VWAGY
2023-05-26 00:00:00-04:00,13.87982177734375,354200,Volkswagen,VWAGY
2023-05-30 00:00:00-04:00,13.78312873840332,270600,Volkswagen,VWAGY
2023-05-31 00:00:00-04:00,13.255712509155273,448000,Volkswagen,VWAGY
2023-06-01 00:00:00-04:00,13.52821159362793,209400,Volkswagen,VWAGY
2023-06-02 00:00:00-04:00,14.042441368103027,249600,Volkswagen,VWAGY
2023-06-05 00:00:00-04:00,14.038046836853027,157000,Volkswagen,VWAGY
2023-06-06 00:00:00-04:00,14.196269989013672,147800,Volkswagen,VWAGY
2023-06-07 00:00:00-04:00,14.249011993408203,231300,Volkswagen,VWAGY
2023-06-08 00:00:00-04:00,14.657758712768555,268200,Volkswagen,VWAGY
2023-06-09 00:00:00-04:00,14.66830825805664,208200,Volkswagen,VWAGY
2023-06-12 00:00:00-04:00,14.820380210876465,288600,Volkswagen,VWAGY
2023-06-13 00:00:00-04:00,15.075296401977539,347500,Volkswagen,VWAGY
2023-06-14 00:00:00-04:00,15.207151412963867,225600,Volkswagen,VWAGY
2023-06-15 00:00:00-04:00,15.347793579101562,161000,Volkswagen,VWAGY
2023-06-16 00:00:00-04:00,15.317028045654297,136200,Volkswagen,VWAGY
2023-06-20 00:00:00-04:00,14.85554027557373,159300,Volkswagen,VWAGY
2023-06-21 00:00:00-04:00,14.846750259399414,238900,Volkswagen,VWAGY
2023-06-22 00:00:00-04:00,14.530301094055176,160700,Volkswagen,VWAGY
2023-06-23 00:00:00-04:00,14.372076988220215,250900,Volkswagen,VWAGY
2023-06-26 00:00:00-04:00,14.438002586364746,135100,Volkswagen,VWAGY
2023-06-27 00:00:00-04:00,14.354496002197266,397500,Volkswagen,VWAGY
2023-06-28 00:00:00-04:00,14.515357971191406,174100,Volkswagen,VWAGY
2023-06-29 00:00:00-04:00,14.466132164001465,121400,Volkswagen,VWAGY
2023-06-30 00:00:00-04:00,14.697315216064453,205900,Volkswagen,VWAGY
2023-07-03 00:00:00-04:00,14.785218238830566,193900,Volkswagen,VWAGY
2023-07-05 00:00:00-04:00,14.829170227050781,160900,Volkswagen,VWAGY
2023-07-06 00:00:00-04:00,14.495139122009277,154000,Volkswagen,VWAGY
2023-07-07 00:00:00-04:00,14.723686218261719,152500,Volkswagen,VWAGY
2023-07-10 00:00:00-04:00,14.679736137390137,118800,Volkswagen,VWAGY
2023-07-11 00:00:00-04:00,14.85554027557373,202800,Volkswagen,VWAGY
2023-07-12 00:00:00-04:00,15.075296401977539,235700,Volkswagen,VWAGY
2023-07-13 00:00:00-04:00,15.15440845489502,165500,Volkswagen,VWAGY
2023-07-14 00:00:00-04:00,14.85554027557373,414800,Volkswagen,VWAGY
2023-07-17 00:00:00-04:00,14.7500581741333,267700,Volkswagen,VWAGY
2023-07-18 00:00:00-04:00,14.934652328491211,145400,Volkswagen,VWAGY
2023-07-19 00:00:00-04:00,14.815983772277832,261400,Volkswagen,VWAGY
2023-07-20 00:00:00-04:00,14.60062313079834,180600,Volkswagen,VWAGY
2023-07-21 00:00:00-04:00,14.574252128601074,123500,Volkswagen,VWAGY
2023-07-24 00:00:00-04:00,14.641937255859375,151500,Volkswagen,VWAGY
2023-07-25 00:00:00-04:00,14.688525199890137,145200,Volkswagen,VWAGY
2023-07-26 00:00:00-04:00,14.618202209472656,216000,Volkswagen,VWAGY
2023-07-27 00:00:00-04:00,14.090787887573242,474700,Volkswagen,VWAGY
2023-07-28 00:00:00-04:00,14.081997871398926,209900,Volkswagen,VWAGY
2023-07-31 00:00:00-04:00,14.05562686920166,226000,Volkswagen,VWAGY
2023-08-01 00:00:00-04:00,13.976513862609863,312600,Volkswagen,VWAGY
2023-08-02 00:00:00-04:00,13.774338722229004,202300,Volkswagen,VWAGY
2023-08-03 00:00:00-04:00,13.638089179992676,189900,Volkswagen,VWAGY
2023-08-04 00:00:00-04:00,13.545791625976562,132300,Volkswagen,VWAGY
2023-08-07 00:00:00-04:00,13.554581642150879,190900,Volkswagen,VWAGY
2023-08-08 00:00:00-04:00,13.325156211853027,263400,Volkswagen,VWAGY
2023-08-09 00:00:00-04:00,13.282083511352539,245100,Volkswagen,VWAGY
2023-08-10 00:00:00-04:00,13.273293495178223,196300,Volkswagen,VWAGY
2023-08-11 00:00:00-04:00,13.229342460632324,346700,Volkswagen,VWAGY
2023-08-14 00:00:00-04:00,13.079907417297363,171000,Volkswagen,VWAGY
2023-08-15 00:00:00-04:00,12.9612398147583,284300,Volkswagen,VWAGY
2023-08-16 00:00:00-04:00,12.772249221801758,417100,Volkswagen,VWAGY
2023-08-17 00:00:00-04:00,12.71071720123291,270300,Volkswagen,VWAGY
2023-08-18 00:00:00-04:00,12.759063720703125,241800,Volkswagen,VWAGY
2023-08-21 00:00:00-04:00,12.763458251953125,195500,Volkswagen,VWAGY
2023-08-22 00:00:00-04:00,12.877732276916504,201600,Volkswagen,VWAGY
2023-08-23 00:00:00-04:00,12.90410327911377,192700,Volkswagen,VWAGY
2023-08-24 00:00:00-04:00,12.657975196838379,164800,Volkswagen,VWAGY
2023-08-25 00:00:00-04:00,12.609628677368164,156400,Volkswagen,VWAGY
2023-08-28 00:00:00-04:00,12.464590072631836,323700,Volkswagen,VWAGY
2023-08-29 00:00:00-04:00,12.596444129943848,266600,Volkswagen,VWAGY
2023-08-30 00:00:00-04:00,12.649185180664062,319400,Volkswagen,VWAGY
2023-08-31 00:00:00-04:00,12.552492141723633,188900,Volkswagen,VWAGY
2023-09-01 00:00:00-04:00,11.853666305541992,1028700,Volkswagen,VWAGY
2023-09-05 00:00:00-04:00,11.84048080444336,440900,Volkswagen,VWAGY
2023-09-06 00:00:00-04:00,11.6383056640625,408500,Volkswagen,VWAGY
2023-09-07 00:00:00-04:00,11.295485496520996,594900,Volkswagen,VWAGY
2023-09-08 00:00:00-04:00,11.400968551635742,329400,Volkswagen,VWAGY
2023-09-11 00:00:00-04:00,11.480080604553223,362200,Volkswagen,VWAGY
2023-09-12 00:00:00-04:00,11.814109802246094,400800,Volkswagen,VWAGY
2023-09-13 00:00:00-04:00,11.717416763305664,238800,Volkswagen,VWAGY
2023-09-14 00:00:00-04:00,11.65588665008545,209100,Volkswagen,VWAGY
2023-09-15 00:00:00-04:00,11.6383056640625,174300,Volkswagen,VWAGY
2023-09-18 00:00:00-04:00,11.46689510345459,266200,Volkswagen,VWAGY
2023-09-19 00:00:00-04:00,11.858061790466309,452700,Volkswagen,VWAGY
2023-09-20 00:00:00-04:00,12.117374420166016,549500,Volkswagen,VWAGY
2023-09-21 00:00:00-04:00,12.042656898498535,189400,Volkswagen,VWAGY
2023-09-22 00:00:00-04:00,12.29317855834961,314100,Volkswagen,VWAGY
2023-09-25 00:00:00-04:00,12.0690279006958,198800,Volkswagen,VWAGY
2023-09-26 00:00:00-04:00,11.778948783874512,287500,Volkswagen,VWAGY
2023-09-27 00:00:00-04:00,11.352621078491211,975300,Volkswagen,VWAGY
2023-09-28 00:00:00-04:00,11.453709602355957,378600,Volkswagen,VWAGY
2023-09-29 00:00:00-04:00,11.515241622924805,257500,Volkswagen,VWAGY
2023-10-02 00:00:00-04:00,11.348226547241211,324100,Volkswagen,VWAGY
2023-10-03 00:00:00-04:00,11.154840469360352,453200,Volkswagen,VWAGY
2023-10-04 00:00:00-04:00,11.207582473754883,210700,Volkswagen,VWAGY
2023-10-05 00:00:00-04:00,11.093308448791504,260200,Volkswagen,VWAGY
2023-10-06 00:00:00-04:00,11.295485496520996,227000,Volkswagen,VWAGY
2023-10-09 00:00:00-04:00,11.154840469360352,339400,Volkswagen,VWAGY
2023-10-10 00:00:00-04:00,11.418547630310059,621000,Volkswagen,VWAGY
2023-10-11 00:00:00-04:00,11.6383056640625,274800,Volkswagen,VWAGY
2023-10-12 00:00:00-04:00,11.409757614135742,261700,Volkswagen,VWAGY
2023-10-13 00:00:00-04:00,11.146051406860352,359400,Volkswagen,VWAGY
2023-10-16 00:00:00-04:00,11.36580753326416,472400,Volkswagen,VWAGY
2023-10-17 00:00:00-04:00,11.317461013793945,662700,Volkswagen,VWAGY
2023-10-18 00:00:00-04:00,11.2163724899292,184000,Volkswagen,VWAGY
2023-10-19 00:00:00-04:00,10.91750431060791,391300,Volkswagen,VWAGY
2023-10-20 00:00:00-04:00,10.596659660339355,307600,Volkswagen,VWAGY
2023-10-23 00:00:00-04:00,10.601054191589355,285300,Volkswagen,VWAGY
2023-10-24 00:00:00-04:00,10.460410118103027,364700,Volkswagen,VWAGY
2023-10-25 00:00:00-04:00,10.205492973327637,472200,Volkswagen,VWAGY
2023-10-26 00:00:00-04:00,9.928600311279297,505300,Volkswagen,VWAGY
2023-10-27 00:00:00-04:00,9.818721771240234,836900,Volkswagen,VWAGY
2023-10-30 00:00:00-04:00,10.003316879272461,273600,Volkswagen,VWAGY
2023-10-31 00:00:00-04:00,10.108799934387207,427500,Volkswagen,VWAGY
2023-11-01 00:00:00-04:00,10.231863975524902,269000,Volkswagen,VWAGY
2023-11-02 00:00:00-04:00,10.697747230529785,446400,Volkswagen,VWAGY
2023-11-03 00:00:00-04:00,11.022987365722656,214300,Volkswagen,VWAGY
2023-11-06 00:00:00-05:00,10.970244407653809,285100,Volkswagen,VWAGY
2023-11-07 00:00:00-05:00,10.76367473602295,211800,Volkswagen,VWAGY
2023-11-08 00:00:00-05:00,10.838391304016113,184500,Volkswagen,VWAGY
2023-11-09 00:00:00-05:00,10.74169921875,203800,Volkswagen,VWAGY
2023-11-10 00:00:00-05:00,10.776859283447266,160900,Volkswagen,VWAGY
2023-11-13 00:00:00-05:00,10.899922370910645,416600,Volkswagen,VWAGY
2023-11-14 00:00:00-05:00,11.383387565612793,410300,Volkswagen,VWAGY
2023-11-15 00:00:00-05:00,11.691046714782715,218900,Volkswagen,VWAGY
2023-11-16 00:00:00-05:00,11.436129570007324,94400,Volkswagen,VWAGY
2023-11-17 00:00:00-05:00,11.537217140197754,356900,Volkswagen,VWAGY
2023-11-20 00:00:00-05:00,11.550403594970703,141200,Volkswagen,VWAGY
2023-11-21 00:00:00-05:00,11.203186988830566,301300,Volkswagen,VWAGY
2023-11-22 00:00:00-05:00,11.1724214553833,276100,Volkswagen,VWAGY
2023-11-24 00:00:00-05:00,11.383387565612793,174300,Volkswagen,VWAGY
2023-11-27 00:00:00-05:00,11.330646514892578,168200,Volkswagen,VWAGY
2023-11-28 00:00:00-05:00,11.339436531066895,215600,Volkswagen,VWAGY
2023-11-29 00:00:00-05:00,11.444920539855957,265400,Volkswagen,VWAGY
2023-11-30 00:00:00-05:00,11.330646514892578,312200,Volkswagen,VWAGY
2023-12-01 00:00:00-05:00,11.313065528869629,201800,Volkswagen,VWAGY
2023-12-04 00:00:00-05:00,11.277904510498047,631000,Volkswagen,VWAGY
2023-12-05 00:00:00-05:00,11.295485496520996,189100,Volkswagen,VWAGY
2023-12-06 00:00:00-05:00,11.651490211486816,372400,Volkswagen,VWAGY
2023-12-07 00:00:00-05:00,11.708626747131348,202700,Volkswagen,VWAGY
2023-12-08 00:00:00-05:00,11.752578735351562,150100,Volkswagen,VWAGY
2023-12-11 00:00:00-05:00,11.726207733154297,257900,Volkswagen,VWAGY
2023-12-12 00:00:00-05:00,11.774554252624512,451300,Volkswagen,VWAGY
2023-12-13 00:00:00-05:00,11.858061790466309,491000,Volkswagen,VWAGY
2023-12-14 00:00:00-05:00,11.981125831604004,653800,Volkswagen,VWAGY
2023-12-15 00:00:00-05:00,11.849271774291992,274800,Volkswagen,VWAGY
2023-12-18 00:00:00-05:00,11.691046714782715,484600,Volkswagen,VWAGY
2023-12-19 00:00:00-05:00,11.84048080444336,482600,Volkswagen,VWAGY
2023-12-20 00:00:00-05:00,11.652369499206543,380700,Volkswagen,VWAGY
2023-12-21 00:00:00-05:00,11.594353675842285,410000,Volkswagen,VWAGY
2023-12-22 00:00:00-05:00,11.524030685424805,317500,Volkswagen,VWAGY
2023-12-26 00:00:00-05:00,11.576773643493652,343900,Volkswagen,VWAGY
2023-12-27 00:00:00-05:00,11.594353675842285,463200,Volkswagen,VWAGY
2023-12-28 00:00:00-05:00,11.286694526672363,626000,Volkswagen,VWAGY
2023-12-29 00:00:00-05:00,11.409757614135742,563500,Volkswagen,VWAGY
2024-01-02 00:00:00-05:00,11.409757614135742,256000,Volkswagen,VWAGY
2024-01-03 00:00:00-05:00,11.022987365722656,404600,Volkswagen,VWAGY
2024-01-04 00:00:00-05:00,11.233953475952148,239400,Volkswagen,VWAGY
2024-01-05 00:00:00-05:00,11.462499618530273,260800,Volkswagen,VWAGY
2024-01-08 00:00:00-05:00,11.720054626464844,268200,Volkswagen,VWAGY
2024-01-09 00:00:00-05:00,11.726207733154297,249900,Volkswagen,VWAGY
2024-01-10 00:00:00-05:00,11.814109802246094,229400,Volkswagen,VWAGY
2024-01-11 00:00:00-05:00,11.858061790466309,462900,Volkswagen,VWAGY
2024-01-12 00:00:00-05:00,11.54161262512207,192900,Volkswagen,VWAGY
2024-01-16 00:00:00-05:00,11.348226547241211,418300,Volkswagen,VWAGY
2024-01-17 00:00:00-05:00,11.084518432617188,446100,Volkswagen,VWAGY
2024-01-18 00:00:00-05:00,11.207582473754883,506400,Volkswagen,VWAGY
2024-01-19 00:00:00-05:00,11.163631439208984,341800,Volkswagen,VWAGY
2024-01-22 00:00:00-05:00,11.207582473754883,327500,Volkswagen,VWAGY
2024-01-23 00:00:00-05:00,12.01628589630127,646600,Volkswagen,VWAGY
2024-01-24 00:00:00-05:00,12.139349937438965,253200,Volkswagen,VWAGY
2024-01-25 00:00:00-05:00,11.89322280883789,283400,Volkswagen,VWAGY
2024-01-26 00:00:00-05:00,12.121768951416016,175300,Volkswagen,VWAGY
2024-01-29 00:00:00-05:00,12.209671974182129,268200,Volkswagen,VWAGY
2024-01-30 00:00:00-05:00,12.183300971984863,376600,Volkswagen,VWAGY
2024-01-31 00:00:00-05:00,12.388993263244629,406600,Volkswagen,VWAGY
2024-02-01 00:00:00-05:00,12.513814926147461,346800,Volkswagen,VWAGY
2024-02-02 00:00:00-05:00,12.464590072631836,254100,Volkswagen,VWAGY
2024-02-05 00:00:00-05:00,12.376687049865723,170700,Volkswagen,VWAGY
2024-02-06 00:00:00-05:00,12.411848068237305,260200,Volkswagen,VWAGY
2024-02-07 00:00:00-05:00,12.425034523010254,207200,Volkswagen,VWAGY
2024-02-08 00:00:00-05:00,12.56128215789795,187400,Volkswagen,VWAGY
2024-02-09 00:00:00-05:00,12.701927185058594,315000,Volkswagen,VWAGY
2024-02-12 00:00:00-05:00,12.89091682434082,227300,Volkswagen,VWAGY
2024-02-13 00:00:00-05:00,12.587653160095215,179900,Volkswagen,VWAGY
2024-02-14 00:00:00-05:00,12.574468612670898,161600,Volkswagen,VWAGY
2024-02-15 00:00:00-05:00,12.824990272521973,213800,Volkswagen,VWAGY
2024-02-16 00:00:00-05:00,12.797740936279297,175500,Volkswagen,VWAGY
2024-02-20 00:00:00-05:00,12.675556182861328,434500,Volkswagen,VWAGY
2024-02-21 00:00:00-05:00,12.9656343460083,349600,Volkswagen,VWAGY
2024-02-22 00:00:00-05:00,13.264503479003906,393900,Volkswagen,VWAGY
2024-02-23 00:00:00-05:00,13.405147552490234,222500,Volkswagen,VWAGY
2024-02-26 00:00:00-05:00,13.396357536315918,162300,Volkswagen,VWAGY
2024-02-27 00:00:00-05:00,13.651274681091309,171000,Volkswagen,VWAGY
2024-02-28 00:00:00-05:00,13.747967720031738,241400,Volkswagen,VWAGY
2024-02-29 00:00:00-05:00,13.791918754577637,243500,Volkswagen,VWAGY
2024-03-01 00:00:00-05:00,13.273293495178223,285600,Volkswagen,VWAGY
2024-03-04 00:00:00-05:00,13.515026092529297,203900,Volkswagen,VWAGY
2024-03-05 00:00:00-05:00,13.16780948638916,213800,Volkswagen,VWAGY
2024-03-06 00:00:00-05:00,13.013980865478516,242400,Volkswagen,VWAGY
2024-03-07 00:00:00-05:00,12.91289234161377,219000,Volkswagen,VWAGY
2024-03-08 00:00:00-05:00,12.842570304870605,180800,Volkswagen,VWAGY
2024-03-11 00:00:00-04:00,12.91289234161377,169700,Volkswagen,VWAGY
2024-03-12 00:00:00-04:00,13.220552444458008,149300,Volkswagen,VWAGY
2024-03-13 00:00:00-04:00,12.763458251953125,441500,Volkswagen,VWAGY
2024-03-14 00:00:00-04:00,12.464590072631836,446100,Volkswagen,VWAGY
2024-03-15 00:00:00-04:00,12.622814178466797,287400,Volkswagen,VWAGY
2024-03-18 00:00:00-04:00,12.943659782409668,193000,Volkswagen,VWAGY
2024-03-19 00:00:00-04:00,13.115069389343262,222100,Volkswagen,VWAGY
2024-03-20 00:00:00-04:00,13.229342460632324,150700,Volkswagen,VWAGY
2024-03-21 00:00:00-04:00,13.053537368774414,180700,Volkswagen,VWAGY
2024-03-22 00:00:00-04:00,13.035956382751465,103500,Volkswagen,VWAGY
2024-03-25 00:00:00-04:00,13.220552444458008,144400,Volkswagen,VWAGY
2024-03-26 00:00:00-04:00,13.311970710754395,200200,Volkswagen,VWAGY
2024-03-27 00:00:00-04:00,13.36119556427002,124600,Volkswagen,VWAGY
2024-03-28 00:00:00-04:00,13.405147552490234,108100,Volkswagen,VWAGY
2024-04-01 00:00:00-04:00,13.36119556427002,155400,Volkswagen,VWAGY
2024-04-02 00:00:00-04:00,13.563372611999512,153200,Volkswagen,VWAGY
2024-04-03 00:00:00-04:00,13.976513862609863,219200,Volkswagen,VWAGY
2024-04-04 00:00:00-04:00,14.178689956665039,263300,Volkswagen,VWAGY
2024-04-05 00:00:00-04:00,14.090787887573242,144900,Volkswagen,VWAGY
2024-04-08 00:00:00-04:00,14.108366966247559,114900,Volkswagen,VWAGY
2024-04-09 00:00:00-04:00,14.046835899353027,393300,Volkswagen,VWAGY
2024-04-10 00:00:00-04:00,13.818290710449219,116400,Volkswagen,VWAGY
2024-04-11 00:00:00-04:00,13.816532135009766,123000,Volkswagen,VWAGY
2024-04-12 00:00:00-04:00,13.519421577453613,123200,Volkswagen,VWAGY
2024-04-15 00:00:00-04:00,13.440308570861816,121700,Volkswagen,VWAGY
2024-04-16 00:00:00-04:00,13.185391426086426,127300,Volkswagen,VWAGY
2024-04-17 00:00:00-04:00,13.185391426086426,122100,Volkswagen,VWAGY
2024-04-18 00:00:00-04:00,13.211761474609375,432100,Volkswagen,VWAGY
2024-04-19 00:00:00-04:00,13.16780948638916,146000,Volkswagen,VWAGY
2024-04-22 00:00:00-04:00,13.106278419494629,372000,Volkswagen,VWAGY
2024-04-23 00:00:00-04:00,13.194182395935059,135900,Volkswagen,VWAGY
2024-04-24 00:00:00-04:00,13.044747352600098,256600,Volkswagen,VWAGY
2024-04-25 00:00:00-04:00,12.899707794189453,256800,Volkswagen,VWAGY
2024-04-26 00:00:00-04:00,13.062326431274414,90200,Volkswagen,VWAGY
2024-04-29 00:00:00-04:00,13.150230407714844,106700,Volkswagen,VWAGY
2024-04-30 00:00:00-04:00,12.499751091003418,469000,Volkswagen,VWAGY
2024-05-01 00:00:00-04:00,12.482170104980469,130600,Volkswagen,VWAGY
2024-05-02 00:00:00-04:00,12.447009086608887,392300,Volkswagen,VWAGY
2024-05-03 00:00:00-04:00,12.552492141723633,278300,Volkswagen,VWAGY
2024-05-06 00:00:00-04:00,12.745878219604492,130500,Volkswagen,VWAGY
2024-05-07 00:00:00-04:00,12.772249221801758,144400,Volkswagen,VWAGY
2024-05-08 00:00:00-04:00,12.631604194641113,120400,Volkswagen,VWAGY
2024-05-09 00:00:00-04:00,12.789830207824707,122100,Volkswagen,VWAGY
2024-05-10 00:00:00-04:00,12.719507217407227,139700,Volkswagen,VWAGY
2024-05-13 00:00:00-04:00,13.071117401123047,174600,Volkswagen,VWAGY
2024-05-14 00:00:00-04:00,13.523816108703613,253100,Volkswagen,VWAGY
2024-05-15 00:00:00-04:00,13.459647178649902,151800,Volkswagen,VWAGY
2024-05-16 00:00:00-04:00,13.260108947753906,153900,Volkswagen,VWAGY
2024-05-17 00:00:00-04:00,13.372623443603516,97200,Volkswagen,VWAGY
2024-05-20 00:00:00-04:00,13.141439437866211,178000,Volkswagen,VWAGY
2024-05-21 00:00:00-04:00,13.185391426086426,82000,Volkswagen,VWAGY
2024-05-22 00:00:00-04:00,13.044747352600098,231600,Volkswagen,VWAGY
2024-05-23 00:00:00-04:00,12.974424362182617,113500,Volkswagen,VWAGY
2024-05-24 00:00:00-04:00,13.255712509155273,164100,Volkswagen,VWAGY
2024-05-28 00:00:00-04:00,13.440308570861816,163400,Volkswagen,VWAGY
2024-05-29 00:00:00-04:00,13.220552444458008,116500,Volkswagen,VWAGY
2024-05-30 00:00:00-04:00,13.097488403320312,178100,Volkswagen,VWAGY
2024-05-31 00:00:00-04:00,13.373798370361328,208900,Volkswagen,VWAGY
2024-06-03 00:00:00-04:00,13.298611640930176,157200,Volkswagen,VWAGY
2024-06-04 00:00:00-04:00,13.138840675354004,267000,Volkswagen,VWAGY
2024-06-05 00:00:00-04:00,13.0448579788208,444100,Volkswagen,VWAGY
2024-06-06 00:00:00-04:00,12.79110336303711,237700,Volkswagen,VWAGY
2024-06-07 00:00:00-04:00,12.574942588806152,189300,Volkswagen,VWAGY
2024-06-10 00:00:00-04:00,12.408592224121094,273600,Volkswagen,VWAGY
2024-06-11 00:00:00-04:00,12.142620086669922,273600,Volkswagen,VWAGY
2024-06-12 00:00:00-04:00,12.114425659179688,243900,Volkswagen,VWAGY
2024-06-13 00:00:00-04:00,11.582480430603027,520500,Volkswagen,VWAGY
2024-06-14 00:00:00-04:00,11.287373542785645,562500,Volkswagen,VWAGY
2024-06-17 00:00:00-04:00,11.418949127197266,701300,Volkswagen,VWAGY
2024-06-18 00:00:00-04:00,11.400153160095215,434300,Volkswagen,VWAGY
2024-06-20 00:00:00-04:00,11.37195873260498,336400,Volkswagen,VWAGY
2024-06-21 00:00:00-04:00,11.268576622009277,263700,Volkswagen,VWAGY
2024-06-24 00:00:00-04:00,11.409551620483398,405400,Volkswagen,VWAGY
2024-06-25 00:00:00-04:00,11.465941429138184,213000,Volkswagen,VWAGY
2024-06-26 00:00:00-04:00,11.296772003173828,451800,Volkswagen,VWAGY
2024-06-27 00:00:00-04:00,11.249780654907227,335500,Volkswagen,VWAGY
2024-06-28 00:00:00-04:00,11.202788352966309,295800,Volkswagen,VWAGY
2024-07-01 00:00:00-04:00,11.292073249816895,362100,Volkswagen,VWAGY
2024-07-02 00:00:00-04:00,11.202788352966309,332500,Volkswagen,VWAGY
2024-07-03 00:00:00-04:00,11.409551620483398,164200,Volkswagen,VWAGY
2024-07-05 00:00:00-04:00,11.390754699707031,423700,Volkswagen,VWAGY
2024-07-08 00:00:00-04:00,11.381356239318848,338200,Volkswagen,VWAGY
2024-07-09 00:00:00-04:00,11.23098373413086,460300,Volkswagen,VWAGY
2024-07-10 00:00:00-04:00,11.550525665283203,370200,Volkswagen,VWAGY
2024-07-11 00:00:00-04:00,11.569323539733887,328700,Volkswagen,VWAGY
2024-07-12 00:00:00-04:00,11.794882774353027,345700,Volkswagen,VWAGY
2024-07-15 00:00:00-04:00,11.672704696655273,298800,Volkswagen,VWAGY
2024-07-16 00:00:00-04:00,11.569323539733887,339400,Volkswagen,VWAGY
2024-07-17 00:00:00-04:00,11.569323539733887,206400,Volkswagen,VWAGY
2024-07-18 00:00:00-04:00,11.550525665283203,225800,Volkswagen,VWAGY
2024-07-19 00:00:00-04:00,11.306169509887695,216200,Volkswagen,VWAGY
2024-07-22 00:00:00-04:00,11.47346019744873,206500,Volkswagen,VWAGY
2024-07-23 00:00:00-04:00,11.240382194519043,317900,Volkswagen,VWAGY
2024-07-24 00:00:00-04:00,11.108804702758789,321200,Volkswagen,VWAGY
2024-07-25 00:00:00-04:00,11.16989517211914,382500,Volkswagen,VWAGY
2024-07-26 00:00:00-04:00,11.221585273742676,334100,Volkswagen,VWAGY
2024-07-29 00:00:00-04:00,11.108804702758789,258900,Volkswagen,VWAGY
2024-07-30 00:00:00-04:00,11.137001037597656,211500,Volkswagen,VWAGY
2024-07-31 00:00:00-04:00,11.099407196044922,299900,Volkswagen,VWAGY
2024-08-01 00:00:00-04:00,10.648287773132324,538100,Volkswagen,VWAGY
2024-08-02 00:00:00-04:00,10.601296424865723,499100,Volkswagen,VWAGY
2024-08-05 00:00:00-04:00,10.371977806091309,457000,Volkswagen,VWAGY
2024-08-06 00:00:00-04:00,10.309948921203613,539000,Volkswagen,VWAGY
2024-08-07 00:00:00-04:00,10.385135650634766,451200,Volkswagen,VWAGY
2024-08-08 00:00:00-04:00,10.450923919677734,387700,Volkswagen,VWAGY
2024-08-09 00:00:00-04:00,10.356941223144531,420700,Volkswagen,VWAGY
2024-08-12 00:00:00-04:00,10.257317543029785,373100,Volkswagen,VWAGY
2024-08-13 00:00:00-04:00,10.253559112548828,345200,Volkswagen,VWAGY
2024-08-14 00:00:00-04:00,10.159576416015625,266800,Volkswagen,VWAGY
2024-08-15 00:00:00-04:00,10.356941223144531,383100,Volkswagen,VWAGY
2024-08-16 00:00:00-04:00,10.479118347167969,231600,Volkswagen,VWAGY
2024-08-19 00:00:00-04:00,10.761067390441895,381500,Volkswagen,VWAGY
2024-08-20 00:00:00-04:00,10.73287296295166,158000,Volkswagen,VWAGY
2024-08-21 00:00:00-04:00,11.014822959899902,159700,Volkswagen,VWAGY
2024-08-22 00:00:00-04:00,10.798661231994629,235900,Volkswagen,VWAGY
2024-08-23 00:00:00-04:00,11.090008735656738,317300,Volkswagen,VWAGY
2024-08-26 00:00:00-04:00,11.010123252868652,229200,Volkswagen,VWAGY
2024-08-27 00:00:00-04:00,10.949033737182617,444400,Volkswagen,VWAGY
2024-08-28 00:00:00-04:00,10.73287296295166,209200,Volkswagen,VWAGY
2024-08-29 00:00:00-04:00,10.667084693908691,228700,Volkswagen,VWAGY
2024-08-30 00:00:00-04:00,10.573101997375488,467600,Volkswagen,VWAGY
2024-09-03 00:00:00-04:00,10.535508155822754,339100,Volkswagen,VWAGY
2024-09-04 00:00:00-04:00,10.432126998901367,481900,Volkswagen,VWAGY
2024-09-05 00:00:00-04:00,10.52610969543457,245400,Volkswagen,VWAGY
2024-09-06 00:00:00-04:00,9.98100757598877,652200,Volkswagen,VWAGY
2024-09-09 00:00:00-04:00,10.00920295715332,469800,Volkswagen,VWAGY
2024-09-10 00:00:00-04:00,9.689661026000977,897000,Volkswagen,VWAGY
2024-09-11 00:00:00-04:00,9.821236610412598,430700,Volkswagen,VWAGY
2024-09-12 00:00:00-04:00,9.962211608886719,712800,Volkswagen,VWAGY
2024-09-13 00:00:00-04:00,10.234763145446777,488000,Volkswagen,VWAGY
2024-09-16 00:00:00-04:00,10.178372383117676,307500,Volkswagen,VWAGY
2024-09-17 00:00:00-04:00,10.215965270996094,234100,Volkswagen,VWAGY
2024-09-18 00:00:00-04:00,10.272356033325195,167600,Volkswagen,VWAGY
2024-09-19 00:00:00-04:00,10.272356033325195,395500,Volkswagen,VWAGY
2024-09-20 00:00:00-04:00,10.046795845031738,323700,Volkswagen,VWAGY
2024-09-23 00:00:00-04:00,10.20656681060791,247100,Volkswagen,VWAGY
2024-09-24 00:00:00-04:00,10.450923919677734,330300,Volkswagen,VWAGY
2024-09-25 00:00:00-04:00,10.291152000427246,241500,Volkswagen,VWAGY
2024-09-26 00:00:00-04:00,10.63888931274414,294600,Volkswagen,VWAGY
2024-09-27 00:00:00-04:00,10.751668930053711,276500,Volkswagen,VWAGY
2024-09-30 00:00:00-04:00,10.422728538513184,633600,Volkswagen,VWAGY
2024-10-01 00:00:00-04:00,10.178372383117676,230500,Volkswagen,VWAGY
2024-10-02 00:00:00-04:00,10.074991226196289,216100,Volkswagen,VWAGY
2024-10-03 00:00:00-04:00,9.915220260620117,168900,Volkswagen,VWAGY
2024-10-04 00:00:00-04:00,10.131381034851074,275900,Volkswagen,VWAGY
2024-10-07 00:00:00-04:00,10.074991226196289,395100,Volkswagen,VWAGY
2024-10-08 00:00:00-04:00,10.00920295715332,254700,Volkswagen,VWAGY
2024-10-09 00:00:00-04:00,10.037398338317871,152200,Volkswagen,VWAGY
2024-10-10 00:00:00-04:00,9.990406036376953,429300,Volkswagen,VWAGY
2024-10-11 00:00:00-04:00,9.905821800231934,305400,Volkswagen,VWAGY
2024-10-14 00:00:00-04:00,9.821236610412598,362200,Volkswagen,VWAGY
2024-10-15 00:00:00-04:00,9.746049880981445,268700,Volkswagen,VWAGY
2024-10-16 00:00:00-04:00,9.652067184448242,632000,Volkswagen,VWAGY
2024-10-17 00:00:00-04:00,9.567482948303223,428000,Volkswagen,VWAGY
2024-10-18 00:00:00-04:00,9.727253913879395,363100,Volkswagen,VWAGY
2024-10-21 00:00:00-04:00,9.586278915405273,382800,Volkswagen,VWAGY
2024-10-22 00:00:00-04:00,9.689661026000977,341100,Volkswagen,VWAGY
2024-10-23 00:00:00-04:00,9.60507583618164,363800,Volkswagen,VWAGY
2024-10-24 00:00:00-04:00,9.854130744934082,277100,Volkswagen,VWAGY
2024-10-25 00:00:00-04:00,9.793042182922363,260100,Volkswagen,VWAGY
2024-10-28 00:00:00-04:00,9.689661026000977,402500,Volkswagen,VWAGY
2024-10-29 00:00:00-04:00,9.294931411743164,986400,Volkswagen,VWAGY
2024-10-30 00:00:00-04:00,9.539286613464355,398600,Volkswagen,VWAGY
2024-10-31 00:00:00-04:00,9.304328918457031,361700,Volkswagen,VWAGY
2024-11-01 00:00:00-04:00,9.219744682312012,252900,Volkswagen,VWAGY
2024-11-04 00:00:00-05:00,9.266736030578613,259500,Volkswagen,VWAGY
2024-11-05 00:00:00-05:00,9.257338523864746,276800,Volkswagen,VWAGY
2024-11-06 00:00:00-05:00,8.73667049407959,664400,Volkswagen,VWAGY
2024-11-07 00:00:00-05:00,9.07876968383789,579800,Volkswagen,VWAGY
2024-11-08 00:00:00-05:00,8.76298713684082,446400,Volkswagen,VWAGY
2024-11-11 00:00:00-05:00,8.75922679901123,359400,Volkswagen,VWAGY
2024-11-12 00:00:00-05:00,8.608854293823242,467600,Volkswagen,VWAGY
2024-11-13 00:00:00-05:00,8.402091026306152,728100,Volkswagen,VWAGY
2024-11-14 00:00:00-05:00,8.486676216125488,555000,Volkswagen,VWAGY
2024-11-15 00:00:00-05:00,8.580659866333008,372100,Volkswagen,VWAGY
2024-11-18 00:00:00-05:00,8.571261405944824,746300,Volkswagen,VWAGY
2024-11-19 00:00:00-05:00,8.477278709411621,657700,Volkswagen,VWAGY
2024-11-20 00:00:00-05:00,8.345701217651367,585400,Volkswagen,VWAGY
2024-11-21 00:00:00-05:00,8.21412467956543,566100,Volkswagen,VWAGY
2024-11-22 00:00:00-05:00,8.251718521118164,695300,Volkswagen,VWAGY
2024-11-25 00:00:00-05:00,8.336302757263184,608100,Volkswagen,VWAGY
2024-11-26 00:00:00-05:00,8.10134506225586,669900,Volkswagen,VWAGY
2024-11-27 00:00:00-05:00,8.148337364196777,526000,Volkswagen,VWAGY
2024-11-29 00:00:00-05:00,8.227282524108887,189600,Volkswagen,VWAGY
2024-12-02 00:00:00-05:00,8.12954044342041,639700,Volkswagen,VWAGY
2024-12-03 00:00:00-05:00,8.176531791687012,766600,Volkswagen,VWAGY
2024-12-04 00:00:00-05:00,8.333483695983887,813200,Volkswagen,VWAGY
2024-12-05 00:00:00-05:00,8.383295059204102,561700,Volkswagen,VWAGY
2024-12-06 00:00:00-05:00,8.486676216125488,488800,Volkswagen,VWAGY
2024-12-09 00:00:00-05:00,8.580659866333008,707600,Volkswagen,VWAGY
2024-12-10 00:00:00-05:00,8.693439483642578,531700,Volkswagen,VWAGY
2024-12-11 00:00:00-05:00,8.74513053894043,449100,Volkswagen,VWAGY
2024-12-12 00:00:00-05:00,8.768625259399414,296000,Volkswagen,VWAGY
2024-12-13 00:00:00-05:00,8.843811988830566,551700,Volkswagen,VWAGY
2024-12-16 00:00:00-05:00,8.721633911132812,622200,Volkswagen,VWAGY
2024-12-17 00:00:00-05:00,8.75922679901123,469800,Volkswagen,VWAGY
2024-12-18 00:00:00-05:00,8.665244102478027,466000,Volkswagen,VWAGY
2024-12-19 00:00:00-05:00,8.599455833435059,489000,Volkswagen,VWAGY
2024-12-20 00:00:00-05:00,8.843811988830566,465200,Volkswagen,VWAGY
2024-12-23 00:00:00-05:00,8.731032371520996,415900,Volkswagen,VWAGY
2024-12-24 00:00:00-05:00,8.749829292297363,171700,Volkswagen,VWAGY
2024-12-26 00:00:00-05:00,8.731032371520996,436200,Volkswagen,VWAGY
2024-12-27 00:00:00-05:00,8.862608909606934,427300,Volkswagen,VWAGY
2024-12-30 00:00:00-05:00,8.796820640563965,759600,Volkswagen,VWAGY
2018-01-02 00:00:00-05:00,2.8452908992767334,322800,BYD,BYDDY
2018-01-03 00:00:00-05:00,2.9396536350250244,138600,BYD,BYDDY
2018-01-04 00:00:00-05:00,2.9028682708740234,179400,BYD,BYDDY
2018-01-05 00:00:00-05:00,2.8724796772003174,202200,BYD,BYDDY
2018-01-08 00:00:00-05:00,2.8708810806274414,404400,BYD,BYDDY
2018-01-09 00:00:00-05:00,2.8676817417144775,219600,BYD,BYDDY
2018-01-10 00:00:00-05:00,2.8101043701171875,658800,BYD,BYDDY
2018-01-11 00:00:00-05:00,2.8213002681732178,141000,BYD,BYDDY
2018-01-12 00:00:00-05:00,2.9188625812530518,559200,BYD,BYDDY
2018-01-16 00:00:00-05:00,2.824498414993286,364200,BYD,BYDDY
2018-01-17 00:00:00-05:00,2.9124646186828613,698400,BYD,BYDDY
2018-01-18 00:00:00-05:00,2.8612849712371826,205800,BYD,BYDDY
2018-01-19 00:00:00-05:00,2.8836758136749268,193200,BYD,BYDDY
2018-01-22 00:00:00-05:00,3.088395833969116,941400,BYD,BYDDY
2018-01-23 00:00:00-05:00,3.145972967147827,392400,BYD,BYDDY
2018-01-24 00:00:00-05:00,3.101191282272339,855600,BYD,BYDDY
2018-01-25 00:00:00-05:00,3.0548088550567627,669600,BYD,BYDDY
2018-01-26 00:00:00-05:00,3.0772006511688232,302400,BYD,BYDDY
2018-01-29 00:00:00-05:00,2.9908342361450195,594600,BYD,BYDDY
2018-01-30 00:00:00-05:00,2.973240375518799,770400,BYD,BYDDY
2018-01-31 00:00:00-05:00,3.019623279571533,366000,BYD,BYDDY
2018-02-01 00:00:00-05:00,2.9428532123565674,195000,BYD,BYDDY
2018-02-02 00:00:00-05:00,2.8916726112365723,390000,BYD,BYDDY
2018-02-05 00:00:00-05:00,2.81170392036438,643200,BYD,BYDDY
2018-02-06 00:00:00-05:00,2.8564867973327637,1078800,BYD,BYDDY
2018-02-07 00:00:00-05:00,2.787713050842285,427200,BYD,BYDDY
2018-02-08 00:00:00-05:00,2.7013466358184814,250800,BYD,BYDDY
2018-02-09 00:00:00-05:00,2.686952590942383,715800,BYD,BYDDY
2018-02-12 00:00:00-05:00,2.843690872192383,935400,BYD,BYDDY
2018-02-13 00:00:00-05:00,2.824498414993286,626400,BYD,BYDDY
2018-02-14 00:00:00-05:00,2.947650909423828,621600,BYD,BYDDY
2018-02-15 00:00:00-05:00,2.9876348972320557,315000,BYD,BYDDY
2018-02-16 00:00:00-05:00,3.0100271701812744,179400,BYD,BYDDY
2018-02-20 00:00:00-05:00,2.9652440547943115,250800,BYD,BYDDY
2018-02-21 00:00:00-05:00,3.008427143096924,739800,BYD,BYDDY
2018-02-22 00:00:00-05:00,2.994032859802246,471600,BYD,BYDDY
2018-02-23 00:00:00-05:00,2.9972312450408936,130800,BYD,BYDDY
2018-02-26 00:00:00-05:00,3.046812057495117,475200,BYD,BYDDY
2018-02-27 00:00:00-05:00,2.9556477069854736,415800,BYD,BYDDY
2018-02-28 00:00:00-05:00,2.888474225997925,544200,BYD,BYDDY
2018-03-01 00:00:00-05:00,2.8564867973327637,537000,BYD,BYDDY
2018-03-02 00:00:00-05:00,2.8500890731811523,388800,BYD,BYDDY
2018-03-05 00:00:00-05:00,2.9540481567382812,168000,BYD,BYDDY
2018-03-06 00:00:00-05:00,3.0580081939697266,300600,BYD,BYDDY
2018-03-07 00:00:00-05:00,3.035616397857666,522600,BYD,BYDDY
2018-03-08 00:00:00-05:00,3.0276200771331787,138600,BYD,BYDDY
2018-03-09 00:00:00-05:00,3.046812057495117,384000,BYD,BYDDY
2018-03-12 00:00:00-04:00,3.0867972373962402,183000,BYD,BYDDY
2018-03-13 00:00:00-04:00,3.046812057495117,246600,BYD,BYDDY
2018-03-14 00:00:00-04:00,3.070802927017212,88800,BYD,BYDDY
2018-03-15 00:00:00-04:00,3.051610231399536,115200,BYD,BYDDY
2018-03-16 00:00:00-04:00,3.026020050048828,177600,BYD,BYDDY
2018-03-19 00:00:00-04:00,2.9812381267547607,202200,BYD,BYDDY
2018-03-20 00:00:00-04:00,2.9796385765075684,99600,BYD,BYDDY
2018-03-21 00:00:00-04:00,3.0100271701812744,183000,BYD,BYDDY
2018-03-22 00:00:00-04:00,2.906066656112671,313800,BYD,BYDDY
2018-03-23 00:00:00-04:00,2.7893130779266357,265200,BYD,BYDDY
2018-03-26 00:00:00-04:00,2.8772776126861572,166200,BYD,BYDDY
2018-03-27 00:00:00-04:00,2.758924722671509,436200,BYD,BYDDY
2018-03-28 00:00:00-04:00,2.547806978225708,1394400,BYD,BYDDY
2018-03-29 00:00:00-04:00,2.557403087615967,1044600,BYD,BYDDY
2018-04-02 00:00:00-04:00,2.4646389484405518,499800,BYD,BYDDY
2018-04-03 00:00:00-04:00,2.4662387371063232,214200,BYD,BYDDY
2018-04-04 00:00:00-04:00,2.440648317337036,1078800,BYD,BYDDY
2018-04-05 00:00:00-04:00,2.512620210647583,792000,BYD,BYDDY
2018-04-06 00:00:00-04:00,2.4726362228393555,256200,BYD,BYDDY
2018-04-09 00:00:00-04:00,2.582993507385254,497400,BYD,BYDDY
2018-04-10 00:00:00-04:00,2.565399169921875,355800,BYD,BYDDY
2018-04-11 00:00:00-04:00,2.543008804321289,220800,BYD,BYDDY
2018-04-12 00:00:00-04:00,2.570197820663452,205800,BYD,BYDDY
2018-04-13 00:00:00-04:00,2.531812906265259,170400,BYD,BYDDY
2018-04-16 00:00:00-04:00,2.5270142555236816,123000,BYD,BYDDY
2018-04-17 00:00:00-04:00,2.5238161087036133,162600,BYD,BYDDY
2018-04-18 00:00:00-04:00,2.4150588512420654,295200,BYD,BYDDY
2018-04-19 00:00:00-04:00,2.434251546859741,127800,BYD,BYDDY
2018-04-20 00:00:00-04:00,2.376674175262451,216600,BYD,BYDDY
2018-04-23 00:00:00-04:00,2.3654778003692627,481200,BYD,BYDDY
2018-04-24 00:00:00-04:00,2.399064779281616,496800,BYD,BYDDY
2018-04-25 00:00:00-04:00,2.376674175262451,226200,BYD,BYDDY
2018-04-26 00:00:00-04:00,2.3974647521972656,155400,BYD,BYDDY
2018-04-27 00:00:00-04:00,2.3750743865966797,99000,BYD,BYDDY
2018-04-30 00:00:00-04:00,2.2391269207000732,495000,BYD,BYDDY
2018-05-01 00:00:00-04:00,2.2151360511779785,219600,BYD,BYDDY
2018-05-02 00:00:00-04:00,2.179950475692749,685200,BYD,BYDDY
2018-05-03 00:00:00-04:00,2.127171277999878,661800,BYD,BYDDY
2018-05-04 00:00:00-04:00,2.0743916034698486,366000,BYD,BYDDY
2018-05-07 00:00:00-04:00,2.0791897773742676,782400,BYD,BYDDY
2018-05-08 00:00:00-04:00,2.1303694248199463,354600,BYD,BYDDY
2018-05-09 00:00:00-04:00,2.128769874572754,322800,BYD,BYDDY
2018-05-10 00:00:00-04:00,2.1383657455444336,170400,BYD,BYDDY
2018-05-11 00:00:00-04:00,2.194345235824585,494400,BYD,BYDDY
2018-05-14 00:00:00-04:00,2.2151360511779785,621600,BYD,BYDDY
2018-05-15 00:00:00-04:00,2.1879470348358154,401400,BYD,BYDDY
2018-05-16 00:00:00-04:00,2.2151360511779785,416400,BYD,BYDDY
2018-05-17 00:00:00-04:00,2.149562120437622,430800,BYD,BYDDY
2018-05-18 00:00:00-04:00,2.1463637351989746,105600,BYD,BYDDY
2018-05-21 00:00:00-04:00,2.179950475692749,170400,BYD,BYDDY
2018-05-22 00:00:00-04:00,2.159158229827881,481200,BYD,BYDDY
2018-05-23 00:00:00-04:00,2.1975436210632324,351000,BYD,BYDDY
2018-05-24 00:00:00-04:00,2.128769874572754,469200,BYD,BYDDY
2018-05-25 00:00:00-04:00,2.1239712238311768,67800,BYD,BYDDY
2018-05-29 00:00:00-04:00,2.047201633453369,333600,BYD,BYDDY
2018-05-30 00:00:00-04:00,2.034406900405884,348600,BYD,BYDDY
2018-05-31 00:00:00-04:00,2.0679938793182373,316800,BYD,BYDDY
2018-06-01 00:00:00-04:00,2.061596393585205,210600,BYD,BYDDY
2018-06-04 00:00:00-04:00,2.10158109664917,339000,BYD,BYDDY
2018-06-05 00:00:00-04:00,2.1319692134857178,262200,BYD,BYDDY
2018-06-06 00:00:00-04:00,2.207139492034912,323400,BYD,BYDDY
2018-06-07 00:00:00-04:00,2.2279317378997803,647400,BYD,BYDDY
2018-06-08 00:00:00-04:00,2.2135372161865234,139200,BYD,BYDDY
2018-06-11 00:00:00-04:00,2.1991429328918457,129600,BYD,BYDDY
2018-06-12 00:00:00-04:00,2.1671550273895264,141600,BYD,BYDDY
2018-06-13 00:00:00-04:00,2.119173526763916,162600,BYD,BYDDY
2018-06-14 00:00:00-04:00,2.1303694248199463,243600,BYD,BYDDY
2018-06-15 00:00:00-04:00,2.0903849601745605,241800,BYD,BYDDY
2018-06-18 00:00:00-04:00,2.0791897773742676,364800,BYD,BYDDY
2018-06-19 00:00:00-04:00,2.036006450653076,234600,BYD,BYDDY
2018-06-20 00:00:00-04:00,1.9752297401428223,648600,BYD,BYDDY
2018-06-21 00:00:00-04:00,1.9615861177444458,464400,BYD,BYDDY
2018-06-22 00:00:00-04:00,1.9952956438064575,159600,BYD,BYDDY
2018-06-25 00:00:00-04:00,1.9166393280029297,466800,BYD,BYDDY
2018-06-26 00:00:00-04:00,1.9166393280029297,161400,BYD,BYDDY
2018-06-27 00:00:00-04:00,1.8732984066009521,630000,BYD,BYDDY
2018-06-28 00:00:00-04:00,1.8813241720199585,449400,BYD,BYDDY
2018-06-29 00:00:00-04:00,1.9952956438064575,475800,BYD,BYDDY
2018-07-02 00:00:00-04:00,1.956770420074463,659400,BYD,BYDDY
2018-07-03 00:00:00-04:00,1.9375073909759521,1417200,BYD,BYDDY
2018-07-05 00:00:00-04:00,1.9792431592941284,657600,BYD,BYDDY
2018-07-06 00:00:00-04:00,1.9680060148239136,228000,BYD,BYDDY
2018-07-09 00:00:00-04:00,1.9551647901535034,285600,BYD,BYDDY
2018-07-10 00:00:00-04:00,1.9503493309020996,218400,BYD,BYDDY
2018-07-11 00:00:00-04:00,1.9359019994735718,197400,BYD,BYDDY
2018-07-12 00:00:00-04:00,1.9631903171539307,204600,BYD,BYDDY
2018-07-13 00:00:00-04:00,1.9647959470748901,117000,BYD,BYDDY
2018-07-16 00:00:00-04:00,1.8604568243026733,977400,BYD,BYDDY
2018-07-17 00:00:00-04:00,1.8139046430587769,1926600,BYD,BYDDY
2018-07-18 00:00:00-04:00,1.8058786392211914,718200,BYD,BYDDY
2018-07-19 00:00:00-04:00,1.785010576248169,390600,BYD,BYDDY
2018-07-20 00:00:00-04:00,1.801063060760498,213000,BYD,BYDDY
2018-07-23 00:00:00-04:00,1.7737746238708496,352800,BYD,BYDDY
2018-07-24 00:00:00-04:00,1.8299572467803955,1220400,BYD,BYDDY
2018-07-25 00:00:00-04:00,1.8524301052093506,349800,BYD,BYDDY
2018-07-26 00:00:00-04:00,1.826746940612793,373200,BYD,BYDDY
2018-07-27 00:00:00-04:00,1.8347728252410889,268200,BYD,BYDDY
2018-07-30 00:00:00-04:00,1.7866160869598389,745800,BYD,BYDDY
2018-07-31 00:00:00-04:00,1.8283517360687256,259200,BYD,BYDDY
2018-08-01 00:00:00-04:00,1.82193124294281,413400,BYD,BYDDY
2018-08-02 00:00:00-04:00,1.7801951169967651,681000,BYD,BYDDY
2018-08-03 00:00:00-04:00,1.7143810987472534,742800,BYD,BYDDY
2018-08-06 00:00:00-04:00,1.6646184921264648,560400,BYD,BYDDY
2018-08-07 00:00:00-04:00,1.7159863710403442,508200,BYD,BYDDY
2018-08-08 00:00:00-04:00,1.7063549757003784,429600,BYD,BYDDY
2018-08-09 00:00:00-04:00,1.7785903215408325,663600,BYD,BYDDY
2018-08-10 00:00:00-04:00,1.826746940612793,241200,BYD,BYDDY
2018-08-13 00:00:00-04:00,1.826746940612793,304800,BYD,BYDDY
2018-08-14 00:00:00-04:00,1.8251415491104126,327000,BYD,BYDDY
2018-08-15 00:00:00-04:00,1.7111709117889404,591600,BYD,BYDDY
2018-08-16 00:00:00-04:00,1.7480907440185547,309600,BYD,BYDDY
2018-08-17 00:00:00-04:00,1.7962473630905151,985800,BYD,BYDDY
2018-08-20 00:00:00-04:00,1.8957711458206177,507600,BYD,BYDDY
2018-08-21 00:00:00-04:00,1.9856643676757812,1230000,BYD,BYDDY
2018-08-22 00:00:00-04:00,2.0225841999053955,264600,BYD,BYDDY
2018-08-23 00:00:00-04:00,1.9407175779342651,96000,BYD,BYDDY
2018-08-24 00:00:00-04:00,1.9487433433532715,127800,BYD,BYDDY
2018-08-27 00:00:00-04:00,2.0322153568267822,424200,BYD,BYDDY
2018-08-28 00:00:00-04:00,2.0354256629943848,187800,BYD,BYDDY
2018-08-29 00:00:00-04:00,1.9615861177444458,437400,BYD,BYDDY
2018-08-30 00:00:00-04:00,1.9326916933059692,414600,BYD,BYDDY
2018-08-31 00:00:00-04:00,1.8925607204437256,447000,BYD,BYDDY
2018-09-04 00:00:00-04:00,1.9118235111236572,135600,BYD,BYDDY
2018-09-05 00:00:00-04:00,1.8604568243026733,264600,BYD,BYDDY
2018-09-06 00:00:00-04:00,1.8492199182510376,420600,BYD,BYDDY
2018-09-07 00:00:00-04:00,1.8379828929901123,428400,BYD,BYDDY
2018-09-10 00:00:00-04:00,1.8187201023101807,360600,BYD,BYDDY
2018-09-11 00:00:00-04:00,1.7914317846298218,394200,BYD,BYDDY
2018-09-12 00:00:00-04:00,1.8122999668121338,241200,BYD,BYDDY
2018-09-13 00:00:00-04:00,1.8732984066009521,247800,BYD,BYDDY
2018-09-14 00:00:00-04:00,2.001715660095215,303000,BYD,BYDDY
2018-09-17 00:00:00-04:00,1.9792431592941284,369000,BYD,BYDDY
2018-09-18 00:00:00-04:00,1.971217393875122,1090800,BYD,BYDDY
2018-09-19 00:00:00-04:00,2.1317391395568848,460800,BYD,BYDDY
2018-09-20 00:00:00-04:00,2.125319242477417,602400,BYD,BYDDY
2018-09-21 00:00:00-04:00,2.2264482975006104,399600,BYD,BYDDY
2018-09-24 00:00:00-04:00,2.236079454421997,235800,BYD,BYDDY
2018-09-25 00:00:00-04:00,2.2521307468414307,487200,BYD,BYDDY
2018-09-26 00:00:00-04:00,2.2890520095825195,865800,BYD,BYDDY
2018-09-27 00:00:00-04:00,2.2473154067993164,382200,BYD,BYDDY
2018-09-28 00:00:00-04:00,2.282630443572998,502200,BYD,BYDDY
2018-10-01 00:00:00-04:00,2.301893949508667,210600,BYD,BYDDY
2018-10-02 00:00:00-04:00,2.187922477722168,280200,BYD,BYDDY
2018-10-03 00:00:00-04:00,2.1927387714385986,207000,BYD,BYDDY
2018-10-04 00:00:00-04:00,2.0900039672851562,352800,BYD,BYDDY
2018-10-05 00:00:00-04:00,2.114082098007202,180000,BYD,BYDDY
2018-10-08 00:00:00-04:00,2.0787668228149414,433800,BYD,BYDDY
2018-10-09 00:00:00-04:00,2.075556993484497,384000,BYD,BYDDY
2018-10-10 00:00:00-04:00,2.019374370574951,467400,BYD,BYDDY
2018-10-11 00:00:00-04:00,1.9487433433532715,270600,BYD,BYDDY
2018-10-12 00:00:00-04:00,2.0546884536743164,213600,BYD,BYDDY
2018-10-15 00:00:00-04:00,2.0578994750976562,249600,BYD,BYDDY
2018-10-16 00:00:00-04:00,2.0948197841644287,142200,BYD,BYDDY
2018-10-17 00:00:00-04:00,2.1092662811279297,213600,BYD,BYDDY
2018-10-18 00:00:00-04:00,1.9840587377548218,384600,BYD,BYDDY
2018-10-19 00:00:00-04:00,1.9856643676757812,198000,BYD,BYDDY
2018-10-22 00:00:00-04:00,2.1349501609802246,741600,BYD,BYDDY
2018-10-23 00:00:00-04:00,2.098029613494873,759600,BYD,BYDDY
2018-10-24 00:00:00-04:00,2.099634885787964,285000,BYD,BYDDY
2018-10-25 00:00:00-04:00,2.1654491424560547,490200,BYD,BYDDY
2018-10-26 00:00:00-04:00,2.0835824012756348,257400,BYD,BYDDY
2018-10-29 00:00:00-04:00,2.051478385925293,324000,BYD,BYDDY
2018-10-30 00:00:00-04:00,1.980849027633667,521400,BYD,BYDDY
2018-10-31 00:00:00-04:00,2.0595040321350098,279600,BYD,BYDDY
2018-11-01 00:00:00-04:00,2.0466625690460205,279600,BYD,BYDDY
2018-11-02 00:00:00-04:00,2.0948197841644287,243000,BYD,BYDDY
2018-11-05 00:00:00-05:00,2.123713731765747,201600,BYD,BYDDY
2018-11-06 00:00:00-05:00,2.0948197841644287,593400,BYD,BYDDY
2018-11-07 00:00:00-05:00,2.1108720302581787,229800,BYD,BYDDY
2018-11-08 00:00:00-05:00,2.1349501609802246,648600,BYD,BYDDY
2018-11-09 00:00:00-05:00,2.1429762840270996,224400,BYD,BYDDY
2018-11-12 00:00:00-05:00,2.1445815563201904,340800,BYD,BYDDY
2018-11-13 00:00:00-05:00,2.173475742340088,123600,BYD,BYDDY
2018-11-14 00:00:00-05:00,2.1927387714385986,103800,BYD,BYDDY
2018-11-15 00:00:00-05:00,2.1991586685180664,259200,BYD,BYDDY
2018-11-16 00:00:00-05:00,2.2569468021392822,219600,BYD,BYDDY
2018-11-19 00:00:00-05:00,2.3372087478637695,802200,BYD,BYDDY
2018-11-20 00:00:00-05:00,2.350050449371338,817800,BYD,BYDDY
2018-11-21 00:00:00-05:00,2.327577590942383,330000,BYD,BYDDY
2018-11-23 00:00:00-05:00,2.284236192703247,72000,BYD,BYDDY
2018-11-26 00:00:00-05:00,2.2890520095825195,112800,BYD,BYDDY
2018-11-27 00:00:00-05:00,2.3452346324920654,423600,BYD,BYDDY
2018-11-28 00:00:00-05:00,2.4174699783325195,731400,BYD,BYDDY
2018-11-29 00:00:00-05:00,2.428706645965576,168600,BYD,BYDDY
2018-11-30 00:00:00-05:00,2.4078383445739746,342000,BYD,BYDDY
2018-12-03 00:00:00-05:00,2.3211562633514404,229800,BYD,BYDDY
2018-12-04 00:00:00-05:00,2.2874464988708496,387000,BYD,BYDDY
2018-12-06 00:00:00-05:00,2.269789218902588,625200,BYD,BYDDY
2018-12-07 00:00:00-05:00,2.2312638759613037,144000,BYD,BYDDY
2018-12-10 00:00:00-05:00,2.197554111480713,588600,BYD,BYDDY
2018-12-11 00:00:00-05:00,2.2473154067993164,229800,BYD,BYDDY
2018-12-12 00:00:00-05:00,2.3115248680114746,367800,BYD,BYDDY
2018-12-13 00:00:00-05:00,2.3468401432037354,79200,BYD,BYDDY
2018-12-14 00:00:00-05:00,2.3436286449432373,241800,BYD,BYDDY
2018-12-17 00:00:00-05:00,2.210395574569702,276600,BYD,BYDDY
2018-12-18 00:00:00-05:00,2.2392892837524414,269400,BYD,BYDDY
2018-12-19 00:00:00-05:00,2.125319242477417,583200,BYD,BYDDY
2018-12-20 00:00:00-05:00,2.0867934226989746,1122000,BYD,BYDDY
2018-12-21 00:00:00-05:00,2.085188150405884,381000,BYD,BYDDY
2018-12-24 00:00:00-05:00,2.0562939643859863,209400,BYD,BYDDY
2018-12-26 00:00:00-05:00,2.098029613494873,468000,BYD,BYDDY
2018-12-27 00:00:00-05:00,2.004926919937134,156600,BYD,BYDDY
2018-12-28 00:00:00-05:00,2.0482680797576904,304800,BYD,BYDDY
2018-12-31 00:00:00-05:00,2.0225841999053955,191400,BYD,BYDDY
2019-01-02 00:00:00-05:00,1.9776376485824585,471000,BYD,BYDDY
2019-01-03 00:00:00-05:00,1.8829296827316284,153000,BYD,BYDDY
2019-01-04 00:00:00-05:00,1.9551647901535034,172200,BYD,BYDDY
2019-01-07 00:00:00-05:00,1.9583748579025269,325200,BYD,BYDDY
2019-01-08 00:00:00-05:00,2.0627152919769287,564000,BYD,BYDDY
2019-01-09 00:00:00-05:00,1.9904803037643433,274800,BYD,BYDDY
2019-01-10 00:00:00-05:00,1.9519548416137695,425400,BYD,BYDDY
2019-01-11 00:00:00-05:00,1.9439277648925781,136800,BYD,BYDDY
2019-01-14 00:00:00-05:00,1.8379828929901123,460200,BYD,BYDDY
2019-01-15 00:00:00-05:00,1.8700881004333496,570000,BYD,BYDDY
2019-01-16 00:00:00-05:00,1.8877451419830322,197400,BYD,BYDDY
2019-01-17 00:00:00-05:00,1.7898262739181519,313200,BYD,BYDDY
2019-01-18 00:00:00-05:00,1.8122999668121338,336000,BYD,BYDDY
2019-01-22 00:00:00-05:00,1.7962473630905151,499200,BYD,BYDDY
2019-01-23 00:00:00-05:00,1.8395884037017822,691200,BYD,BYDDY
2019-01-24 00:00:00-05:00,1.8861398696899414,235800,BYD,BYDDY
2019-01-25 00:00:00-05:00,1.9182449579238892,157200,BYD,BYDDY
2019-01-28 00:00:00-05:00,1.9005868434906006,168000,BYD,BYDDY
2019-01-29 00:00:00-05:00,1.8813241720199585,229200,BYD,BYDDY
2019-01-30 00:00:00-05:00,1.8684824705123901,323400,BYD,BYDDY
2019-01-31 00:00:00-05:00,1.8957711458206177,209400,BYD,BYDDY
2019-02-01 00:00:00-05:00,1.9118235111236572,425400,BYD,BYDDY
2019-02-04 00:00:00-05:00,1.9375073909759521,292200,BYD,BYDDY
2019-02-05 00:00:00-05:00,1.971217393875122,363600,BYD,BYDDY
2019-02-06 00:00:00-05:00,1.9519548416137695,108600,BYD,BYDDY
2019-02-07 00:00:00-05:00,1.9278762340545654,329400,BYD,BYDDY
2019-02-08 00:00:00-05:00,1.905402421951294,276000,BYD,BYDDY
2019-02-11 00:00:00-05:00,1.9391120672225952,70200,BYD,BYDDY
2019-02-12 00:00:00-05:00,2.001715660095215,198600,BYD,BYDDY
2019-02-13 00:00:00-05:00,2.0691354274749756,252600,BYD,BYDDY
2019-02-14 00:00:00-05:00,2.114082098007202,357600,BYD,BYDDY
2019-02-15 00:00:00-05:00,2.0627152919769287,197400,BYD,BYDDY
2019-02-19 00:00:00-05:00,2.019374370574951,258600,BYD,BYDDY
2019-02-20 00:00:00-05:00,2.049872875213623,117000,BYD,BYDDY
2019-02-21 00:00:00-05:00,2.0354256629943848,158400,BYD,BYDDY
2019-02-22 00:00:00-05:00,2.0402414798736572,422400,BYD,BYDDY
2019-02-25 00:00:00-05:00,2.1831068992614746,647400,BYD,BYDDY
2019-02-26 00:00:00-05:00,2.1108720302581787,463200,BYD,BYDDY
2019-02-27 00:00:00-05:00,2.0402414798736572,497400,BYD,BYDDY
2019-02-28 00:00:00-05:00,2.0482680797576904,108600,BYD,BYDDY
2019-03-01 00:00:00-05:00,2.049872875213623,276000,BYD,BYDDY
2019-03-04 00:00:00-05:00,1.9840587377548218,305400,BYD,BYDDY
2019-03-05 00:00:00-05:00,2.0241899490356445,229800,BYD,BYDDY
2019-03-06 00:00:00-05:00,2.0113470554351807,103800,BYD,BYDDY
2019-03-07 00:00:00-05:00,2.0065314769744873,304200,BYD,BYDDY
2019-03-08 00:00:00-05:00,1.9278762340545654,180000,BYD,BYDDY
2019-03-11 00:00:00-04:00,1.929481029510498,229800,BYD,BYDDY
2019-03-12 00:00:00-04:00,1.9423233270645142,208200,BYD,BYDDY
2019-03-13 00:00:00-04:00,1.9182449579238892,205800,BYD,BYDDY
2019-03-14 00:00:00-04:00,1.9326916933059692,196200,BYD,BYDDY
2019-03-15 00:00:00-04:00,1.9968998432159424,258000,BYD,BYDDY
2019-03-18 00:00:00-04:00,2.0386366844177246,358800,BYD,BYDDY
2019-03-19 00:00:00-04:00,2.0322153568267822,82800,BYD,BYDDY
2019-03-20 00:00:00-04:00,2.051478385925293,253200,BYD,BYDDY
2019-03-21 00:00:00-04:00,2.0578994750976562,322800,BYD,BYDDY
2019-03-22 00:00:00-04:00,2.053083658218384,533400,BYD,BYDDY
2019-03-25 00:00:00-04:00,2.0370311737060547,171000,BYD,BYDDY
2019-03-26 00:00:00-04:00,2.041846990585327,73200,BYD,BYDDY
2019-03-27 00:00:00-04:00,1.9391120672225952,936600,BYD,BYDDY
2019-03-28 00:00:00-04:00,1.9359019994735718,289200,BYD,BYDDY
2019-03-29 00:00:00-04:00,1.9359019994735718,115200,BYD,BYDDY
2019-04-01 00:00:00-04:00,1.9728217124938965,88200,BYD,BYDDY
2019-04-02 00:00:00-04:00,2.0113470554351807,117600,BYD,BYDDY
2019-04-03 00:00:00-04:00,2.043452262878418,111600,BYD,BYDDY
2019-04-04 00:00:00-04:00,2.067531108856201,205200,BYD,BYDDY
2019-04-05 00:00:00-04:00,2.0723466873168945,153600,BYD,BYDDY
2019-04-08 00:00:00-04:00,2.0900039672851562,222600,BYD,BYDDY
2019-04-09 00:00:00-04:00,2.1044507026672363,526800,BYD,BYDDY
2019-04-10 00:00:00-04:00,2.1445815563201904,184800,BYD,BYDDY
2019-04-11 00:00:00-04:00,2.1156880855560303,76800,BYD,BYDDY
2019-04-12 00:00:00-04:00,2.1301348209381104,174600,BYD,BYDDY
2019-04-15 00:00:00-04:00,2.1349501609802246,204600,BYD,BYDDY
2019-04-16 00:00:00-04:00,2.1317391395568848,70800,BYD,BYDDY
2019-04-17 00:00:00-04:00,2.3677074909210205,937800,BYD,BYDDY
2019-04-18 00:00:00-04:00,2.3195505142211914,389400,BYD,BYDDY
2019-04-22 00:00:00-04:00,2.3099193572998047,97800,BYD,BYDDY
2019-04-23 00:00:00-04:00,2.2794206142425537,313200,BYD,BYDDY
2019-04-24 00:00:00-04:00,2.2136056423187256,118200,BYD,BYDDY
2019-04-25 00:00:00-04:00,2.1510019302368164,426000,BYD,BYDDY
2019-04-26 00:00:00-04:00,2.1750805377960205,69600,BYD,BYDDY
2019-04-29 00:00:00-04:00,2.1638448238372803,426600,BYD,BYDDY
2019-04-30 00:00:00-04:00,2.173475742340088,189600,BYD,BYDDY
2019-05-01 00:00:00-04:00,2.171870231628418,379800,BYD,BYDDY
2019-05-02 00:00:00-04:00,2.173475742340088,85200,BYD,BYDDY
2019-05-03 00:00:00-04:00,2.1991586685180664,199800,BYD,BYDDY
2019-05-06 00:00:00-04:00,2.1108720302581787,253800,BYD,BYDDY
2019-05-07 00:00:00-04:00,2.0450568199157715,576000,BYD,BYDDY
2019-05-08 00:00:00-04:00,2.0306100845336914,532800,BYD,BYDDY
2019-05-09 00:00:00-04:00,2.0001113414764404,184200,BYD,BYDDY
2019-05-10 00:00:00-04:00,2.0209789276123047,281400,BYD,BYDDY
2019-05-13 00:00:00-04:00,1.9407175779342651,322800,BYD,BYDDY
2019-05-14 00:00:00-04:00,1.9856643676757812,134400,BYD,BYDDY
2019-05-15 00:00:00-04:00,1.9985058307647705,191400,BYD,BYDDY
2019-05-16 00:00:00-04:00,1.9968998432159424,184200,BYD,BYDDY
2019-05-17 00:00:00-04:00,1.9342966079711914,204600,BYD,BYDDY
2019-05-20 00:00:00-04:00,1.8829296827316284,534000,BYD,BYDDY
2019-05-21 00:00:00-04:00,1.9102182388305664,148800,BYD,BYDDY
2019-05-22 00:00:00-04:00,1.8909554481506348,96600,BYD,BYDDY
2019-05-23 00:00:00-04:00,1.8299572467803955,186000,BYD,BYDDY
2019-05-24 00:00:00-04:00,1.8524301052093506,175200,BYD,BYDDY
2019-05-28 00:00:00-04:00,1.9262707233428955,214800,BYD,BYDDY
2019-05-29 00:00:00-04:00,1.9326916933059692,189600,BYD,BYDDY
2019-05-30 00:00:00-04:00,1.9086134433746338,268800,BYD,BYDDY
2019-05-31 00:00:00-04:00,1.8620613813400269,222600,BYD,BYDDY
2019-06-03 00:00:00-04:00,1.8861398696899414,258600,BYD,BYDDY
2019-06-04 00:00:00-04:00,1.8700881004333496,238200,BYD,BYDDY
2019-06-05 00:00:00-04:00,1.846009612083435,192000,BYD,BYDDY
2019-06-06 00:00:00-04:00,1.931086540222168,130200,BYD,BYDDY
2019-06-07 00:00:00-04:00,1.956770420074463,139800,BYD,BYDDY
2019-06-10 00:00:00-04:00,1.9307998418807983,169200,BYD,BYDDY
2019-06-11 00:00:00-04:00,1.958221197128296,138000,BYD,BYDDY
2019-06-12 00:00:00-04:00,1.914669156074524,185400,BYD,BYDDY
2019-06-13 00:00:00-04:00,1.9001519680023193,181800,BYD,BYDDY
2019-06-14 00:00:00-04:00,1.8582133054733276,186600,BYD,BYDDY
2019-06-17 00:00:00-04:00,1.875956416130066,75000,BYD,BYDDY
2019-06-18 00:00:00-04:00,1.9082179069519043,564600,BYD,BYDDY
2019-06-19 00:00:00-04:00,1.9162825345993042,36600,BYD,BYDDY
2019-06-20 00:00:00-04:00,1.9549955129623413,287400,BYD,BYDDY
2019-06-21 00:00:00-04:00,1.9437036514282227,75000,BYD,BYDDY
2019-06-24 00:00:00-04:00,1.9420913457870483,268800,BYD,BYDDY
2019-06-25 00:00:00-04:00,1.9178959131240845,124800,BYD,BYDDY
2019-06-26 00:00:00-04:00,1.909830093383789,148800,BYD,BYDDY
2019-06-27 00:00:00-04:00,1.914669156074524,171000,BYD,BYDDY
2019-06-28 00:00:00-04:00,1.9437036514282227,78600,BYD,BYDDY
2019-07-01 00:00:00-04:00,1.964673638343811,165600,BYD,BYDDY
2019-07-02 00:00:00-04:00,2.0066120624542236,223800,BYD,BYDDY
2019-07-03 00:00:00-04:00,2.0179038047790527,133800,BYD,BYDDY
2019-07-05 00:00:00-04:00,1.964673638343811,200400,BYD,BYDDY
2019-07-08 00:00:00-04:00,1.9211218357086182,214200,BYD,BYDDY
2019-07-09 00:00:00-04:00,1.9549955129623413,472200,BYD,BYDDY
2019-07-10 00:00:00-04:00,1.9711261987686157,182400,BYD,BYDDY
2019-07-11 00:00:00-04:00,1.950156569480896,310200,BYD,BYDDY
2019-07-12 00:00:00-04:00,1.9517695903778076,48600,BYD,BYDDY
2019-07-15 00:00:00-04:00,1.9743518829345703,87600,BYD,BYDDY
2019-07-16 00:00:00-04:00,1.964673638343811,142200,BYD,BYDDY
2019-07-17 00:00:00-04:00,1.99532151222229,92400,BYD,BYDDY
2019-07-18 00:00:00-04:00,1.9662870168685913,160800,BYD,BYDDY
2019-07-19 00:00:00-04:00,1.9711261987686157,351000,BYD,BYDDY
2019-07-22 00:00:00-04:00,1.98403000831604,200400,BYD,BYDDY
2019-07-23 00:00:00-04:00,2.034034252166748,265200,BYD,BYDDY
2019-07-24 00:00:00-04:00,2.048551559448242,133200,BYD,BYDDY
2019-07-25 00:00:00-04:00,2.019517183303833,146400,BYD,BYDDY
2019-07-26 00:00:00-04:00,2.082425355911255,4990200,BYD,BYDDY
2019-07-29 00:00:00-04:00,2.048551559448242,2071200,BYD,BYDDY
2019-07-30 00:00:00-04:00,2.035646677017212,1436400,BYD,BYDDY
2019-07-31 00:00:00-04:00,2.0211291313171387,1579200,BYD,BYDDY
2019-08-01 00:00:00-04:00,1.956608772277832,1006800,BYD,BYDDY
2019-08-02 00:00:00-04:00,1.9307998418807983,487800,BYD,BYDDY
2019-08-05 00:00:00-04:00,1.8517611026763916,834000,BYD,BYDDY
2019-08-06 00:00:00-04:00,1.848535180091858,775200,BYD,BYDDY
2019-08-07 00:00:00-04:00,1.7791744470596313,845400,BYD,BYDDY
2019-08-08 00:00:00-04:00,1.8146615028381348,407400,BYD,BYDDY
2019-08-09 00:00:00-04:00,1.7920795679092407,381600,BYD,BYDDY
2019-08-12 00:00:00-04:00,1.7614314556121826,765000,BYD,BYDDY
2019-08-13 00:00:00-04:00,1.7711098194122314,958800,BYD,BYDDY
2019-08-14 00:00:00-04:00,1.7178796529769897,803400,BYD,BYDDY
2019-08-15 00:00:00-04:00,1.7130404710769653,543000,BYD,BYDDY
2019-08-16 00:00:00-04:00,1.7243320941925049,669600,BYD,BYDDY
2019-08-19 00:00:00-04:00,1.766270637512207,1083600,BYD,BYDDY
2019-08-20 00:00:00-04:00,1.7727229595184326,212400,BYD,BYDDY
2019-08-21 00:00:00-04:00,1.7436884641647339,669000,BYD,BYDDY
2019-08-22 00:00:00-04:00,1.6630361080169678,1380600,BYD,BYDDY
2019-08-23 00:00:00-04:00,1.5856105089187622,2179800,BYD,BYDDY
2019-08-26 00:00:00-04:00,1.6098061800003052,436200,BYD,BYDDY
2019-08-27 00:00:00-04:00,1.5694810152053833,670800,BYD,BYDDY
2019-08-28 00:00:00-04:00,1.5630285739898682,465000,BYD,BYDDY
2019-08-29 00:00:00-04:00,1.61464524269104,922200,BYD,BYDDY
2019-08-30 00:00:00-04:00,1.672714352607727,328200,BYD,BYDDY
2019-09-03 00:00:00-04:00,1.6243233680725098,961200,BYD,BYDDY
2019-09-04 00:00:00-04:00,1.6130326986312866,496200,BYD,BYDDY
2019-09-05 00:00:00-04:00,1.6694886684417725,223800,BYD,BYDDY
2019-09-06 00:00:00-04:00,1.6872316598892212,220200,BYD,BYDDY
2019-09-09 00:00:00-04:00,1.7259443998336792,342600,BYD,BYDDY
2019-09-10 00:00:00-04:00,1.7082014083862305,320400,BYD,BYDDY
2019-09-11 00:00:00-04:00,1.738849401473999,610800,BYD,BYDDY
2019-09-12 00:00:00-04:00,1.6936841011047363,481800,BYD,BYDDY
2019-09-13 00:00:00-04:00,1.7517532110214233,328200,BYD,BYDDY
2019-09-16 00:00:00-04:00,1.7340103387832642,211800,BYD,BYDDY
2019-09-17 00:00:00-04:00,1.71949303150177,156000,BYD,BYDDY
2019-09-18 00:00:00-04:00,1.72755765914917,291000,BYD,BYDDY
2019-09-19 00:00:00-04:00,1.7130404710769653,81600,BYD,BYDDY
2019-09-20 00:00:00-04:00,1.6840059757232666,239400,BYD,BYDDY
2019-09-23 00:00:00-04:00,1.6646496057510376,372600,BYD,BYDDY
2019-09-24 00:00:00-04:00,1.6517455577850342,177600,BYD,BYDDY
2019-09-25 00:00:00-04:00,1.6049668788909912,785400,BYD,BYDDY
2019-09-26 00:00:00-04:00,1.6049668788909912,351000,BYD,BYDDY
2019-09-27 00:00:00-04:00,1.590449571609497,420600,BYD,BYDDY
2019-09-30 00:00:00-04:00,1.6001278162002563,204600,BYD,BYDDY
2019-10-01 00:00:00-04:00,1.6001278162002563,276000,BYD,BYDDY
2019-10-02 00:00:00-04:00,1.579159140586853,298800,BYD,BYDDY
2019-10-03 00:00:00-04:00,1.571093201637268,419400,BYD,BYDDY
2019-10-04 00:00:00-04:00,1.5823849439620972,449400,BYD,BYDDY
2019-10-07 00:00:00-04:00,1.5646417140960693,291600,BYD,BYDDY
2019-10-08 00:00:00-04:00,1.5694810152053833,340800,BYD,BYDDY
2019-10-09 00:00:00-04:00,1.556576132774353,369000,BYD,BYDDY
2019-10-10 00:00:00-04:00,1.5646417140960693,1559400,BYD,BYDDY
2019-10-11 00:00:00-04:00,1.5969021320343018,721800,BYD,BYDDY
2019-10-14 00:00:00-04:00,1.5888372659683228,132000,BYD,BYDDY
2019-10-15 00:00:00-04:00,1.5678677558898926,463800,BYD,BYDDY
2019-10-16 00:00:00-04:00,1.572706699371338,239400,BYD,BYDDY
2019-10-17 00:00:00-04:00,1.579159140586853,267600,BYD,BYDDY
2019-10-18 00:00:00-04:00,1.572706699371338,294600,BYD,BYDDY
2019-10-21 00:00:00-04:00,1.5662541389465332,325800,BYD,BYDDY
2019-10-22 00:00:00-04:00,1.5581893920898438,222000,BYD,BYDDY
2019-10-23 00:00:00-04:00,1.575932264328003,129000,BYD,BYDDY
2019-10-24 00:00:00-04:00,1.5743199586868286,285000,BYD,BYDDY
2019-10-25 00:00:00-04:00,1.579159140586853,247800,BYD,BYDDY
2019-10-28 00:00:00-04:00,1.6227110624313354,319200,BYD,BYDDY
2019-10-29 00:00:00-04:00,1.5872238874435425,1861200,BYD,BYDDY
2019-10-30 00:00:00-04:00,1.537219524383545,1432800,BYD,BYDDY
2019-10-31 00:00:00-04:00,1.5130242109298706,985200,BYD,BYDDY
2019-11-01 00:00:00-04:00,1.5533503293991089,243600,BYD,BYDDY
2019-11-04 00:00:00-05:00,1.5678677558898926,287400,BYD,BYDDY
2019-11-05 00:00:00-05:00,1.571093201637268,200400,BYD,BYDDY
2019-11-06 00:00:00-05:00,1.5485111474990845,351000,BYD,BYDDY
2019-11-07 00:00:00-05:00,1.603354573249817,2151000,BYD,BYDDY
2019-11-08 00:00:00-05:00,1.6001278162002563,1199400,BYD,BYDDY
2019-11-11 00:00:00-05:00,1.583998203277588,265200,BYD,BYDDY
2019-11-12 00:00:00-05:00,1.5694810152053833,280200,BYD,BYDDY
2019-11-13 00:00:00-05:00,1.5581893920898438,267000,BYD,BYDDY
2019-11-14 00:00:00-05:00,1.5598026514053345,520800,BYD,BYDDY
2019-11-15 00:00:00-05:00,1.5646417140960693,726600,BYD,BYDDY
2019-11-18 00:00:00-05:00,1.5598026514053345,441000,BYD,BYDDY
2019-11-19 00:00:00-05:00,1.556576132774353,301200,BYD,BYDDY
2019-11-20 00:00:00-05:00,1.5485111474990845,126600,BYD,BYDDY
2019-11-21 00:00:00-05:00,1.5436722040176392,475200,BYD,BYDDY
2019-11-22 00:00:00-05:00,1.5485111474990845,124800,BYD,BYDDY
2019-11-25 00:00:00-05:00,1.579159140586853,402000,BYD,BYDDY
2019-11-26 00:00:00-05:00,1.5856105089187622,414600,BYD,BYDDY
2019-11-27 00:00:00-05:00,1.5646417140960693,324600,BYD,BYDDY
2019-11-29 00:00:00-05:00,1.5243157148361206,631200,BYD,BYDDY
2019-12-02 00:00:00-05:00,1.509798288345337,313200,BYD,BYDDY
2019-12-03 00:00:00-05:00,1.5114115476608276,393000,BYD,BYDDY
2019-12-04 00:00:00-05:00,1.5356072187423706,545400,BYD,BYDDY
2019-12-05 00:00:00-05:00,1.5243157148361206,246600,BYD,BYDDY
2019-12-06 00:00:00-05:00,1.509798288345337,424800,BYD,BYDDY
2019-12-09 00:00:00-05:00,1.5130242109298706,312600,BYD,BYDDY
2019-12-10 00:00:00-05:00,1.5081850290298462,835200,BYD,BYDDY
2019-12-11 00:00:00-05:00,1.5356072187423706,612600,BYD,BYDDY
2019-12-12 00:00:00-05:00,1.5339939594268799,516600,BYD,BYDDY
2019-12-13 00:00:00-05:00,1.5485111474990845,447600,BYD,BYDDY
2019-12-16 00:00:00-05:00,1.575932264328003,312600,BYD,BYDDY
2019-12-17 00:00:00-05:00,1.6017411947250366,526800,BYD,BYDDY
2019-12-18 00:00:00-05:00,1.5533503293991089,475800,BYD,BYDDY
2019-12-19 00:00:00-05:00,1.5420589447021484,466200,BYD,BYDDY
2019-12-20 00:00:00-05:00,1.5404465198516846,768000,BYD,BYDDY
2019-12-23 00:00:00-05:00,1.5227022171020508,444000,BYD,BYDDY
2019-12-24 00:00:00-05:00,1.5339939594268799,206400,BYD,BYDDY
2019-12-26 00:00:00-05:00,1.5420589447021484,667800,BYD,BYDDY
2019-12-27 00:00:00-05:00,1.5436722040176392,324600,BYD,BYDDY
2019-12-30 00:00:00-05:00,1.5856105089187622,459600,BYD,BYDDY
2019-12-31 00:00:00-05:00,1.5985153913497925,314400,BYD,BYDDY
2020-01-02 00:00:00-05:00,1.6275500059127808,277800,BYD,BYDDY
2020-01-03 00:00:00-05:00,1.611419439315796,726600,BYD,BYDDY
2020-01-06 00:00:00-05:00,1.5969021320343018,323400,BYD,BYDDY
2020-01-07 00:00:00-05:00,1.583998203277588,254400,BYD,BYDDY
2020-01-08 00:00:00-05:00,1.592063069343567,336600,BYD,BYDDY
2020-01-09 00:00:00-05:00,1.5936763286590576,195000,BYD,BYDDY
2020-01-10 00:00:00-05:00,1.595288872718811,175200,BYD,BYDDY
2020-01-13 00:00:00-05:00,1.8388570547103882,1272000,BYD,BYDDY
2020-01-14 00:00:00-05:00,1.8517611026763916,663600,BYD,BYDDY
2020-01-15 00:00:00-05:00,1.8824090957641602,336600,BYD,BYDDY
2020-01-16 00:00:00-05:00,1.874343991279602,484800,BYD,BYDDY
2020-01-17 00:00:00-05:00,1.9872556924819946,715800,BYD,BYDDY
2020-01-21 00:00:00-05:00,1.8856345415115356,538200,BYD,BYDDY
2020-01-22 00:00:00-05:00,1.9388647079467773,636000,BYD,BYDDY
2020-01-23 00:00:00-05:00,1.9227350950241089,182400,BYD,BYDDY
2020-01-24 00:00:00-05:00,1.8872480392456055,427200,BYD,BYDDY
2020-01-27 00:00:00-05:00,1.7920795679092407,942600,BYD,BYDDY
2020-01-28 00:00:00-05:00,1.8098223209381104,463200,BYD,BYDDY
2020-01-29 00:00:00-05:00,1.7711098194122314,393600,BYD,BYDDY
2020-01-30 00:00:00-05:00,1.7340103387832642,396600,BYD,BYDDY
2020-01-31 00:00:00-05:00,1.677553415298462,538200,BYD,BYDDY
2020-02-03 00:00:00-05:00,1.7098147869110107,761400,BYD,BYDDY
2020-02-04 00:00:00-05:00,1.871117353439331,1224600,BYD,BYDDY
2020-02-05 00:00:00-05:00,1.914669156074524,1360200,BYD,BYDDY
2020-02-06 00:00:00-05:00,1.9082179069519043,622800,BYD,BYDDY
2020-02-07 00:00:00-05:00,1.8517611026763916,462000,BYD,BYDDY
2020-02-10 00:00:00-05:00,1.8856345415115356,455400,BYD,BYDDY
2020-02-11 00:00:00-05:00,1.8727306127548218,298200,BYD,BYDDY
2020-02-12 00:00:00-05:00,1.8985395431518555,336600,BYD,BYDDY
2020-02-13 00:00:00-05:00,1.8678916692733765,504000,BYD,BYDDY
2020-02-14 00:00:00-05:00,1.8275655508041382,696000,BYD,BYDDY
2020-02-18 00:00:00-05:00,1.8807955980300903,1074600,BYD,BYDDY
2020-02-19 00:00:00-05:00,1.9937081336975098,857400,BYD,BYDDY
2020-02-20 00:00:00-05:00,2.1695291996002197,1899000,BYD,BYDDY
2020-02-21 00:00:00-05:00,2.163076400756836,891600,BYD,BYDDY
2020-02-24 00:00:00-05:00,1.975965142250061,1322400,BYD,BYDDY
2020-02-25 00:00:00-05:00,2.0679080486297607,1673400,BYD,BYDDY
2020-02-26 00:00:00-05:00,2.1340420246124268,1734000,BYD,BYDDY
2020-02-27 00:00:00-05:00,2.035646677017212,1183800,BYD,BYDDY
2020-02-28 00:00:00-05:00,1.9630601406097412,1098600,BYD,BYDDY
2020-03-02 00:00:00-05:00,2.0162901878356934,989400,BYD,BYDDY
2020-03-03 00:00:00-05:00,2.0517773628234863,1075800,BYD,BYDDY
2020-03-04 00:00:00-05:00,2.0324208736419678,795000,BYD,BYDDY
2020-03-05 00:00:00-05:00,2.0066120624542236,460800,BYD,BYDDY
2020-03-06 00:00:00-05:00,1.9307998418807983,471600,BYD,BYDDY
2020-03-09 00:00:00-04:00,1.788852572441101,912000,BYD,BYDDY
2020-03-10 00:00:00-04:00,1.8549878597259521,670800,BYD,BYDDY
2020-03-11 00:00:00-04:00,1.7775620222091675,793200,BYD,BYDDY
2020-03-12 00:00:00-04:00,1.611419439315796,898800,BYD,BYDDY
2020-03-13 00:00:00-04:00,1.7485276460647583,1272000,BYD,BYDDY
2020-03-16 00:00:00-04:00,1.5662541389465332,1288800,BYD,BYDDY
2020-03-17 00:00:00-04:00,1.61464524269104,1075200,BYD,BYDDY
2020-03-18 00:00:00-04:00,1.479150414466858,2039400,BYD,BYDDY
2020-03-19 00:00:00-04:00,1.482377052307129,970200,BYD,BYDDY
2020-03-20 00:00:00-04:00,1.4630208015441895,678600,BYD,BYDDY
2020-03-23 00:00:00-04:00,1.404951572418213,1323000,BYD,BYDDY
2020-03-24 00:00:00-04:00,1.5081850290298462,978000,BYD,BYDDY
2020-03-25 00:00:00-04:00,1.590449571609497,755400,BYD,BYDDY
2020-03-26 00:00:00-04:00,1.6404540538787842,580800,BYD,BYDDY
2020-03-27 00:00:00-04:00,1.5388330221176147,1476600,BYD,BYDDY
2020-03-30 00:00:00-04:00,1.6178717613220215,873600,BYD,BYDDY
2020-03-31 00:00:00-04:00,1.6952975988388062,1221600,BYD,BYDDY
2020-04-01 00:00:00-04:00,1.5227022171020508,753000,BYD,BYDDY
2020-04-02 00:00:00-04:00,1.6275500059127808,504000,BYD,BYDDY
2020-04-03 00:00:00-04:00,1.5969021320343018,298200,BYD,BYDDY
2020-04-06 00:00:00-04:00,1.645293116569519,290400,BYD,BYDDY
2020-04-07 00:00:00-04:00,1.677553415298462,317400,BYD,BYDDY
2020-04-08 00:00:00-04:00,1.6646496057510376,480000,BYD,BYDDY
2020-04-09 00:00:00-04:00,1.656584620475769,382200,BYD,BYDDY
2020-04-13 00:00:00-04:00,1.6388405561447144,234600,BYD,BYDDY
2020-04-14 00:00:00-04:00,1.7485276460647583,1210200,BYD,BYDDY
2020-04-15 00:00:00-04:00,1.7533665895462036,704400,BYD,BYDDY
2020-04-16 00:00:00-04:00,1.817887306213379,287400,BYD,BYDDY
2020-04-17 00:00:00-04:00,1.8211140632629395,222600,BYD,BYDDY
2020-04-20 00:00:00-04:00,1.8001441955566406,368400,BYD,BYDDY
2020-04-21 00:00:00-04:00,1.7065880298614502,260400,BYD,BYDDY
2020-04-22 00:00:00-04:00,1.7614314556121826,556800,BYD,BYDDY
2020-04-23 00:00:00-04:00,1.7872405052185059,570600,BYD,BYDDY
2020-04-24 00:00:00-04:00,1.8065966367721558,276600,BYD,BYDDY
2020-04-27 00:00:00-04:00,1.8356313705444336,339600,BYD,BYDDY
2020-04-28 00:00:00-04:00,1.8969261646270752,2156400,BYD,BYDDY
2020-04-29 00:00:00-04:00,2.0324208736419678,1027800,BYD,BYDDY
2020-04-30 00:00:00-04:00,1.9872556924819946,3108000,BYD,BYDDY
2020-05-01 00:00:00-04:00,1.9211218357086182,457800,BYD,BYDDY
2020-05-04 00:00:00-04:00,1.9549955129623413,1598400,BYD,BYDDY
2020-05-05 00:00:00-04:00,1.9824165105819702,602400,BYD,BYDDY
2020-05-06 00:00:00-04:00,1.9937081336975098,508800,BYD,BYDDY
2020-05-07 00:00:00-04:00,1.9437036514282227,523800,BYD,BYDDY
2020-05-08 00:00:00-04:00,1.9533820152282715,597000,BYD,BYDDY
2020-05-11 00:00:00-04:00,1.8856345415115356,636000,BYD,BYDDY
2020-05-12 00:00:00-04:00,1.8824090957641602,652200,BYD,BYDDY
2020-05-13 00:00:00-04:00,1.8566001653671265,694800,BYD,BYDDY
2020-05-14 00:00:00-04:00,1.790466070175171,2832000,BYD,BYDDY
2020-05-15 00:00:00-04:00,1.8065966367721558,538200,BYD,BYDDY
2020-05-18 00:00:00-04:00,1.8307923078536987,769800,BYD,BYDDY
2020-05-19 00:00:00-04:00,1.8662784099578857,228000,BYD,BYDDY
2020-05-20 00:00:00-04:00,1.8969261646270752,454800,BYD,BYDDY
2020-05-21 00:00:00-04:00,1.8259532451629639,330000,BYD,BYDDY
2020-05-22 00:00:00-04:00,1.758205771446228,1644000,BYD,BYDDY
2020-05-26 00:00:00-04:00,1.8549878597259521,1778400,BYD,BYDDY
2020-05-27 00:00:00-04:00,1.816274881362915,693600,BYD,BYDDY
2020-05-28 00:00:00-04:00,1.8275655508041382,204000,BYD,BYDDY
2020-05-29 00:00:00-04:00,1.824339747428894,362400,BYD,BYDDY
2020-06-01 00:00:00-04:00,1.9324132204055786,870000,BYD,BYDDY
2020-06-02 00:00:00-04:00,2.0146780014038086,770400,BYD,BYDDY
2020-06-03 00:00:00-04:00,2.0179038047790527,602400,BYD,BYDDY
2020-06-04 00:00:00-04:00,2.0291953086853027,799200,BYD,BYDDY
2020-06-05 00:00:00-04:00,2.1340420246124268,1028400,BYD,BYDDY
2020-06-08 00:00:00-04:00,2.190497875213623,322800,BYD,BYDDY
2020-06-09 00:00:00-04:00,2.16630220413208,364200,BYD,BYDDY
2020-06-10 00:00:00-04:00,2.1921114921569824,1584600,BYD,BYDDY
2020-06-11 00:00:00-04:00,2.159850835800171,387600,BYD,BYDDY
2020-06-12 00:00:00-04:00,2.125976800918579,448800,BYD,BYDDY
2020-06-15 00:00:00-04:00,2.2421157360076904,887400,BYD,BYDDY
2020-06-16 00:00:00-04:00,2.2324373722076416,435600,BYD,BYDDY
2020-06-17 00:00:00-04:00,2.279215097427368,240000,BYD,BYDDY
2020-06-18 00:00:00-04:00,2.3937394618988037,1209600,BYD,BYDDY
2020-06-19 00:00:00-04:00,2.44374418258667,1230000,BYD,BYDDY
2020-06-22 00:00:00-04:00,2.472778797149658,909600,BYD,BYDDY
2020-06-23 00:00:00-04:00,2.506652593612671,387600,BYD,BYDDY
2020-06-24 00:00:00-04:00,2.500200033187866,553200,BYD,BYDDY
2020-06-25 00:00:00-04:00,2.48679780960083,581400,BYD,BYDDY
2020-06-26 00:00:00-04:00,2.454500675201416,444600,BYD,BYDDY
2020-06-29 00:00:00-04:00,2.4641895294189453,1724400,BYD,BYDDY
2020-06-30 00:00:00-04:00,2.4787228107452393,519000,BYD,BYDDY
2020-07-01 00:00:00-04:00,2.5061752796173096,540600,BYD,BYDDY
2020-07-02 00:00:00-04:00,2.496486186981201,873000,BYD,BYDDY
2020-07-06 00:00:00-04:00,3.027756452560425,2147400,BYD,BYDDY
2020-07-07 00:00:00-04:00,2.9631638526916504,1392000,BYD,BYDDY
2020-07-08 00:00:00-04:00,3.0842740535736084,1480200,BYD,BYDDY
2020-07-09 00:00:00-04:00,3.0729713439941406,1329000,BYD,BYDDY
2020-07-10 00:00:00-04:00,3.210228681564331,1152600,BYD,BYDDY
2020-07-13 00:00:00-04:00,3.6510701179504395,3018600,BYD,BYDDY
2020-07-14 00:00:00-04:00,3.34910249710083,1511400,BYD,BYDDY
2020-07-15 00:00:00-04:00,3.2586727142333984,1394400,BYD,BYDDY
2020-07-16 00:00:00-04:00,2.906646251678467,1003200,BYD,BYDDY
2020-07-17 00:00:00-04:00,2.906646251678467,936000,BYD,BYDDY
2020-07-20 00:00:00-04:00,3.2861249446868896,1027800,BYD,BYDDY
2020-07-21 00:00:00-04:00,3.242525577545166,1113000,BYD,BYDDY
2020-07-22 00:00:00-04:00,3.106881856918335,642600,BYD,BYDDY
2020-07-23 00:00:00-04:00,3.2522144317626953,668400,BYD,BYDDY
2020-07-24 00:00:00-04:00,3.035830020904541,460200,BYD,BYDDY
2020-07-27 00:00:00-04:00,3.0180673599243164,653400,BYD,BYDDY
2020-07-28 00:00:00-04:00,3.050363540649414,414600,BYD,BYDDY
2020-07-29 00:00:00-04:00,3.147251605987549,216000,BYD,BYDDY
2020-07-30 00:00:00-04:00,3.024526834487915,531600,BYD,BYDDY
2020-07-31 00:00:00-04:00,3.050363540649414,290400,BYD,BYDDY
2020-08-03 00:00:00-04:00,3.1165707111358643,744000,BYD,BYDDY
2020-08-04 00:00:00-04:00,3.242525577545166,345000,BYD,BYDDY
2020-08-05 00:00:00-04:00,3.2554433345794678,361200,BYD,BYDDY
2020-08-06 00:00:00-04:00,3.3006584644317627,307800,BYD,BYDDY
2020-08-07 00:00:00-04:00,3.2296066284179688,352800,BYD,BYDDY
2020-08-10 00:00:00-04:00,3.1666290760040283,408600,BYD,BYDDY
2020-08-11 00:00:00-04:00,3.105266809463501,396600,BYD,BYDDY
2020-08-12 00:00:00-04:00,3.0842740535736084,388800,BYD,BYDDY
2020-08-13 00:00:00-04:00,3.0326008796691895,208200,BYD,BYDDY
2020-08-14 00:00:00-04:00,3.039060354232788,85800,BYD,BYDDY
2020-08-17 00:00:00-04:00,3.021296739578247,519000,BYD,BYDDY
2020-08-18 00:00:00-04:00,2.961549758911133,1143600,BYD,BYDDY
2020-08-19 00:00:00-04:00,2.9663939476013184,355200,BYD,BYDDY
2020-08-20 00:00:00-04:00,2.929253101348877,396000,BYD,BYDDY
2020-08-21 00:00:00-04:00,2.914719581604004,219000,BYD,BYDDY
2020-08-24 00:00:00-04:00,2.9583194255828857,228000,BYD,BYDDY
2020-08-25 00:00:00-04:00,3.076200246810913,716400,BYD,BYDDY
2020-08-26 00:00:00-04:00,3.2376809120178223,1120800,BYD,BYDDY
2020-08-27 00:00:00-04:00,3.242525577545166,1020600,BYD,BYDDY
2020-08-28 00:00:00-04:00,3.2974281311035156,460800,BYD,BYDDY
2020-08-31 00:00:00-04:00,3.3377983570098877,1377600,BYD,BYDDY
2020-09-01 00:00:00-04:00,3.6090855598449707,1674000,BYD,BYDDY
2020-09-02 00:00:00-04:00,3.6010122299194336,1247400,BYD,BYDDY
2020-09-03 00:00:00-04:00,3.404005289077759,1268400,BYD,BYDDY
2020-09-04 00:00:00-04:00,3.3797831535339355,451800,BYD,BYDDY
2020-09-08 00:00:00-04:00,3.36202073097229,612000,BYD,BYDDY
2020-09-09 00:00:00-04:00,3.347487211227417,479400,BYD,BYDDY
2020-09-10 00:00:00-04:00,3.350717067718506,234000,BYD,BYDDY
2020-09-11 00:00:00-04:00,3.5848634243011475,459000,BYD,BYDDY
2020-09-14 00:00:00-04:00,3.5929372310638428,523800,BYD,BYDDY
2020-09-15 00:00:00-04:00,4.0450825691223145,1280400,BYD,BYDDY
2020-09-16 00:00:00-04:00,4.255007266998291,1005000,BYD,BYDDY
2020-09-17 00:00:00-04:00,4.5489020347595215,1110000,BYD,BYDDY
2020-09-18 00:00:00-04:00,4.5489020347595215,787200,BYD,BYDDY
2020-09-21 00:00:00-04:00,4.240473747253418,746400,BYD,BYDDY
2020-09-22 00:00:00-04:00,4.529523849487305,1435800,BYD,BYDDY
2020-09-23 00:00:00-04:00,4.4617018699646,1904400,BYD,BYDDY
2020-09-24 00:00:00-04:00,4.380961894989014,2127600,BYD,BYDDY
2020-09-25 00:00:00-04:00,4.305066108703613,2532600,BYD,BYDDY
2020-09-28 00:00:00-04:00,4.416486740112305,702600,BYD,BYDDY
2020-09-29 00:00:00-04:00,4.590886116027832,867000,BYD,BYDDY
2020-09-30 00:00:00-04:00,5.207740306854248,1226400,BYD,BYDDY
2020-10-01 00:00:00-04:00,5.3676066398620605,1353000,BYD,BYDDY
2020-10-02 00:00:00-04:00,5.193207740783691,973200,BYD,BYDDY
2020-10-05 00:00:00-04:00,5.2255024909973145,913800,BYD,BYDDY
2020-10-06 00:00:00-04:00,5.064023017883301,1040400,BYD,BYDDY
2020-10-07 00:00:00-04:00,5.131844997406006,706200,BYD,BYDDY
2020-10-08 00:00:00-04:00,5.374065399169922,998400,BYD,BYDDY
2020-10-09 00:00:00-04:00,5.251340866088867,534000,BYD,BYDDY
2020-10-12 00:00:00-04:00,5.374065399169922,557400,BYD,BYDDY
2020-10-13 00:00:00-04:00,5.425739288330078,672600,BYD,BYDDY
2020-10-14 00:00:00-04:00,5.571071147918701,1956600,BYD,BYDDY
2020-10-15 00:00:00-04:00,5.661499977111816,1293600,BYD,BYDDY
2020-10-16 00:00:00-04:00,5.419280052185059,1303800,BYD,BYDDY
2020-10-19 00:00:00-04:00,5.273947715759277,811200,BYD,BYDDY
2020-10-20 00:00:00-04:00,5.780996322631836,1246200,BYD,BYDDY
2020-10-21 00:00:00-04:00,5.811676502227783,1485600,BYD,BYDDY
2020-10-22 00:00:00-04:00,6.131408214569092,1293600,BYD,BYDDY
2020-10-23 00:00:00-04:00,5.774537086486816,1249800,BYD,BYDDY
2020-10-26 00:00:00-04:00,5.590449333190918,2059800,BYD,BYDDY
2020-10-27 00:00:00-04:00,5.9344024658203125,1155600,BYD,BYDDY
2020-10-28 00:00:00-04:00,5.961853981018066,1719000,BYD,BYDDY
2020-10-29 00:00:00-04:00,6.70143461227417,1717800,BYD,BYDDY
2020-10-30 00:00:00-04:00,6.570635795593262,1771800,BYD,BYDDY
2020-11-02 00:00:00-05:00,7.208482265472412,2730000,BYD,BYDDY
2020-11-03 00:00:00-05:00,7.179415702819824,1362600,BYD,BYDDY
2020-11-04 00:00:00-05:00,7.405488014221191,2235600,BYD,BYDDY
2020-11-05 00:00:00-05:00,8.358222961425781,2590200,BYD,BYDDY
2020-11-06 00:00:00-05:00,8.246801376342773,1846800,BYD,BYDDY
2020-11-09 00:00:00-05:00,8.187052726745605,1942800,BYD,BYDDY
2020-11-10 00:00:00-05:00,7.329592227935791,3210000,BYD,BYDDY
2020-11-11 00:00:00-05:00,6.946884632110596,1954200,BYD,BYDDY
2020-11-12 00:00:00-05:00,7.6234869956970215,3150600,BYD,BYDDY
2020-11-13 00:00:00-05:00,7.613798141479492,2782800,BYD,BYDDY
2020-11-16 00:00:00-05:00,7.555665493011475,5080200,BYD,BYDDY
2020-11-17 00:00:00-05:00,7.168111801147461,1952400,BYD,BYDDY
2020-11-18 00:00:00-05:00,7.45231819152832,2900400,BYD,BYDDY
2020-11-19 00:00:00-05:00,7.321518421173096,2222400,BYD,BYDDY
2020-11-20 00:00:00-05:00,7.662241458892822,2004600,BYD,BYDDY
2020-11-23 00:00:00-05:00,8.501938819885254,4837800,BYD,BYDDY
2020-11-24 00:00:00-05:00,8.42281436920166,2529600,BYD,BYDDY
2020-11-25 00:00:00-05:00,8.116002082824707,1500000,BYD,BYDDY
2020-11-27 00:00:00-05:00,7.87539529800415,1255800,BYD,BYDDY
2020-11-30 00:00:00-05:00,7.533058166503906,1999200,BYD,BYDDY
2020-12-01 00:00:00-05:00,7.644479274749756,2818200,BYD,BYDDY
2020-12-02 00:00:00-05:00,7.3505859375,1875000,BYD,BYDDY
2020-12-03 00:00:00-05:00,7.1519646644592285,1704600,BYD,BYDDY
2020-12-04 00:00:00-05:00,7.345740795135498,1288200,BYD,BYDDY
2020-12-07 00:00:00-05:00,7.444243431091309,1896000,BYD,BYDDY
2020-12-08 00:00:00-05:00,7.6234869956970215,1473000,BYD,BYDDY
2020-12-09 00:00:00-05:00,7.273075103759766,1463400,BYD,BYDDY
2020-12-10 00:00:00-05:00,7.387725353240967,688200,BYD,BYDDY
2020-12-11 00:00:00-05:00,7.15519380569458,768600,BYD,BYDDY
2020-12-14 00:00:00-05:00,7.468465328216553,882000,BYD,BYDDY
2020-12-15 00:00:00-05:00,7.6493239402771,1187400,BYD,BYDDY
2020-12-16 00:00:00-05:00,7.53790283203125,725400,BYD,BYDDY
2020-12-17 00:00:00-05:00,7.594419956207275,657600,BYD,BYDDY
2020-12-18 00:00:00-05:00,7.734908580780029,1185000,BYD,BYDDY
2020-12-21 00:00:00-05:00,8.448652267456055,1752000,BYD,BYDDY
2020-12-22 00:00:00-05:00,8.053025245666504,1209000,BYD,BYDDY
2020-12-23 00:00:00-05:00,8.212890625,1548000,BYD,BYDDY
2020-12-24 00:00:00-05:00,7.896388530731201,544200,BYD,BYDDY
2020-12-28 00:00:00-05:00,8.211274147033691,1234200,BYD,BYDDY
2020-12-29 00:00:00-05:00,8.107927322387695,922800,BYD,BYDDY
2020-12-30 00:00:00-05:00,8.300089836120605,909000,BYD,BYDDY
2020-12-31 00:00:00-05:00,8.521316528320312,665400,BYD,BYDDY
2021-01-04 00:00:00-05:00,9.05904769897461,1303200,BYD,BYDDY
2021-01-05 00:00:00-05:00,9.669442176818848,2561400,BYD,BYDDY
2021-01-06 00:00:00-05:00,9.382007598876953,1901400,BYD,BYDDY
2021-01-07 00:00:00-05:00,10.008550643920898,1378200,BYD,BYDDY
2021-01-08 00:00:00-05:00,10.126431465148926,1606800,BYD,BYDDY
2021-01-11 00:00:00-05:00,10.407407760620117,3363000,BYD,BYDDY
2021-01-12 00:00:00-05:00,10.996809959411621,2386800,BYD,BYDDY
2021-01-13 00:00:00-05:00,10.77073860168457,1833600,BYD,BYDDY
2021-01-14 00:00:00-05:00,10.316978454589844,2703600,BYD,BYDDY
2021-01-15 00:00:00-05:00,9.6726713180542,2125200,BYD,BYDDY
2021-01-19 00:00:00-05:00,9.931039810180664,1637400,BYD,BYDDY
2021-01-20 00:00:00-05:00,9.6726713180542,3717600,BYD,BYDDY
2021-01-21 00:00:00-05:00,10.362194061279297,1770000,BYD,BYDDY
2021-01-22 00:00:00-05:00,10.725522994995117,1858200,BYD,BYDDY
2021-01-25 00:00:00-05:00,11.400511741638184,2715000,BYD,BYDDY
2021-01-26 00:00:00-05:00,11.033951759338379,2314800,BYD,BYDDY
2021-01-27 00:00:00-05:00,10.367036819458008,2170200,BYD,BYDDY
2021-01-28 00:00:00-05:00,10.10866928100586,2578200,BYD,BYDDY
2021-01-29 00:00:00-05:00,9.782479286193848,2088600,BYD,BYDDY
2021-02-01 00:00:00-05:00,10.383186340332031,1863600,BYD,BYDDY
2021-02-02 00:00:00-05:00,11.145373344421387,2571000,BYD,BYDDY
2021-02-03 00:00:00-05:00,10.972589492797852,3207000,BYD,BYDDY
2021-02-04 00:00:00-05:00,10.652857780456543,1904400,BYD,BYDDY
2021-02-05 00:00:00-05:00,10.512371063232422,1961400,BYD,BYDDY
2021-02-08 00:00:00-05:00,10.546280860900879,1043400,BYD,BYDDY
2021-02-09 00:00:00-05:00,11.040410995483398,1579800,BYD,BYDDY
2021-02-10 00:00:00-05:00,10.996809959411621,1243200,BYD,BYDDY
2021-02-11 00:00:00-05:00,11.071091651916504,699600,BYD,BYDDY
2021-02-12 00:00:00-05:00,11.046870231628418,588600,BYD,BYDDY
2021-02-16 00:00:00-05:00,11.142142295837402,1038600,BYD,BYDDY
2021-02-17 00:00:00-05:00,10.972589492797852,1967400,BYD,BYDDY
2021-02-18 00:00:00-05:00,10.462310791015625,1872000,BYD,BYDDY
2021-02-19 00:00:00-05:00,10.397719383239746,981000,BYD,BYDDY
2021-02-22 00:00:00-05:00,9.688819885253906,1784400,BYD,BYDDY
2021-02-23 00:00:00-05:00,9.123639106750488,5322000,BYD,BYDDY
2021-02-24 00:00:00-05:00,9.141402244567871,3577800,BYD,BYDDY
2021-02-25 00:00:00-05:00,8.539079666137695,3591600,BYD,BYDDY
2021-02-26 00:00:00-05:00,8.325926780700684,4246200,BYD,BYDDY
2021-03-01 00:00:00-05:00,9.164008140563965,2608200,BYD,BYDDY
2021-03-02 00:00:00-05:00,8.771612167358398,2278200,BYD,BYDDY
2021-03-03 00:00:00-05:00,8.611745834350586,2036400,BYD,BYDDY
2021-03-04 00:00:00-05:00,7.868937015533447,4233600,BYD,BYDDY
2021-03-05 00:00:00-05:00,8.05948257446289,3781800,BYD,BYDDY
2021-03-08 00:00:00-05:00,7.213326930999756,4108200,BYD,BYDDY
2021-03-09 00:00:00-05:00,7.936758995056152,3049200,BYD,BYDDY
2021-03-10 00:00:00-05:00,7.712301254272461,1806000,BYD,BYDDY
2021-03-11 00:00:00-05:00,8.411511421203613,2853600,BYD,BYDDY
2021-03-12 00:00:00-05:00,8.043335914611816,1557000,BYD,BYDDY
2021-03-15 00:00:00-04:00,7.835026264190674,1216800,BYD,BYDDY
2021-03-16 00:00:00-04:00,7.972285270690918,1538400,BYD,BYDDY
2021-03-17 00:00:00-04:00,8.107927322387695,1150800,BYD,BYDDY
2021-03-18 00:00:00-04:00,7.788196563720703,1348200,BYD,BYDDY
2021-03-19 00:00:00-04:00,7.802729606628418,848400,BYD,BYDDY
2021-03-22 00:00:00-04:00,7.856017589569092,615000,BYD,BYDDY
2021-03-23 00:00:00-04:00,7.463620662689209,1417200,BYD,BYDDY
2021-03-24 00:00:00-04:00,6.732115268707275,4603800,BYD,BYDDY
2021-03-25 00:00:00-04:00,7.017934799194336,1615800,BYD,BYDDY
2021-03-26 00:00:00-04:00,7.331207752227783,2397600,BYD,BYDDY
2021-03-29 00:00:00-04:00,7.026010513305664,1903200,BYD,BYDDY
2021-03-30 00:00:00-04:00,7.161653518676758,1441200,BYD,BYDDY
2021-03-31 00:00:00-04:00,6.987254619598389,1575000,BYD,BYDDY
2021-04-01 00:00:00-04:00,7.305370330810547,1531800,BYD,BYDDY
2021-04-05 00:00:00-04:00,7.470080375671387,1047000,BYD,BYDDY
2021-04-06 00:00:00-04:00,7.449088096618652,1104600,BYD,BYDDY
2021-04-07 00:00:00-04:00,7.26015567779541,1051800,BYD,BYDDY
2021-04-08 00:00:00-04:00,7.365118980407715,1228200,BYD,BYDDY
2021-04-09 00:00:00-04:00,7.282763957977295,727800,BYD,BYDDY
2021-04-12 00:00:00-04:00,7.076067924499512,1275600,BYD,BYDDY
2021-04-13 00:00:00-04:00,7.172956466674805,1282800,BYD,BYDDY
2021-04-14 00:00:00-04:00,7.274689197540283,1211400,BYD,BYDDY
2021-04-15 00:00:00-04:00,7.277919292449951,883200,BYD,BYDDY
2021-04-16 00:00:00-04:00,7.318288326263428,1320000,BYD,BYDDY
2021-04-19 00:00:00-04:00,7.58957576751709,1243800,BYD,BYDDY
2021-04-20 00:00:00-04:00,7.492687702178955,702600,BYD,BYDDY
2021-04-21 00:00:00-04:00,7.53467321395874,479400,BYD,BYDDY
2021-04-22 00:00:00-04:00,7.358659267425537,656400,BYD,BYDDY
2021-04-23 00:00:00-04:00,7.550820350646973,346800,BYD,BYDDY
2021-04-26 00:00:00-04:00,7.37965202331543,630000,BYD,BYDDY
2021-04-27 00:00:00-04:00,7.358659267425537,406200,BYD,BYDDY
2021-04-28 00:00:00-04:00,7.190720081329346,1134000,BYD,BYDDY
2021-04-29 00:00:00-04:00,6.930736064910889,1459200,BYD,BYDDY
2021-04-30 00:00:00-04:00,6.690130233764648,883200,BYD,BYDDY
2021-05-03 00:00:00-04:00,6.504427909851074,1535400,BYD,BYDDY
2021-05-04 00:00:00-04:00,6.452754497528076,1375800,BYD,BYDDY
2021-05-05 00:00:00-04:00,6.523805141448975,744000,BYD,BYDDY
2021-05-06 00:00:00-04:00,6.2686662673950195,1794000,BYD,BYDDY
2021-05-07 00:00:00-04:00,6.061972618103027,1418400,BYD,BYDDY
2021-05-10 00:00:00-04:00,5.837514400482178,1906200,BYD,BYDDY
2021-05-11 00:00:00-04:00,5.927942752838135,1805400,BYD,BYDDY
2021-05-12 00:00:00-04:00,5.9763875007629395,1357200,BYD,BYDDY
2021-05-13 00:00:00-04:00,5.821365833282471,1333200,BYD,BYDDY
2021-05-14 00:00:00-04:00,6.102341651916504,1356600,BYD,BYDDY
2021-05-17 00:00:00-04:00,6.376858711242676,1348800,BYD,BYDDY
2021-05-18 00:00:00-04:00,6.396236419677734,963000,BYD,BYDDY
2021-05-19 00:00:00-04:00,6.430147171020508,3690600,BYD,BYDDY
2021-05-20 00:00:00-04:00,6.782174587249756,1211400,BYD,BYDDY
2021-05-21 00:00:00-04:00,6.929122447967529,1810800,BYD,BYDDY
2021-05-24 00:00:00-04:00,7.074454307556152,1003200,BYD,BYDDY
2021-05-25 00:00:00-04:00,7.121283054351807,821400,BYD,BYDDY
2021-05-26 00:00:00-04:00,7.4200215339660645,790800,BYD,BYDDY
2021-05-27 00:00:00-04:00,7.3505859375,757200,BYD,BYDDY
2021-05-28 00:00:00-04:00,7.444243431091309,565200,BYD,BYDDY
2021-06-01 00:00:00-04:00,7.991661548614502,1317000,BYD,BYDDY
2021-06-02 00:00:00-04:00,7.99489164352417,660600,BYD,BYDDY
2021-06-03 00:00:00-04:00,7.820492744445801,672000,BYD,BYDDY
2021-06-04 00:00:00-04:00,8.077247619628906,807600,BYD,BYDDY
2021-06-07 00:00:00-04:00,7.983588218688965,1017600,BYD,BYDDY
2021-06-08 00:00:00-04:00,8.421199798583984,1146000,BYD,BYDDY
2021-06-09 00:00:00-04:00,8.300793647766113,780600,BYD,BYDDY
2021-06-10 00:00:00-04:00,8.832521438598633,1390200,BYD,BYDDY
2021-06-11 00:00:00-04:00,8.945656776428223,976200,BYD,BYDDY
2021-06-14 00:00:00-04:00,9.108891487121582,1223400,BYD,BYDDY
2021-06-15 00:00:00-04:00,9.191317558288574,1072200,BYD,BYDDY
2021-06-16 00:00:00-04:00,8.628880500793457,1914000,BYD,BYDDY
2021-06-17 00:00:00-04:00,9.352938652038574,1755000,BYD,BYDDY
2021-06-18 00:00:00-04:00,9.624459266662598,1911600,BYD,BYDDY
2021-06-21 00:00:00-04:00,9.619610786437988,1614600,BYD,BYDDY
2021-06-22 00:00:00-04:00,9.21232795715332,2545200,BYD,BYDDY
2021-06-23 00:00:00-04:00,9.546882629394531,2308800,BYD,BYDDY
2021-06-24 00:00:00-04:00,9.466072082519531,743400,BYD,BYDDY
2021-06-25 00:00:00-04:00,9.482232093811035,666600,BYD,BYDDY
2021-06-28 00:00:00-04:00,9.915375709533691,1167000,BYD,BYDDY
2021-06-29 00:00:00-04:00,9.915375709533691,729000,BYD,BYDDY
2021-06-30 00:00:00-04:00,9.71011734008789,809400,BYD,BYDDY
2021-07-01 00:00:00-04:00,9.493547439575195,1976400,BYD,BYDDY
2021-07-02 00:00:00-04:00,9.210711479187012,712200,BYD,BYDDY
2021-07-06 00:00:00-04:00,9.247884750366211,897600,BYD,BYDDY
2021-07-07 00:00:00-04:00,9.194549560546875,1175400,BYD,BYDDY
2021-07-08 00:00:00-04:00,9.10242748260498,2080200,BYD,BYDDY
2021-07-09 00:00:00-04:00,9.10727596282959,634200,BYD,BYDDY
2021-07-12 00:00:00-04:00,9.664865493774414,1260600,BYD,BYDDY
2021-07-13 00:00:00-04:00,9.6777925491333,1423800,BYD,BYDDY
2021-07-14 00:00:00-04:00,9.157376289367676,1381200,BYD,BYDDY
2021-07-15 00:00:00-04:00,8.887471199035645,802800,BYD,BYDDY
2021-07-16 00:00:00-04:00,8.70645809173584,745800,BYD,BYDDY
2021-07-19 00:00:00-04:00,8.575546264648438,1767600,BYD,BYDDY
2021-07-20 00:00:00-04:00,8.603022575378418,628800,BYD,BYDDY
2021-07-21 00:00:00-04:00,9.202630996704102,639600,BYD,BYDDY
2021-07-22 00:00:00-04:00,9.222025871276855,894600,BYD,BYDDY
2021-07-23 00:00:00-04:00,9.294754981994629,1021800,BYD,BYDDY
2021-07-26 00:00:00-04:00,8.990909576416016,1302000,BYD,BYDDY
2021-07-27 00:00:00-04:00,8.43978500366211,4179000,BYD,BYDDY
2021-07-28 00:00:00-04:00,9.260814666748047,2296200,BYD,BYDDY
2021-07-29 00:00:00-04:00,9.527486801147461,1389000,BYD,BYDDY
2021-07-30 00:00:00-04:00,9.975173950195312,2733000,BYD,BYDDY
2021-08-02 00:00:00-04:00,10.665289878845215,3069600,BYD,BYDDY
2021-08-03 00:00:00-04:00,10.683069229125977,1543200,BYD,BYDDY
2021-08-04 00:00:00-04:00,11.442682266235352,2437800,BYD,BYDDY
2021-08-05 00:00:00-04:00,11.5946044921875,2113200,BYD,BYDDY
2021-08-06 00:00:00-04:00,11.268133163452148,1197600,BYD,BYDDY
2021-08-09 00:00:00-04:00,11.093583106994629,1420200,BYD,BYDDY
2021-08-10 00:00:00-04:00,11.109745025634766,901800,BYD,BYDDY
2021-08-11 00:00:00-04:00,11.161463737487793,720600,BYD,BYDDY
2021-08-12 00:00:00-04:00,11.386115074157715,992400,BYD,BYDDY
2021-08-13 00:00:00-04:00,11.321467399597168,664200,BYD,BYDDY
2021-08-16 00:00:00-04:00,10.419628143310547,1437000,BYD,BYDDY
2021-08-17 00:00:00-04:00,10.430941581726074,1364400,BYD,BYDDY
2021-08-18 00:00:00-04:00,10.717009544372559,483000,BYD,BYDDY
2021-08-19 00:00:00-04:00,10.705696105957031,1010400,BYD,BYDDY
2021-08-20 00:00:00-04:00,10.563469886779785,742800,BYD,BYDDY
2021-08-23 00:00:00-04:00,11.054794311523438,705000,BYD,BYDDY
2021-08-24 00:00:00-04:00,11.111360549926758,1060200,BYD,BYDDY
2021-08-25 00:00:00-04:00,11.020853996276855,350400,BYD,BYDDY
2021-08-26 00:00:00-04:00,10.540843963623047,1011000,BYD,BYDDY
2021-08-27 00:00:00-04:00,10.611955642700195,513600,BYD,BYDDY
2021-08-30 00:00:00-04:00,10.864082336425781,567600,BYD,BYDDY
2021-08-31 00:00:00-04:00,10.849536895751953,721800,BYD,BYDDY
2021-09-01 00:00:00-04:00,10.747716903686523,751800,BYD,BYDDY
2021-09-02 00:00:00-04:00,10.849536895751953,583200,BYD,BYDDY
2021-09-03 00:00:00-04:00,10.602258682250977,863400,BYD,BYDDY
2021-09-07 00:00:00-04:00,11.366721153259277,1304400,BYD,BYDDY
2021-09-08 00:00:00-04:00,11.001459121704102,1083600,BYD,BYDDY
2021-09-09 00:00:00-04:00,11.009540557861328,485400,BYD,BYDDY
2021-09-10 00:00:00-04:00,10.704078674316406,613800,BYD,BYDDY
2021-09-13 00:00:00-04:00,10.683069229125977,579600,BYD,BYDDY
2021-09-14 00:00:00-04:00,10.86085033416748,749400,BYD,BYDDY
2021-09-15 00:00:00-04:00,10.801050186157227,472200,BYD,BYDDY
2021-09-16 00:00:00-04:00,10.340434074401855,876600,BYD,BYDDY
2021-09-17 00:00:00-04:00,10.590946197509766,843000,BYD,BYDDY
2021-09-20 00:00:00-04:00,9.823250770568848,2729400,BYD,BYDDY
2021-09-21 00:00:00-04:00,10.102852821350098,953400,BYD,BYDDY
2021-09-22 00:00:00-04:00,10.348516464233398,852000,BYD,BYDDY
2021-09-23 00:00:00-04:00,10.03982162475586,715200,BYD,BYDDY
2021-09-24 00:00:00-04:00,9.971941947937012,727800,BYD,BYDDY
2021-09-27 00:00:00-04:00,10.091540336608887,466800,BYD,BYDDY
2021-09-28 00:00:00-04:00,9.933152198791504,576600,BYD,BYDDY
2021-09-29 00:00:00-04:00,9.756987571716309,417000,BYD,BYDDY
2021-09-30 00:00:00-04:00,10.07861042022705,580800,BYD,BYDDY
2021-10-01 00:00:00-04:00,9.983255386352539,427800,BYD,BYDDY
2021-10-04 00:00:00-04:00,9.915375709533691,795600,BYD,BYDDY
2021-10-05 00:00:00-04:00,10.283867835998535,823200,BYD,BYDDY
2021-10-06 00:00:00-04:00,10.012346267700195,543000,BYD,BYDDY
2021-10-07 00:00:00-04:00,10.45680046081543,948600,BYD,BYDDY
2021-10-08 00:00:00-04:00,10.277402877807617,567600,BYD,BYDDY
2021-10-11 00:00:00-04:00,10.616804122924805,666000,BYD,BYDDY
2021-10-12 00:00:00-04:00,10.573166847229004,328200,BYD,BYDDY
2021-10-13 00:00:00-04:00,10.912569046020508,784800,BYD,BYDDY
2021-10-14 00:00:00-04:00,10.917417526245117,1197000,BYD,BYDDY
2021-10-15 00:00:00-04:00,11.413590431213379,1175400,BYD,BYDDY
2021-10-18 00:00:00-04:00,11.575211524963379,618000,BYD,BYDDY
2021-10-19 00:00:00-04:00,11.790163040161133,499200,BYD,BYDDY
2021-10-20 00:00:00-04:00,11.851581573486328,493800,BYD,BYDDY
2021-10-21 00:00:00-04:00,11.87097454071045,717600,BYD,BYDDY
2021-10-22 00:00:00-04:00,12.308963775634766,954000,BYD,BYDDY
2021-10-25 00:00:00-04:00,12.958674430847168,1546800,BYD,BYDDY
2021-10-26 00:00:00-04:00,12.852005958557129,1362600,BYD,BYDDY
2021-10-27 00:00:00-04:00,12.923118591308594,798000,BYD,BYDDY
2021-10-28 00:00:00-04:00,12.097241401672363,2239200,BYD,BYDDY
2021-10-29 00:00:00-04:00,11.70773696899414,1553400,BYD,BYDDY
2021-11-01 00:00:00-04:00,12.115018844604492,1666800,BYD,BYDDY
2021-11-02 00:00:00-04:00,12.350985527038574,1138200,BYD,BYDDY
2021-11-03 00:00:00-04:00,12.265324592590332,598800,BYD,BYDDY
2021-11-04 00:00:00-04:00,12.947362899780273,1053600,BYD,BYDDY
2021-11-05 00:00:00-04:00,12.759882926940918,768600,BYD,BYDDY
2021-11-08 00:00:00-05:00,12.75341796875,608400,BYD,BYDDY
2021-11-09 00:00:00-05:00,12.748568534851074,938400,BYD,BYDDY
2021-11-10 00:00:00-05:00,12.407551765441895,840000,BYD,BYDDY
2021-11-11 00:00:00-05:00,12.790590286254883,861600,BYD,BYDDY
2021-11-12 00:00:00-05:00,12.46896743774414,1037400,BYD,BYDDY
2021-11-15 00:00:00-05:00,12.126333236694336,862800,BYD,BYDDY
2021-11-16 00:00:00-05:00,12.609576225280762,1102200,BYD,BYDDY
2021-11-17 00:00:00-05:00,12.292801856994629,906000,BYD,BYDDY
2021-11-18 00:00:00-05:00,12.456038475036621,976200,BYD,BYDDY
2021-11-19 00:00:00-05:00,12.451189041137695,612000,BYD,BYDDY
2021-11-22 00:00:00-05:00,13.016858100891113,1081800,BYD,BYDDY
2021-11-23 00:00:00-05:00,13.117063522338867,856200,BYD,BYDDY
2021-11-24 00:00:00-05:00,13.091203689575195,600000,BYD,BYDDY
2021-11-26 00:00:00-05:00,12.467351913452148,939600,BYD,BYDDY
2021-11-29 00:00:00-05:00,12.637051582336426,1119600,BYD,BYDDY
2021-11-30 00:00:00-05:00,12.776045799255371,1507200,BYD,BYDDY
2021-12-01 00:00:00-05:00,12.522302627563477,880200,BYD,BYDDY
2021-12-02 00:00:00-05:00,12.520686149597168,619200,BYD,BYDDY
2021-12-03 00:00:00-05:00,12.005118370056152,2301000,BYD,BYDDY
2021-12-06 00:00:00-05:00,11.93077278137207,1206000,BYD,BYDDY
2021-12-07 00:00:00-05:00,12.200678825378418,486000,BYD,BYDDY
2021-12-08 00:00:00-05:00,12.224922180175781,500400,BYD,BYDDY
2021-12-09 00:00:00-05:00,11.972794532775879,568200,BYD,BYDDY
2021-12-10 00:00:00-05:00,12.06814956665039,405600,BYD,BYDDY
2021-12-13 00:00:00-05:00,11.74975872039795,956400,BYD,BYDDY
2021-12-14 00:00:00-05:00,11.496017456054688,1510800,BYD,BYDDY
2021-12-15 00:00:00-05:00,11.087119102478027,2277000,BYD,BYDDY
2021-12-16 00:00:00-05:00,11.271364212036133,549000,BYD,BYDDY
2021-12-17 00:00:00-05:00,10.957822799682617,931800,BYD,BYDDY
2021-12-20 00:00:00-05:00,10.114166259765625,2460600,BYD,BYDDY
2021-12-21 00:00:00-05:00,10.794586181640625,851400,BYD,BYDDY
2021-12-22 00:00:00-05:00,11.041865348815918,453000,BYD,BYDDY
2021-12-23 00:00:00-05:00,11.166313171386719,595200,BYD,BYDDY
2021-12-27 00:00:00-05:00,10.885093688964844,745200,BYD,BYDDY
2021-12-28 00:00:00-05:00,10.702463150024414,399600,BYD,BYDDY
2021-12-29 00:00:00-05:00,10.854385375976562,524400,BYD,BYDDY
2021-12-30 00:00:00-05:00,11.253586769104004,1653600,BYD,BYDDY
2021-12-31 00:00:00-05:00,10.90933609008789,595800,BYD,BYDDY
2022-01-03 00:00:00-05:00,11.266514778137207,829200,BYD,BYDDY
2022-01-04 00:00:00-05:00,11.18570613861084,953400,BYD,BYDDY
2022-01-05 00:00:00-05:00,10.343667030334473,1438200,BYD,BYDDY
2022-01-06 00:00:00-05:00,10.304878234863281,804000,BYD,BYDDY
2022-01-07 00:00:00-05:00,10.196593284606934,651600,BYD,BYDDY
2022-01-10 00:00:00-05:00,9.900829315185547,1439400,BYD,BYDDY
2022-01-11 00:00:00-05:00,10.298413276672363,805800,BYD,BYDDY
2022-01-12 00:00:00-05:00,10.922266960144043,966600,BYD,BYDDY
2022-01-13 00:00:00-05:00,10.670138359069824,879000,BYD,BYDDY
2022-01-14 00:00:00-05:00,10.985297203063965,689400,BYD,BYDDY
2022-01-18 00:00:00-05:00,10.965903282165527,828000,BYD,BYDDY
2022-01-19 00:00:00-05:00,10.555389404296875,415200,BYD,BYDDY
2022-01-20 00:00:00-05:00,10.818828582763672,599400,BYD,BYDDY
2022-01-21 00:00:00-05:00,10.548924446105957,1168800,BYD,BYDDY
2022-01-24 00:00:00-05:00,9.971941947937012,2722800,BYD,BYDDY
2022-01-25 00:00:00-05:00,9.997801780700684,481200,BYD,BYDDY
2022-01-26 00:00:00-05:00,10.068913459777832,567600,BYD,BYDDY
2022-01-27 00:00:00-05:00,9.813553810119629,1399800,BYD,BYDDY
2022-01-28 00:00:00-05:00,9.091114044189453,1525200,BYD,BYDDY
2022-01-31 00:00:00-05:00,9.630924224853516,794400,BYD,BYDDY
2022-02-01 00:00:00-05:00,9.676177024841309,543600,BYD,BYDDY
2022-02-02 00:00:00-05:00,9.6777925491333,651000,BYD,BYDDY
2022-02-03 00:00:00-05:00,9.511324882507324,717600,BYD,BYDDY
2022-02-04 00:00:00-05:00,9.939618110656738,621600,BYD,BYDDY
2022-02-07 00:00:00-05:00,10.015578269958496,279000,BYD,BYDDY
2022-02-08 00:00:00-05:00,9.981637954711914,638400,BYD,BYDDY
2022-02-09 00:00:00-05:00,10.291948318481445,527400,BYD,BYDDY
2022-02-10 00:00:00-05:00,9.855574607849121,516600,BYD,BYDDY
2022-02-11 00:00:00-05:00,9.435362815856934,1093200,BYD,BYDDY
2022-02-14 00:00:00-05:00,9.698803901672363,982800,BYD,BYDDY
2022-02-15 00:00:00-05:00,10.199827194213867,712800,BYD,BYDDY
2022-02-16 00:00:00-05:00,10.235382080078125,318600,BYD,BYDDY
2022-02-17 00:00:00-05:00,10.337201118469238,839400,BYD,BYDDY
2022-02-18 00:00:00-05:00,10.017194747924805,372000,BYD,BYDDY
2022-02-22 00:00:00-05:00,9.697187423706055,529200,BYD,BYDDY
2022-02-23 00:00:00-05:00,9.810320854187012,630000,BYD,BYDDY
2022-02-24 00:00:00-05:00,9.708501815795898,1121400,BYD,BYDDY
2022-02-25 00:00:00-05:00,9.941234588623047,589800,BYD,BYDDY
2022-02-28 00:00:00-05:00,10.02689266204834,1129800,BYD,BYDDY
2022-03-01 00:00:00-05:00,9.719813346862793,431400,BYD,BYDDY
2022-03-02 00:00:00-05:00,9.904061317443848,414600,BYD,BYDDY
2022-03-03 00:00:00-05:00,9.377181053161621,1249800,BYD,BYDDY
2022-03-04 00:00:00-05:00,8.669285774230957,1119600,BYD,BYDDY
2022-03-07 00:00:00-05:00,8.257157325744629,1371000,BYD,BYDDY
2022-03-08 00:00:00-05:00,7.798155784606934,2323200,BYD,BYDDY
2022-03-09 00:00:00-05:00,8.270084381103516,1251000,BYD,BYDDY
2022-03-10 00:00:00-05:00,7.920986652374268,2311800,BYD,BYDDY
2022-03-11 00:00:00-05:00,7.668858528137207,1474800,BYD,BYDDY
2022-03-14 00:00:00-04:00,6.998137474060059,2814600,BYD,BYDDY
2022-03-15 00:00:00-04:00,7.234102249145508,2069400,BYD,BYDDY
2022-03-16 00:00:00-04:00,8.858381271362305,2403000,BYD,BYDDY
2022-03-17 00:00:00-04:00,8.709691047668457,838200,BYD,BYDDY
2022-03-18 00:00:00-04:00,9.17677116394043,1441800,BYD,BYDDY
2022-03-21 00:00:00-04:00,8.784036636352539,880800,BYD,BYDDY
2022-03-22 00:00:00-04:00,9.16061019897461,724200,BYD,BYDDY
2022-03-23 00:00:00-04:00,9.24465274810791,826200,BYD,BYDDY
2022-03-24 00:00:00-04:00,9.268895149230957,339600,BYD,BYDDY
2022-03-25 00:00:00-04:00,8.822824478149414,1422000,BYD,BYDDY
2022-03-28 00:00:00-04:00,8.88424015045166,793800,BYD,BYDDY
2022-03-29 00:00:00-04:00,8.921412467956543,887400,BYD,BYDDY
2022-03-30 00:00:00-04:00,9.22364330291748,957000,BYD,BYDDY
2022-03-31 00:00:00-04:00,8.944040298461914,1369200,BYD,BYDDY
2022-04-01 00:00:00-04:00,9.34162425994873,898800,BYD,BYDDY
2022-04-04 00:00:00-04:00,10.156187057495117,1110600,BYD,BYDDY
2022-04-05 00:00:00-04:00,9.841028213500977,1809000,BYD,BYDDY
2022-04-06 00:00:00-04:00,9.700420379638672,907200,BYD,BYDDY
2022-04-07 00:00:00-04:00,9.640621185302734,837600,BYD,BYDDY
2022-04-08 00:00:00-04:00,9.7117338180542,523200,BYD,BYDDY
2022-04-11 00:00:00-04:00,9.22364330291748,855000,BYD,BYDDY
2022-04-12 00:00:00-04:00,9.142831802368164,729000,BYD,BYDDY
2022-04-13 00:00:00-04:00,9.65355110168457,679200,BYD,BYDDY
2022-04-14 00:00:00-04:00,9.664865493774414,646800,BYD,BYDDY
2022-04-18 00:00:00-04:00,9.656782150268555,840600,BYD,BYDDY
2022-04-19 00:00:00-04:00,9.947698593139648,715200,BYD,BYDDY
2022-04-20 00:00:00-04:00,9.588903427124023,891600,BYD,BYDDY
2022-04-21 00:00:00-04:00,9.215560913085938,943800,BYD,BYDDY
2022-04-22 00:00:00-04:00,9.39172649383545,482400,BYD,BYDDY
2022-04-25 00:00:00-04:00,9.222025871276855,1013400,BYD,BYDDY
2022-04-26 00:00:00-04:00,8.897170066833496,832800,BYD,BYDDY
2022-04-27 00:00:00-04:00,9.236571311950684,653400,BYD,BYDDY
2022-04-28 00:00:00-04:00,9.357786178588867,909000,BYD,BYDDY
2022-04-29 00:00:00-04:00,9.362634658813477,1428000,BYD,BYDDY
2022-05-02 00:00:00-04:00,9.37394905090332,1174200,BYD,BYDDY
2022-05-03 00:00:00-04:00,9.689106941223145,776400,BYD,BYDDY
2022-05-04 00:00:00-04:00,9.981637954711914,1042200,BYD,BYDDY
2022-05-05 00:00:00-04:00,9.37394905090332,1075200,BYD,BYDDY
2022-05-06 00:00:00-04:00,9.238187789916992,806400,BYD,BYDDY
2022-05-09 00:00:00-04:00,8.538373947143555,1120200,BYD,BYDDY
2022-05-10 00:00:00-04:00,8.712923049926758,1125600,BYD,BYDDY
2022-05-11 00:00:00-04:00,9.20424747467041,1393200,BYD,BYDDY
2022-05-12 00:00:00-04:00,9.255967140197754,1155600,BYD,BYDDY
2022-05-13 00:00:00-04:00,9.823250770568848,1100400,BYD,BYDDY
2022-05-16 00:00:00-04:00,9.841028213500977,841200,BYD,BYDDY
2022-05-17 00:00:00-04:00,10.481043815612793,1449600,BYD,BYDDY
2022-05-18 00:00:00-04:00,10.477811813354492,1695000,BYD,BYDDY
2022-05-19 00:00:00-04:00,10.9109525680542,1434000,BYD,BYDDY
2022-05-20 00:00:00-04:00,10.76064682006836,1368600,BYD,BYDDY
2022-05-23 00:00:00-04:00,11.009540557861328,1405200,BYD,BYDDY
2022-05-24 00:00:00-04:00,10.319424629211426,1216200,BYD,BYDDY
2022-05-25 00:00:00-04:00,10.686301231384277,740400,BYD,BYDDY
2022-05-26 00:00:00-04:00,11.243889808654785,1152600,BYD,BYDDY
2022-05-27 00:00:00-04:00,11.253586769104004,1877400,BYD,BYDDY
2022-05-31 00:00:00-04:00,11.476622581481934,1578000,BYD,BYDDY
2022-06-01 00:00:00-04:00,11.521875381469727,876000,BYD,BYDDY
2022-06-02 00:00:00-04:00,12.058454513549805,1265400,BYD,BYDDY
2022-06-03 00:00:00-04:00,11.814407348632812,717600,BYD,BYDDY
2022-06-06 00:00:00-04:00,12.360681533813477,1700400,BYD,BYDDY
2022-06-07 00:00:00-04:00,12.359066009521484,740400,BYD,BYDDY
2022-06-08 00:00:00-04:00,12.585334777832031,1268400,BYD,BYDDY
2022-06-09 00:00:00-04:00,12.090776443481445,1377600,BYD,BYDDY
2022-06-10 00:00:00-04:00,12.657181739807129,1324800,BYD,BYDDY
2022-06-13 00:00:00-04:00,12.193127632141113,1875000,BYD,BYDDY
2022-06-14 00:00:00-04:00,12.823723793029785,1744200,BYD,BYDDY
2022-06-15 00:00:00-04:00,12.22385025024414,2303400,BYD,BYDDY
2022-06-16 00:00:00-04:00,11.774348258972168,2642400,BYD,BYDDY
2022-06-17 00:00:00-04:00,12.058923721313477,982800,BYD,BYDDY
2022-06-21 00:00:00-04:00,12.432430267333984,1120200,BYD,BYDDY
2022-06-22 00:00:00-04:00,12.31601333618164,1064400,BYD,BYDDY
2022-06-23 00:00:00-04:00,12.773598670959473,1029000,BYD,BYDDY
2022-06-24 00:00:00-04:00,12.757428169250488,1395000,BYD,BYDDY
2022-06-27 00:00:00-04:00,12.974095344543457,1353000,BYD,BYDDY
2022-06-28 00:00:00-04:00,13.413895606994629,1860000,BYD,BYDDY
2022-06-29 00:00:00-04:00,13.105066299438477,1453200,BYD,BYDDY
2022-06-30 00:00:00-04:00,13.012901306152344,1369800,BYD,BYDDY
2022-07-01 00:00:00-04:00,12.89001750946045,1069800,BYD,BYDDY
2022-07-05 00:00:00-04:00,12.97086238861084,2035800,BYD,BYDDY
2022-07-06 00:00:00-04:00,12.990264892578125,1007400,BYD,BYDDY
2022-07-07 00:00:00-04:00,13.649964332580566,1045200,BYD,BYDDY
2022-07-08 00:00:00-04:00,13.337900161743164,1207200,BYD,BYDDY
2022-07-11 00:00:00-04:00,12.543997764587402,1003200,BYD,BYDDY
2022-07-12 00:00:00-04:00,11.164772033691406,2536800,BYD,BYDDY
2022-07-13 00:00:00-04:00,11.237533569335938,1585200,BYD,BYDDY
2022-07-14 00:00:00-04:00,12.079943656921387,1081800,BYD,BYDDY
2022-07-15 00:00:00-04:00,12.167257308959961,849600,BYD,BYDDY
2022-07-18 00:00:00-04:00,11.997481346130371,1493400,BYD,BYDDY
2022-07-19 00:00:00-04:00,12.078326225280762,1048800,BYD,BYDDY
2022-07-20 00:00:00-04:00,11.77919864654541,1640400,BYD,BYDDY
2022-07-21 00:00:00-04:00,11.906933784484863,628200,BYD,BYDDY
2022-07-22 00:00:00-04:00,11.549596786499023,843600,BYD,BYDDY
2022-07-25 00:00:00-04:00,11.793750762939453,625200,BYD,BYDDY
2022-07-26 00:00:00-04:00,11.693501472473145,409200,BYD,BYDDY
2022-07-27 00:00:00-04:00,11.984546661376953,361800,BYD,BYDDY
2022-07-28 00:00:00-04:00,12.02981948852539,575400,BYD,BYDDY
2022-07-29 00:00:00-04:00,11.809920310974121,1002600,BYD,BYDDY
2022-08-01 00:00:00-04:00,12.037903785705566,1576200,BYD,BYDDY
2022-08-02 00:00:00-04:00,11.877829551696777,1297200,BYD,BYDDY
2022-08-03 00:00:00-04:00,12.016884803771973,637200,BYD,BYDDY
2022-08-04 00:00:00-04:00,12.298227310180664,727200,BYD,BYDDY
2022-08-05 00:00:00-04:00,11.889148712158203,600600,BYD,BYDDY
2022-08-08 00:00:00-04:00,12.036287307739258,596400,BYD,BYDDY
2022-08-09 00:00:00-04:00,11.780815124511719,496800,BYD,BYDDY
2022-08-10 00:00:00-04:00,11.717755317687988,675600,BYD,BYDDY
2022-08-11 00:00:00-04:00,11.86489486694336,693600,BYD,BYDDY
2022-08-12 00:00:00-04:00,11.85357666015625,423000,BYD,BYDDY
2022-08-15 00:00:00-04:00,11.787282943725586,702000,BYD,BYDDY
2022-08-16 00:00:00-04:00,11.740392684936523,842400,BYD,BYDDY
2022-08-17 00:00:00-04:00,11.8471097946167,496200,BYD,BYDDY
2022-08-18 00:00:00-04:00,11.680566787719727,298200,BYD,BYDDY
2022-08-19 00:00:00-04:00,11.277956008911133,721200,BYD,BYDDY
2022-08-22 00:00:00-04:00,11.350716590881348,464400,BYD,BYDDY
2022-08-23 00:00:00-04:00,11.159921646118164,952200,BYD,BYDDY
2022-08-24 00:00:00-04:00,10.844624519348145,832200,BYD,BYDDY
2022-08-25 00:00:00-04:00,10.996613502502441,1647600,BYD,BYDDY
2022-08-26 00:00:00-04:00,10.909300804138184,1362600,BYD,BYDDY
2022-08-29 00:00:00-04:00,11.266636848449707,1030800,BYD,BYDDY
2022-08-30 00:00:00-04:00,10.377336502075195,2014800,BYD,BYDDY
2022-08-31 00:00:00-04:00,9.990894317626953,1560600,BYD,BYDDY
2022-09-01 00:00:00-04:00,9.523606300354004,1787400,BYD,BYDDY
2022-09-02 00:00:00-04:00,8.868758201599121,1992600,BYD,BYDDY
2022-09-06 00:00:00-04:00,8.893012046813965,1591200,BYD,BYDDY
2022-09-07 00:00:00-04:00,9.289155006408691,2019600,BYD,BYDDY
2022-09-08 00:00:00-04:00,9.023983001708984,623400,BYD,BYDDY
2022-09-09 00:00:00-04:00,9.151717185974121,832200,BYD,BYDDY
2022-09-12 00:00:00-04:00,9.329578399658203,961800,BYD,BYDDY
2022-09-13 00:00:00-04:00,9.255200386047363,1368600,BYD,BYDDY
2022-09-14 00:00:00-04:00,9.098359107971191,748200,BYD,BYDDY
2022-09-15 00:00:00-04:00,8.815401077270508,600600,BYD,BYDDY
2022-09-16 00:00:00-04:00,8.773360252380371,560400,BYD,BYDDY
2022-09-19 00:00:00-04:00,9.07895565032959,630600,BYD,BYDDY
2022-09-20 00:00:00-04:00,9.011045455932617,495600,BYD,BYDDY
2022-09-21 00:00:00-04:00,8.771743774414062,607200,BYD,BYDDY
2022-09-22 00:00:00-04:00,8.774977684020996,582000,BYD,BYDDY
2022-09-23 00:00:00-04:00,8.590649604797363,877200,BYD,BYDDY
2022-09-26 00:00:00-04:00,8.737788200378418,451200,BYD,BYDDY
2022-09-27 00:00:00-04:00,8.645624160766602,1191600,BYD,BYDDY
2022-09-28 00:00:00-04:00,8.698983192443848,828600,BYD,BYDDY
2022-09-29 00:00:00-04:00,8.147614479064941,804600,BYD,BYDDY
2022-09-30 00:00:00-04:00,7.947119235992432,650400,BYD,BYDDY
2022-10-03 00:00:00-04:00,8.108809471130371,789000,BYD,BYDDY
2022-10-04 00:00:00-04:00,8.77821159362793,2195400,BYD,BYDDY
2022-10-05 00:00:00-04:00,8.590649604797363,849600,BYD,BYDDY
2022-10-06 00:00:00-04:00,8.327093124389648,461400,BYD,BYDDY
2022-10-07 00:00:00-04:00,8.003711700439453,573000,BYD,BYDDY
2022-10-10 00:00:00-04:00,7.745005130767822,1132800,BYD,BYDDY
2022-10-11 00:00:00-04:00,7.745005130767822,1858200,BYD,BYDDY
2022-10-12 00:00:00-04:00,7.963287830352783,906600,BYD,BYDDY
2022-10-13 00:00:00-04:00,7.929332733154297,900000,BYD,BYDDY
2022-10-14 00:00:00-04:00,7.854955196380615,455400,BYD,BYDDY
2022-10-17 00:00:00-04:00,8.31092357635498,1195200,BYD,BYDDY
2022-10-18 00:00:00-04:00,8.393385887145996,1607400,BYD,BYDDY
2022-10-19 00:00:00-04:00,8.003711700439453,859800,BYD,BYDDY
2022-10-20 00:00:00-04:00,8.058686256408691,621000,BYD,BYDDY
2022-10-21 00:00:00-04:00,8.246247291564941,658800,BYD,BYDDY
2022-10-24 00:00:00-04:00,7.580079555511475,2454600,BYD,BYDDY
2022-10-25 00:00:00-04:00,7.6544575691223145,1808400,BYD,BYDDY
2022-10-26 00:00:00-04:00,7.804830551147461,1692000,BYD,BYDDY
2022-10-27 00:00:00-04:00,7.517019748687744,1492200,BYD,BYDDY
2022-10-28 00:00:00-04:00,7.093390464782715,2199600,BYD,BYDDY
2022-10-31 00:00:00-04:00,7.311673164367676,837600,BYD,BYDDY
2022-11-01 00:00:00-04:00,7.528339385986328,1393200,BYD,BYDDY
2022-11-02 00:00:00-04:00,7.709433555603027,2030400,BYD,BYDDY
2022-11-03 00:00:00-04:00,7.919630527496338,1312800,BYD,BYDDY
2022-11-04 00:00:00-04:00,7.880824565887451,3375000,BYD,BYDDY
2022-11-07 00:00:00-05:00,8.09587574005127,1653000,BYD,BYDDY
2022-11-08 00:00:00-05:00,8.128212928771973,955800,BYD,BYDDY
2022-11-09 00:00:00-05:00,7.4377923011779785,985200,BYD,BYDDY
2022-11-10 00:00:00-05:00,7.796746253967285,1340400,BYD,BYDDY
2022-11-11 00:00:00-05:00,8.008562088012695,1695600,BYD,BYDDY
2022-11-14 00:00:00-05:00,7.905077934265137,798000,BYD,BYDDY
2022-11-15 00:00:00-05:00,8.003711700439453,1405200,BYD,BYDDY
2022-11-16 00:00:00-05:00,7.79027795791626,710400,BYD,BYDDY
2022-11-17 00:00:00-05:00,7.825850009918213,864000,BYD,BYDDY
2022-11-18 00:00:00-05:00,7.643138885498047,504000,BYD,BYDDY
2022-11-21 00:00:00-05:00,7.578463077545166,703800,BYD,BYDDY
2022-11-22 00:00:00-05:00,7.284185409545898,1440600,BYD,BYDDY
2022-11-23 00:00:00-05:00,7.327841281890869,682800,BYD,BYDDY
2022-11-25 00:00:00-05:00,7.075603485107422,1053000,BYD,BYDDY
2022-11-28 00:00:00-05:00,7.146747589111328,1057800,BYD,BYDDY
2022-11-29 00:00:00-05:00,7.5396575927734375,842400,BYD,BYDDY
2022-11-30 00:00:00-05:00,8.281820297241211,2473800,BYD,BYDDY
2022-12-01 00:00:00-05:00,8.084556579589844,1002000,BYD,BYDDY
2022-12-02 00:00:00-05:00,8.407938957214355,1669200,BYD,BYDDY
2022-12-05 00:00:00-05:00,7.950352668762207,1513800,BYD,BYDDY
2022-12-06 00:00:00-05:00,8.297988891601562,1633800,BYD,BYDDY
2022-12-07 00:00:00-05:00,8.466148376464844,1232400,BYD,BYDDY
2022-12-08 00:00:00-05:00,8.931818962097168,2228400,BYD,BYDDY
2022-12-09 00:00:00-05:00,8.720002174377441,1534200,BYD,BYDDY
2022-12-12 00:00:00-05:00,8.768508911132812,723600,BYD,BYDDY
2022-12-13 00:00:00-05:00,8.635923385620117,1056000,BYD,BYDDY
2022-12-14 00:00:00-05:00,8.53082275390625,1025400,BYD,BYDDY
2022-12-15 00:00:00-05:00,8.506569862365723,1878000,BYD,BYDDY
2022-12-16 00:00:00-05:00,8.538908958435059,2408400,BYD,BYDDY
2022-12-19 00:00:00-05:00,8.370749473571777,1164600,BYD,BYDDY
2022-12-20 00:00:00-05:00,8.296372413635254,654000,BYD,BYDDY
2022-12-21 00:00:00-05:00,8.356196403503418,1026000,BYD,BYDDY
2022-12-22 00:00:00-05:00,8.100726127624512,791400,BYD,BYDDY
2022-12-23 00:00:00-05:00,7.92286491394043,363000,BYD,BYDDY
2022-12-27 00:00:00-05:00,7.906695365905762,2196000,BYD,BYDDY
2022-12-28 00:00:00-05:00,7.840403079986572,1096800,BYD,BYDDY
2022-12-29 00:00:00-05:00,8.084556579589844,1222200,BYD,BYDDY
2022-12-30 00:00:00-05:00,7.945502281188965,360600,BYD,BYDDY
2023-01-03 00:00:00-05:00,8.252716064453125,1242600,BYD,BYDDY
2023-01-04 00:00:00-05:00,8.708684921264648,1317000,BYD,BYDDY
2023-01-05 00:00:00-05:00,8.627839088439941,1860600,BYD,BYDDY
2023-01-06 00:00:00-05:00,8.488783836364746,1697400,BYD,BYDDY
2023-01-09 00:00:00-05:00,8.385302543640137,934800,BYD,BYDDY
2023-01-10 00:00:00-05:00,8.647241592407227,1287600,BYD,BYDDY
2023-01-11 00:00:00-05:00,9.088658332824707,1080000,BYD,BYDDY
2023-01-12 00:00:00-05:00,9.581816673278809,1990200,BYD,BYDDY
2023-01-13 00:00:00-05:00,9.555946350097656,809400,BYD,BYDDY
2023-01-17 00:00:00-05:00,9.184056282043457,736200,BYD,BYDDY
2023-01-18 00:00:00-05:00,9.066021919250488,819600,BYD,BYDDY
2023-01-19 00:00:00-05:00,9.412040710449219,602400,BYD,BYDDY
2023-01-20 00:00:00-05:00,9.42174243927002,914400,BYD,BYDDY
2023-01-23 00:00:00-05:00,9.573731422424316,1441200,BYD,BYDDY
2023-01-24 00:00:00-05:00,9.614154815673828,516600,BYD,BYDDY
2023-01-25 00:00:00-05:00,9.572114944458008,1128600,BYD,BYDDY
2023-01-26 00:00:00-05:00,10.037785530090332,1639800,BYD,BYDDY
2023-01-27 00:00:00-05:00,10.267386436462402,1152600,BYD,BYDDY
2023-01-30 00:00:00-05:00,10.377336502075195,2062800,BYD,BYDDY
2023-01-31 00:00:00-05:00,10.267386436462402,1674600,BYD,BYDDY
2023-02-01 00:00:00-05:00,10.857559204101562,1667400,BYD,BYDDY
2023-02-02 00:00:00-05:00,10.734673500061035,1686000,BYD,BYDDY
2023-02-03 00:00:00-05:00,10.414525032043457,1525200,BYD,BYDDY
2023-02-06 00:00:00-05:00,10.110546112060547,3430200,BYD,BYDDY
2023-02-07 00:00:00-05:00,10.05072021484375,814800,BYD,BYDDY
2023-02-08 00:00:00-05:00,9.809800148010254,1383600,BYD,BYDDY
2023-02-09 00:00:00-05:00,10.13318157196045,1050000,BYD,BYDDY
2023-02-10 00:00:00-05:00,9.804949760437012,1506000,BYD,BYDDY
2023-02-13 00:00:00-05:00,9.9650239944458,651000,BYD,BYDDY
2023-02-14 00:00:00-05:00,9.892263412475586,722400,BYD,BYDDY
2023-02-15 00:00:00-05:00,9.879328727722168,658800,BYD,BYDDY
2023-02-16 00:00:00-05:00,9.717637062072754,2121000,BYD,BYDDY
2023-02-17 00:00:00-05:00,9.473483085632324,1306800,BYD,BYDDY
2023-02-21 00:00:00-05:00,9.300475120544434,1022400,BYD,BYDDY
2023-02-22 00:00:00-05:00,9.213160514831543,951000,BYD,BYDDY
2023-02-23 00:00:00-05:00,9.129080772399902,1062600,BYD,BYDDY
2023-02-24 00:00:00-05:00,8.97870922088623,1755600,BYD,BYDDY
2023-02-27 00:00:00-05:00,8.842887878417969,1331400,BYD,BYDDY
2023-02-28 00:00:00-05:00,8.694131851196289,724800,BYD,BYDDY
2023-03-01 00:00:00-05:00,9.130697250366211,1626000,BYD,BYDDY
2023-03-02 00:00:00-05:00,9.318259239196777,1184400,BYD,BYDDY
2023-03-03 00:00:00-05:00,9.373234748840332,730200,BYD,BYDDY
2023-03-06 00:00:00-05:00,9.290772438049316,1322400,BYD,BYDDY
2023-03-07 00:00:00-05:00,9.019131660461426,971400,BYD,BYDDY
2023-03-08 00:00:00-05:00,8.972240447998047,757800,BYD,BYDDY
2023-03-09 00:00:00-05:00,8.812166213989258,598200,BYD,BYDDY
2023-03-10 00:00:00-05:00,8.296372413635254,1842600,BYD,BYDDY
2023-03-13 00:00:00-04:00,8.084556579589844,1238400,BYD,BYDDY
2023-03-14 00:00:00-04:00,8.217143058776855,1369200,BYD,BYDDY
2023-03-15 00:00:00-04:00,8.115277290344238,676800,BYD,BYDDY
2023-03-16 00:00:00-04:00,8.351346015930176,732000,BYD,BYDDY
2023-03-17 00:00:00-04:00,8.327093124389648,752400,BYD,BYDDY
2023-03-20 00:00:00-04:00,8.296372413635254,922800,BYD,BYDDY
2023-03-21 00:00:00-04:00,8.359431266784668,1726200,BYD,BYDDY
2023-03-22 00:00:00-04:00,8.443510055541992,834600,BYD,BYDDY
2023-03-23 00:00:00-04:00,8.631072998046875,870600,BYD,BYDDY
2023-03-24 00:00:00-04:00,8.655326843261719,698400,BYD,BYDDY
2023-03-27 00:00:00-04:00,8.556693077087402,508800,BYD,BYDDY
2023-03-28 00:00:00-04:00,8.930201530456543,1182600,BYD,BYDDY
2023-03-29 00:00:00-04:00,9.104827880859375,1966800,BYD,BYDDY
2023-03-30 00:00:00-04:00,9.447611808776855,1375200,BYD,BYDDY
2023-03-31 00:00:00-04:00,9.513906478881836,993000,BYD,BYDDY
2023-04-03 00:00:00-04:00,9.536541938781738,1247400,BYD,BYDDY
2023-04-04 00:00:00-04:00,9.43144416809082,763800,BYD,BYDDY
2023-04-05 00:00:00-04:00,9.253582954406738,952200,BYD,BYDDY
2023-04-06 00:00:00-04:00,9.412040710449219,417600,BYD,BYDDY
2023-04-10 00:00:00-04:00,9.373234748840332,725400,BYD,BYDDY
2023-04-11 00:00:00-04:00,9.348980903625488,593400,BYD,BYDDY
2023-04-12 00:00:00-04:00,8.99002742767334,798600,BYD,BYDDY
2023-04-13 00:00:00-04:00,9.179204940795898,340800,BYD,BYDDY
2023-04-14 00:00:00-04:00,9.232563972473145,395400,BYD,BYDDY
2023-04-17 00:00:00-04:00,9.496118545532227,929400,BYD,BYDDY
2023-04-18 00:00:00-04:00,9.455697059631348,1165800,BYD,BYDDY
2023-04-19 00:00:00-04:00,9.58828353881836,998400,BYD,BYDDY
2023-04-20 00:00:00-04:00,9.289155006408691,1138200,BYD,BYDDY
2023-04-21 00:00:00-04:00,9.175971031188965,671400,BYD,BYDDY
2023-04-24 00:00:00-04:00,9.42174243927002,902400,BYD,BYDDY
2023-04-25 00:00:00-04:00,9.069254875183105,890400,BYD,BYDDY
2023-04-26 00:00:00-04:00,9.509055137634277,720000,BYD,BYDDY
2023-04-27 00:00:00-04:00,10.019998550415039,1513800,BYD,BYDDY
2023-04-28 00:00:00-04:00,9.806565284729004,670200,BYD,BYDDY
2023-05-01 00:00:00-04:00,9.769377708435059,530400,BYD,BYDDY
2023-05-02 00:00:00-04:00,9.395872116088867,1125600,BYD,BYDDY
2023-05-03 00:00:00-04:00,9.551095008850098,552600,BYD,BYDDY
2023-05-04 00:00:00-04:00,9.733805656433105,848400,BYD,BYDDY
2023-05-05 00:00:00-04:00,9.766143798828125,1153200,BYD,BYDDY
2023-05-08 00:00:00-04:00,9.795248985290527,777000,BYD,BYDDY
2023-05-09 00:00:00-04:00,9.814651489257812,588600,BYD,BYDDY
2023-05-10 00:00:00-04:00,10.11378002166748,2523000,BYD,BYDDY
2023-05-11 00:00:00-04:00,10.205945014953613,892200,BYD,BYDDY
2023-05-12 00:00:00-04:00,9.931069374084473,807000,BYD,BYDDY
2023-05-15 00:00:00-04:00,10.246367454528809,1051800,BYD,BYDDY
2023-05-16 00:00:00-04:00,10.028083801269531,649200,BYD,BYDDY
2023-05-17 00:00:00-04:00,9.963407516479492,759000,BYD,BYDDY
2023-05-18 00:00:00-04:00,9.945621490478516,691200,BYD,BYDDY
2023-05-19 00:00:00-04:00,10.099226951599121,630600,BYD,BYDDY
2023-05-22 00:00:00-04:00,10.451713562011719,924600,BYD,BYDDY
2023-05-23 00:00:00-04:00,10.226963996887207,492000,BYD,BYDDY
2023-05-24 00:00:00-04:00,10.094376564025879,870000,BYD,BYDDY
2023-05-25 00:00:00-04:00,9.575348854064941,1864800,BYD,BYDDY
2023-05-26 00:00:00-04:00,9.623856544494629,1581600,BYD,BYDDY
2023-05-30 00:00:00-04:00,9.60930347442627,888000,BYD,BYDDY
2023-05-31 00:00:00-04:00,9.754825592041016,1443000,BYD,BYDDY
2023-06-01 00:00:00-04:00,9.932684898376465,1354800,BYD,BYDDY
2023-06-02 00:00:00-04:00,10.226963996887207,2356800,BYD,BYDDY
2023-06-05 00:00:00-04:00,10.26253604888916,797400,BYD,BYDDY
2023-06-06 00:00:00-04:00,10.560047149658203,1488000,BYD,BYDDY
2023-06-07 00:00:00-04:00,10.346614837646484,747000,BYD,BYDDY
2023-06-08 00:00:00-04:00,10.333680152893066,622800,BYD,BYDDY
2023-06-09 00:00:00-04:00,10.398356437683105,1058400,BYD,BYDDY
2023-06-12 00:00:00-04:00,10.596802711486816,904800,BYD,BYDDY
2023-06-13 00:00:00-04:00,10.739827156066895,1479000,BYD,BYDDY
2023-06-14 00:00:00-04:00,10.873099327087402,1042200,BYD,BYDDY
2023-06-15 00:00:00-04:00,11.344429969787598,1537200,BYD,BYDDY
2023-06-16 00:00:00-04:00,11.138020515441895,1513200,BYD,BYDDY
2023-06-20 00:00:00-04:00,10.889352798461914,2866800,BYD,BYDDY
2023-06-21 00:00:00-04:00,10.89097785949707,1220400,BYD,BYDDY
2023-06-22 00:00:00-04:00,10.863348960876465,591000,BYD,BYDDY
2023-06-23 00:00:00-04:00,10.522040367126465,886800,BYD,BYDDY
2023-06-26 00:00:00-04:00,10.51716423034668,714000,BYD,BYDDY
2023-06-27 00:00:00-04:00,10.551294326782227,1140000,BYD,BYDDY
2023-06-28 00:00:00-04:00,10.460280418395996,635400,BYD,BYDDY
2023-06-29 00:00:00-04:00,10.195359230041504,728400,BYD,BYDDY
2023-06-30 00:00:00-04:00,10.426149368286133,780600,BYD,BYDDY
2023-07-03 00:00:00-04:00,10.746329307556152,1502400,BYD,BYDDY
2023-07-05 00:00:00-04:00,10.921857833862305,1114200,BYD,BYDDY
2023-07-06 00:00:00-04:00,10.80321216583252,990000,BYD,BYDDY
2023-07-07 00:00:00-04:00,10.80321216583252,1052400,BYD,BYDDY
2023-07-10 00:00:00-04:00,10.811339378356934,810600,BYD,BYDDY
2023-07-11 00:00:00-04:00,10.98199462890625,961200,BYD,BYDDY
2023-07-12 00:00:00-04:00,11.043753623962402,1155600,BYD,BYDDY
2023-07-13 00:00:00-04:00,11.017748832702637,681600,BYD,BYDDY
2023-07-14 00:00:00-04:00,11.237161636352539,1326600,BYD,BYDDY
2023-07-17 00:00:00-04:00,11.09738826751709,1444800,BYD,BYDDY
2023-07-18 00:00:00-04:00,10.965741157531738,1156200,BYD,BYDDY
2023-07-19 00:00:00-04:00,11.105514526367188,766200,BYD,BYDDY
2023-07-20 00:00:00-04:00,11.055131912231445,598200,BYD,BYDDY
2023-07-21 00:00:00-04:00,11.050254821777344,390000,BYD,BYDDY
2023-07-24 00:00:00-04:00,11.141270637512207,2182800,BYD,BYDDY
2023-07-25 00:00:00-04:00,10.98361873626709,1011000,BYD,BYDDY
2023-07-26 00:00:00-04:00,11.251789093017578,1665600,BYD,BYDDY
2023-07-27 00:00:00-04:00,10.934860229492188,1251000,BYD,BYDDY
2023-07-28 00:00:00-04:00,11.463075637817383,1655400,BYD,BYDDY
2023-07-31 00:00:00-04:00,11.596348762512207,1669800,BYD,BYDDY
2023-08-01 00:00:00-04:00,11.441946029663086,613200,BYD,BYDDY
2023-08-02 00:00:00-04:00,11.219284057617188,1515000,BYD,BYDDY
2023-08-03 00:00:00-04:00,11.380186080932617,1127400,BYD,BYDDY
2023-08-04 00:00:00-04:00,11.09738826751709,1220400,BYD,BYDDY
2023-08-07 00:00:00-04:00,11.141270637512207,751800,BYD,BYDDY
2023-08-08 00:00:00-04:00,10.726824760437012,1237200,BYD,BYDDY
2023-08-09 00:00:00-04:00,10.637434005737305,852600,BYD,BYDDY
2023-08-10 00:00:00-04:00,10.759330749511719,1196400,BYD,BYDDY
2023-08-11 00:00:00-04:00,10.409895896911621,1539600,BYD,BYDDY
2023-08-14 00:00:00-04:00,9.850801467895508,2042400,BYD,BYDDY
2023-08-15 00:00:00-04:00,9.603758811950684,2356200,BYD,BYDDY
2023-08-16 00:00:00-04:00,9.377845764160156,1064400,BYD,BYDDY
2023-08-17 00:00:00-04:00,9.55825138092041,1143000,BYD,BYDDY
2023-08-18 00:00:00-04:00,9.142180442810059,2277600,BYD,BYDDY
2023-08-21 00:00:00-04:00,9.166559219360352,1509600,BYD,BYDDY
2023-08-22 00:00:00-04:00,9.046289443969727,1666200,BYD,BYDDY
2023-08-23 00:00:00-04:00,9.20556640625,846600,BYD,BYDDY
2023-08-24 00:00:00-04:00,9.22669506072998,1345200,BYD,BYDDY
2023-08-25 00:00:00-04:00,9.369718551635742,2994000,BYD,BYDDY
2023-08-28 00:00:00-04:00,9.511117935180664,1640400,BYD,BYDDY
2023-08-29 00:00:00-04:00,10.026330947875977,1947000,BYD,BYDDY
2023-08-30 00:00:00-04:00,10.268497467041016,927600,BYD,BYDDY
2023-08-31 00:00:00-04:00,10.261995315551758,937800,BYD,BYDDY
2023-09-01 00:00:00-04:00,10.406645774841309,1179600,BYD,BYDDY
2023-09-05 00:00:00-04:00,10.331883430480957,1582800,BYD,BYDDY
2023-09-06 00:00:00-04:00,10.387142181396484,1493400,BYD,BYDDY
2023-09-07 00:00:00-04:00,10.170980453491211,1651200,BYD,BYDDY
2023-09-08 00:00:00-04:00,10.091341972351074,1083000,BYD,BYDDY
2023-09-11 00:00:00-04:00,10.338384628295898,997200,BYD,BYDDY
2023-09-12 00:00:00-04:00,10.66506576538086,1244400,BYD,BYDDY
2023-09-13 00:00:00-04:00,10.304252624511719,1530000,BYD,BYDDY
2023-09-14 00:00:00-04:00,10.222989082336426,850800,BYD,BYDDY
2023-09-15 00:00:00-04:00,10.2164888381958,481800,BYD,BYDDY
2023-09-18 00:00:00-04:00,10.294502258300781,735000,BYD,BYDDY
2023-09-19 00:00:00-04:00,10.159603118896484,1325400,BYD,BYDDY
2023-09-20 00:00:00-04:00,10.135224342346191,753600,BYD,BYDDY
2023-09-21 00:00:00-04:00,9.897933959960938,1013400,BYD,BYDDY
2023-09-22 00:00:00-04:00,10.203485488891602,1065000,BYD,BYDDY
2023-09-25 00:00:00-04:00,10.294502258300781,694200,BYD,BYDDY
2023-09-26 00:00:00-04:00,10.013328552246094,1372200,BYD,BYDDY
2023-09-27 00:00:00-04:00,9.867053031921387,1570800,BYD,BYDDY
2023-09-28 00:00:00-04:00,9.841050148010254,757800,BYD,BYDDY
2023-09-29 00:00:00-04:00,10.011703491210938,1024200,BYD,BYDDY
2023-10-02 00:00:00-04:00,9.967822074890137,1279800,BYD,BYDDY
2023-10-03 00:00:00-04:00,9.888182640075684,1302600,BYD,BYDDY
2023-10-04 00:00:00-04:00,9.676896095275879,1245000,BYD,BYDDY
2023-10-05 00:00:00-04:00,9.701274871826172,701400,BYD,BYDDY
2023-10-06 00:00:00-04:00,9.789039611816406,789000,BYD,BYDDY
2023-10-09 00:00:00-04:00,9.746783256530762,1632000,BYD,BYDDY
2023-10-10 00:00:00-04:00,10.03608226776123,1476000,BYD,BYDDY
2023-10-11 00:00:00-04:00,10.115720748901367,775200,BYD,BYDDY
2023-10-12 00:00:00-04:00,10.105968475341797,1085400,BYD,BYDDY
2023-10-13 00:00:00-04:00,10.011703491210938,444600,BYD,BYDDY
2023-10-16 00:00:00-04:00,10.075089454650879,1029600,BYD,BYDDY
2023-10-17 00:00:00-04:00,10.320505142211914,2469600,BYD,BYDDY
2023-10-18 00:00:00-04:00,10.487909317016602,1357200,BYD,BYDDY
2023-10-19 00:00:00-04:00,10.27499771118164,1209000,BYD,BYDDY
2023-10-20 00:00:00-04:00,10.075089454650879,1170600,BYD,BYDDY
2023-10-23 00:00:00-04:00,10.11734676361084,705000,BYD,BYDDY
2023-10-24 00:00:00-04:00,10.260371208190918,1035000,BYD,BYDDY
2023-10-25 00:00:00-04:00,9.972697257995605,1125000,BYD,BYDDY
2023-10-26 00:00:00-04:00,10.1547269821167,1131600,BYD,BYDDY
2023-10-27 00:00:00-04:00,10.068587303161621,808800,BYD,BYDDY
2023-10-30 00:00:00-04:00,10.206737518310547,849600,BYD,BYDDY
2023-10-31 00:00:00-04:00,9.90118408203125,1548000,BYD,BYDDY
2023-11-01 00:00:00-04:00,9.80691909790039,1088400,BYD,BYDDY
2023-11-02 00:00:00-04:00,9.79716682434082,1329600,BYD,BYDDY
2023-11-03 00:00:00-04:00,10.114095687866211,1143000,BYD,BYDDY
2023-11-06 00:00:00-05:00,10.3253812789917,1054800,BYD,BYDDY
2023-11-07 00:00:00-05:00,10.301002502441406,789600,BYD,BYDDY
2023-11-08 00:00:00-05:00,10.179105758666992,952200,BYD,BYDDY
2023-11-09 00:00:00-05:00,10.07183837890625,1207200,BYD,BYDDY
2023-11-10 00:00:00-05:00,10.050710678100586,868200,BYD,BYDDY
2023-11-13 00:00:00-05:00,10.170980453491211,1394400,BYD,BYDDY
2023-11-14 00:00:00-05:00,10.405020713806152,2047800,BYD,BYDDY
2023-11-15 00:00:00-05:00,10.504161834716797,1847400,BYD,BYDDY
2023-11-16 00:00:00-05:00,10.263620376586914,1444800,BYD,BYDDY
2023-11-17 00:00:00-05:00,10.261995315551758,1238400,BYD,BYDDY
2023-11-20 00:00:00-05:00,10.346510887145996,1046400,BYD,BYDDY
2023-11-21 00:00:00-05:00,10.066962242126465,1617000,BYD,BYDDY
2023-11-22 00:00:00-05:00,10.011703491210938,1598400,BYD,BYDDY
2023-11-24 00:00:00-05:00,9.654142379760742,1366800,BYD,BYDDY
2023-11-27 00:00:00-05:00,9.359967231750488,2456400,BYD,BYDDY
2023-11-28 00:00:00-05:00,9.18443775177002,2592000,BYD,BYDDY
2023-11-29 00:00:00-05:00,8.852880477905273,2965200,BYD,BYDDY
2023-11-30 00:00:00-05:00,8.729360580444336,1949400,BYD,BYDDY
2023-12-01 00:00:00-05:00,8.599337577819824,1671000,BYD,BYDDY
2023-12-04 00:00:00-05:00,8.690354347229004,2615400,BYD,BYDDY
2023-12-05 00:00:00-05:00,8.691978454589844,1851600,BYD,BYDDY
2023-12-06 00:00:00-05:00,8.878884315490723,2008200,BYD,BYDDY
2023-12-07 00:00:00-05:00,8.930893898010254,1779600,BYD,BYDDY
2023-12-08 00:00:00-05:00,8.743988037109375,1002600,BYD,BYDDY
2023-12-11 00:00:00-05:00,8.732610702514648,1966800,BYD,BYDDY
2023-12-12 00:00:00-05:00,8.594461441040039,1479600,BYD,BYDDY
2023-12-13 00:00:00-05:00,8.508323669433594,2433000,BYD,BYDDY
2023-12-14 00:00:00-05:00,8.730985641479492,2503200,BYD,BYDDY
2023-12-15 00:00:00-05:00,8.527825355529785,3000600,BYD,BYDDY
2023-12-18 00:00:00-05:00,8.394552230834961,1571400,BYD,BYDDY
2023-12-19 00:00:00-05:00,8.501821517944336,1468200,BYD,BYDDY
2023-12-20 00:00:00-05:00,8.20114517211914,2494800,BYD,BYDDY
2023-12-21 00:00:00-05:00,8.483943939208984,1812600,BYD,BYDDY
2023-12-22 00:00:00-05:00,8.566832542419434,1969200,BYD,BYDDY
2023-12-26 00:00:00-05:00,8.675725936889648,2619000,BYD,BYDDY
2023-12-27 00:00:00-05:00,8.662723541259766,2817600,BYD,BYDDY
2023-12-28 00:00:00-05:00,8.948772430419922,3306600,BYD,BYDDY
2023-12-29 00:00:00-05:00,8.982904434204102,2553000,BYD,BYDDY
2024-01-02 00:00:00-05:00,8.727734565734863,5293200,BYD,BYDDY
2024-01-03 00:00:00-05:00,8.851256370544434,4729800,BYD,BYDDY
2024-01-04 00:00:00-05:00,8.71310806274414,4086600,BYD,BYDDY
2024-01-05 00:00:00-05:00,8.674101829528809,2330400,BYD,BYDDY
2024-01-08 00:00:00-05:00,8.64647102355957,3799200,BYD,BYDDY
2024-01-09 00:00:00-05:00,8.623717308044434,6401400,BYD,BYDDY
2024-01-10 00:00:00-05:00,8.535951614379883,2977200,BYD,BYDDY
2024-01-11 00:00:00-05:00,8.804121971130371,3294000,BYD,BYDDY
2024-01-12 00:00:00-05:00,8.756989479064941,1857600,BYD,BYDDY
2024-01-16 00:00:00-05:00,8.474190711975098,3832200,BYD,BYDDY
2024-01-17 00:00:00-05:00,8.141009330749512,4334400,BYD,BYDDY
2024-01-18 00:00:00-05:00,8.199520111083984,1932600,BYD,BYDDY
2024-01-19 00:00:00-05:00,8.215773582458496,2861400,BYD,BYDDY
2024-01-22 00:00:00-05:00,8.069497108459473,3060600,BYD,BYDDY
2024-01-23 00:00:00-05:00,8.391302108764648,3008400,BYD,BYDDY
2024-01-24 00:00:00-05:00,8.327917098999023,3373800,BYD,BYDDY
2024-01-25 00:00:00-05:00,8.209271430969238,2872200,BYD,BYDDY
2024-01-26 00:00:00-05:00,8.00936222076416,4681200,BYD,BYDDY
2024-01-29 00:00:00-05:00,7.573789119720459,6628200,BYD,BYDDY
2024-01-30 00:00:00-05:00,7.391757488250732,6767400,BYD,BYDDY
2024-01-31 00:00:00-05:00,7.3007426261901855,3101400,BYD,BYDDY
2024-02-01 00:00:00-05:00,7.3625030517578125,3765000,BYD,BYDDY
2024-02-02 00:00:00-05:00,7.185347080230713,4644000,BYD,BYDDY
2024-02-05 00:00:00-05:00,7.099207878112793,3403200,BYD,BYDDY
2024-02-06 00:00:00-05:00,7.620921611785889,3825000,BYD,BYDDY
2024-02-07 00:00:00-05:00,7.637174606323242,3629400,BYD,BYDDY
2024-02-08 00:00:00-05:00,7.640425205230713,2909400,BYD,BYDDY
2024-02-09 00:00:00-05:00,7.643674850463867,2250600,BYD,BYDDY
2024-02-12 00:00:00-05:00,7.832207679748535,2662200,BYD,BYDDY
2024-02-13 00:00:00-05:00,7.632298946380615,2535600,BYD,BYDDY
2024-02-14 00:00:00-05:00,7.6664299964904785,1473000,BYD,BYDDY
2024-02-15 00:00:00-05:00,7.651801586151123,1914600,BYD,BYDDY
2024-02-16 00:00:00-05:00,7.915096759796143,2937000,BYD,BYDDY
2024-02-20 00:00:00-05:00,7.572163105010986,3439200,BYD,BYDDY
2024-02-21 00:00:00-05:00,7.734691143035889,2507400,BYD,BYDDY
2024-02-22 00:00:00-05:00,7.746067523956299,2224800,BYD,BYDDY
2024-02-23 00:00:00-05:00,7.643674850463867,1663800,BYD,BYDDY
2024-02-26 00:00:00-05:00,7.997986316680908,4029600,BYD,BYDDY
2024-02-27 00:00:00-05:00,8.301912307739258,5603400,BYD,BYDDY
2024-02-28 00:00:00-05:00,7.973607540130615,4906200,BYD,BYDDY
2024-02-29 00:00:00-05:00,8.025614738464355,3564600,BYD,BYDDY
2024-03-01 00:00:00-05:00,8.105255126953125,2189400,BYD,BYDDY
2024-03-04 00:00:00-05:00,7.840333938598633,3757200,BYD,BYDDY
2024-03-05 00:00:00-05:00,7.919972896575928,2523000,BYD,BYDDY
2024-03-06 00:00:00-05:00,8.00936222076416,1677600,BYD,BYDDY
2024-03-07 00:00:00-05:00,7.85496187210083,1526400,BYD,BYDDY
2024-03-08 00:00:00-05:00,7.762320518493652,1818000,BYD,BYDDY
2024-03-11 00:00:00-04:00,8.227149963378906,3174000,BYD,BYDDY
2024-03-12 00:00:00-04:00,8.654597282409668,3351000,BYD,BYDDY
2024-03-13 00:00:00-04:00,8.602588653564453,2433000,BYD,BYDDY
2024-03-14 00:00:00-04:00,8.662723541259766,2669400,BYD,BYDDY
2024-03-15 00:00:00-04:00,8.68222713470459,1188000,BYD,BYDDY
2024-03-18 00:00:00-04:00,8.921142578125,1960200,BYD,BYDDY
2024-03-19 00:00:00-04:00,8.917892456054688,1415400,BYD,BYDDY
2024-03-20 00:00:00-04:00,8.98940372467041,1194000,BYD,BYDDY
2024-03-21 00:00:00-04:00,8.893512725830078,1063200,BYD,BYDDY
2024-03-22 00:00:00-04:00,8.849630355834961,1059000,BYD,BYDDY
2024-03-25 00:00:00-04:00,8.756989479064941,1759800,BYD,BYDDY
2024-03-26 00:00:00-04:00,8.81712532043457,1894800,BYD,BYDDY
2024-03-27 00:00:00-04:00,8.388052940368652,6181200,BYD,BYDDY
2024-03-28 00:00:00-04:00,8.2515287399292,3517800,BYD,BYDDY
2024-04-01 00:00:00-04:00,8.417306900024414,2554800,BYD,BYDDY
2024-04-02 00:00:00-04:00,8.378300666809082,2020200,BYD,BYDDY
2024-04-03 00:00:00-04:00,8.318164825439453,1371000,BYD,BYDDY
2024-04-04 00:00:00-04:00,8.279158592224121,1432800,BYD,BYDDY
2024-04-05 00:00:00-04:00,8.279158592224121,4220400,BYD,BYDDY
2024-04-08 00:00:00-04:00,8.444936752319336,1185600,BYD,BYDDY
2024-04-09 00:00:00-04:00,8.687102317810059,2508000,BYD,BYDDY
2024-04-10 00:00:00-04:00,8.61071491241455,1431000,BYD,BYDDY
2024-04-11 00:00:00-04:00,8.688727378845215,1836600,BYD,BYDDY
2024-04-12 00:00:00-04:00,8.545703887939453,1534800,BYD,BYDDY
2024-04-15 00:00:00-04:00,8.446562767028809,1668000,BYD,BYDDY
2024-04-16 00:00:00-04:00,8.477441787719727,2397000,BYD,BYDDY
2024-04-17 00:00:00-04:00,8.376675605773926,912600,BYD,BYDDY
2024-04-18 00:00:00-04:00,8.461190223693848,1600200,BYD,BYDDY
2024-04-19 00:00:00-04:00,8.337668418884277,970200,BYD,BYDDY
2024-04-22 00:00:00-04:00,8.378300666809082,2369400,BYD,BYDDY
2024-04-23 00:00:00-04:00,8.158888816833496,2975400,BYD,BYDDY
2024-04-24 00:00:00-04:00,8.323040962219238,1173600,BYD,BYDDY
2024-04-25 00:00:00-04:00,8.482316970825195,987600,BYD,BYDDY
2024-04-26 00:00:00-04:00,8.82850170135498,2221200,BYD,BYDDY
2024-04-29 00:00:00-04:00,8.995905876159668,2232000,BYD,BYDDY
2024-04-30 00:00:00-04:00,8.852880477905273,1114800,BYD,BYDDY
2024-05-01 00:00:00-04:00,8.955273628234863,1669800,BYD,BYDDY
2024-05-02 00:00:00-04:00,9.537121772766113,3349200,BYD,BYDDY
2024-05-03 00:00:00-04:00,9.450983047485352,1868400,BYD,BYDDY
2024-05-06 00:00:00-04:00,9.415226936340332,2217000,BYD,BYDDY
2024-05-07 00:00:00-04:00,9.429854393005371,1729800,BYD,BYDDY
2024-05-08 00:00:00-04:00,9.247822761535645,1298400,BYD,BYDDY
2024-05-09 00:00:00-04:00,9.420103073120117,1110000,BYD,BYDDY
2024-05-10 00:00:00-04:00,9.228320121765137,1531800,BYD,BYDDY
2024-05-13 00:00:00-04:00,9.301457405090332,1573200,BYD,BYDDY
2024-05-14 00:00:00-04:00,9.272202491760254,2603400,BYD,BYDDY
2024-05-15 00:00:00-04:00,9.177936553955078,2356200,BYD,BYDDY
2024-05-16 00:00:00-04:00,9.281953811645508,1992600,BYD,BYDDY
2024-05-17 00:00:00-04:00,9.316085815429688,1660800,BYD,BYDDY
2024-05-20 00:00:00-04:00,9.34533977508545,1168200,BYD,BYDDY
2024-05-21 00:00:00-04:00,9.099923133850098,1925400,BYD,BYDDY
2024-05-22 00:00:00-04:00,8.859382629394531,1499400,BYD,BYDDY
2024-05-23 00:00:00-04:00,8.62534236907959,1758000,BYD,BYDDY
2024-05-24 00:00:00-04:00,8.678976058959961,925800,BYD,BYDDY
2024-05-28 00:00:00-04:00,8.573333740234375,1818600,BYD,BYDDY
2024-05-29 00:00:00-04:00,9.039789199829102,1822200,BYD,BYDDY
2024-05-30 00:00:00-04:00,9.247822761535645,1932000,BYD,BYDDY
2024-05-31 00:00:00-04:00,9.119427680969238,1137600,BYD,BYDDY
2024-06-03 00:00:00-04:00,9.488363265991211,2370000,BYD,BYDDY
2024-06-04 00:00:00-04:00,9.553375244140625,1433400,BYD,BYDDY
2024-06-05 00:00:00-04:00,9.743532180786133,1296000,BYD,BYDDY
2024-06-06 00:00:00-04:00,9.51436996459961,1351200,BYD,BYDDY
2024-06-07 00:00:00-04:00,9.36646842956543,667200,BYD,BYDDY
2024-06-10 00:00:00-04:00,9.35184097290039,827400,BYD,BYDDY
2024-06-11 00:00:00-04:00,9.517619132995605,1111800,BYD,BYDDY
2024-06-12 00:00:00-04:00,9.403478622436523,3378600,BYD,BYDDY
2024-06-13 00:00:00-04:00,9.675636291503906,2871600,BYD,BYDDY
2024-06-14 00:00:00-04:00,9.599761962890625,796200,BYD,BYDDY
2024-06-17 00:00:00-04:00,9.79439640045166,1603800,BYD,BYDDY
2024-06-18 00:00:00-04:00,9.97088623046875,4756800,BYD,BYDDY
2024-06-20 00:00:00-04:00,9.975834846496582,1342200,BYD,BYDDY
2024-06-21 00:00:00-04:00,9.960989952087402,1222200,BYD,BYDDY
2024-06-24 00:00:00-04:00,10.124284744262695,1069800,BYD,BYDDY
2024-06-25 00:00:00-04:00,10.031916618347168,910200,BYD,BYDDY
2024-06-26 00:00:00-04:00,9.969236373901367,970200,BYD,BYDDY
2024-06-27 00:00:00-04:00,9.690481185913086,1167600,BYD,BYDDY
2024-06-28 00:00:00-04:00,9.744913101196289,615000,BYD,BYDDY
2024-07-01 00:00:00-04:00,9.853775978088379,849000,BYD,BYDDY
2024-07-02 00:00:00-04:00,9.725119590759277,981000,BYD,BYDDY
2024-07-03 00:00:00-04:00,9.814189910888672,805200,BYD,BYDDY
2024-07-05 00:00:00-04:00,9.913156509399414,1266600,BYD,BYDDY
2024-07-08 00:00:00-04:00,9.805941581726074,958800,BYD,BYDDY
2024-07-09 00:00:00-04:00,9.962638854980469,1596000,BYD,BYDDY
2024-07-10 00:00:00-04:00,10.112738609313965,1425000,BYD,BYDDY
2024-07-11 00:00:00-04:00,10.32221794128418,1247400,BYD,BYDDY
2024-07-12 00:00:00-04:00,10.399742126464844,1395600,BYD,BYDDY
2024-07-15 00:00:00-04:00,10.267786026000977,980400,BYD,BYDDY
2024-07-16 00:00:00-04:00,10.215003967285156,921600,BYD,BYDDY
2024-07-17 00:00:00-04:00,10.020369529724121,1295400,BYD,BYDDY
2024-07-18 00:00:00-04:00,10.091296195983887,871200,BYD,BYDDY
2024-07-19 00:00:00-04:00,10.234798431396484,492000,BYD,BYDDY
2024-07-22 00:00:00-04:00,10.41623592376709,1170600,BYD,BYDDY
2024-07-23 00:00:00-04:00,10.012123107910156,2860200,BYD,BYDDY
2024-07-24 00:00:00-04:00,9.751510620117188,1665600,BYD,BYDDY
2024-07-25 00:00:00-04:00,9.9741849899292,1758000,BYD,BYDDY
2024-07-26 00:00:00-04:00,10.010473251342773,734400,BYD,BYDDY
2024-07-29 00:00:00-04:00,9.781200408935547,993000,BYD,BYDDY
2024-07-30 00:00:00-04:00,9.459559440612793,1321800,BYD,BYDDY
2024-07-31 00:00:00-04:00,9.819138526916504,1822800,BYD,BYDDY
2024-08-01 00:00:00-04:00,9.444713592529297,1153800,BYD,BYDDY
2024-08-02 00:00:00-04:00,9.197297096252441,1069200,BYD,BYDDY
2024-08-05 00:00:00-04:00,9.022457122802734,5593200,BYD,BYDDY
2024-08-06 00:00:00-04:00,8.882254600524902,1150800,BYD,BYDDY
2024-08-07 00:00:00-04:00,8.869058609008789,1066200,BYD,BYDDY
2024-08-08 00:00:00-04:00,8.898748397827148,1216800,BYD,BYDDY
2024-08-09 00:00:00-04:00,9.070290565490723,829800,BYD,BYDDY
2024-08-12 00:00:00-04:00,9.022457122802734,663000,BYD,BYDDY
2024-08-13 00:00:00-04:00,9.09503173828125,1303200,BYD,BYDDY
2024-08-14 00:00:00-04:00,9.025754928588867,3678600,BYD,BYDDY
2024-08-15 00:00:00-04:00,9.202245712280273,1415400,BYD,BYDDY
2024-08-16 00:00:00-04:00,9.411725044250488,1035000,BYD,BYDDY
2024-08-19 00:00:00-04:00,9.459559440612793,935400,BYD,BYDDY
2024-08-20 00:00:00-04:00,9.327603340148926,1016400,BYD,BYDDY
2024-08-21 00:00:00-04:00,9.546979904174805,1053600,BYD,BYDDY
2024-08-22 00:00:00-04:00,9.490899085998535,795600,BYD,BYDDY
2024-08-23 00:00:00-04:00,9.586566925048828,884400,BYD,BYDDY
2024-08-26 00:00:00-04:00,9.540382385253906,1393800,BYD,BYDDY
2024-08-27 00:00:00-04:00,9.629451751708984,1233000,BYD,BYDDY
2024-08-28 00:00:00-04:00,9.34904670715332,1707600,BYD,BYDDY
2024-08-29 00:00:00-04:00,9.642646789550781,993600,BYD,BYDDY
2024-08-30 00:00:00-04:00,10.055007934570312,2117400,BYD,BYDDY
2024-09-03 00:00:00-04:00,9.84717845916748,1148400,BYD,BYDDY
2024-09-04 00:00:00-04:00,9.916455268859863,873000,BYD,BYDDY
2024-09-05 00:00:00-04:00,10.033565521240234,3646800,BYD,BYDDY
2024-09-06 00:00:00-04:00,9.871920585632324,1248600,BYD,BYDDY
2024-09-09 00:00:00-04:00,9.997278213500977,1941000,BYD,BYDDY
2024-09-10 00:00:00-04:00,9.923052787780762,1047600,BYD,BYDDY
2024-09-11 00:00:00-04:00,10.213354110717773,1712400,BYD,BYDDY
2024-09-12 00:00:00-04:00,10.091296195983887,1179000,BYD,BYDDY
2024-09-13 00:00:00-04:00,10.107789993286133,974400,BYD,BYDDY
2024-09-16 00:00:00-04:00,10.11933708190918,1212600,BYD,BYDDY
2024-09-17 00:00:00-04:00,10.218302726745605,1036800,BYD,BYDDY
2024-09-18 00:00:00-04:00,10.25459098815918,3628800,BYD,BYDDY
2024-09-19 00:00:00-04:00,10.426133155822754,1120800,BYD,BYDDY
2024-09-20 00:00:00-04:00,10.320569038391113,1037400,BYD,BYDDY
2024-09-23 00:00:00-04:00,10.264488220214844,1882800,BYD,BYDDY
2024-09-24 00:00:00-04:00,10.853339195251465,2815800,BYD,BYDDY
2024-09-25 00:00:00-04:00,10.729631423950195,971400,BYD,BYDDY
2024-09-26 00:00:00-04:00,11.249205589294434,2892600,BYD,BYDDY
2024-09-27 00:00:00-04:00,11.684659004211426,3894600,BYD,BYDDY
2024-09-30 00:00:00-04:00,11.704451560974121,3392400,BYD,BYDDY
2024-10-01 00:00:00-04:00,12.288354873657227,6811800,BYD,BYDDY
2024-10-02 00:00:00-04:00,12.588553428649902,3408000,BYD,BYDDY
2024-10-03 00:00:00-04:00,12.547317504882812,2593800,BYD,BYDDY
2024-10-04 00:00:00-04:00,12.831022262573242,3750600,BYD,BYDDY
2024-10-07 00:00:00-04:00,13.776152610778809,5966400,BYD,BYDDY
2024-10-08 00:00:00-04:00,12.486288070678711,6753000,BYD,BYDDY
2024-10-09 00:00:00-04:00,12.347735404968262,3282600,BYD,BYDDY
2024-10-10 00:00:00-04:00,12.603398323059082,1907400,BYD,BYDDY
2024-10-11 00:00:00-04:00,12.623191833496094,2842800,BYD,BYDDY
2024-10-14 00:00:00-04:00,12.075576782226562,2803800,BYD,BYDDY
2024-10-15 00:00:00-04:00,11.463632583618164,3100200,BYD,BYDDY
2024-10-16 00:00:00-04:00,11.5230131149292,1711800,BYD,BYDDY
2024-10-17 00:00:00-04:00,11.34487247467041,3105600,BYD,BYDDY
2024-10-18 00:00:00-04:00,12.138256072998047,2524200,BYD,BYDDY
2024-10-21 00:00:00-04:00,12.182790756225586,1620000,BYD,BYDDY
2024-10-22 00:00:00-04:00,12.126708984375,1201800,BYD,BYDDY
2024-10-23 00:00:00-04:00,12.068978309631348,994200,BYD,BYDDY
2024-10-24 00:00:00-04:00,12.108565330505371,2180400,BYD,BYDDY
2024-10-25 00:00:00-04:00,12.3922700881958,1408800,BYD,BYDDY
2024-10-28 00:00:00-04:00,12.6017484664917,2042400,BYD,BYDDY
2024-10-29 00:00:00-04:00,12.540719985961914,893400,BYD,BYDDY
2024-10-30 00:00:00-04:00,12.618243217468262,1791600,BYD,BYDDY
2024-10-31 00:00:00-04:00,11.999702453613281,2807400,BYD,BYDDY
2024-11-01 00:00:00-04:00,11.884241104125977,2300400,BYD,BYDDY
2024-11-04 00:00:00-05:00,12.120111465454102,1483800,BYD,BYDDY
2024-11-05 00:00:00-05:00,12.426908493041992,1941000,BYD,BYDDY
2024-11-06 00:00:00-05:00,11.864447593688965,3235800,BYD,BYDDY
2024-11-07 00:00:00-05:00,12.181140899658203,2767200,BYD,BYDDY
2024-11-08 00:00:00-05:00,11.630227088928223,2891400,BYD,BYDDY
2024-11-11 00:00:00-05:00,11.699503898620605,2465400,BYD,BYDDY
2024-11-12 00:00:00-05:00,11.496622085571289,2199600,BYD,BYDDY
2024-11-13 00:00:00-05:00,11.51971435546875,1765200,BYD,BYDDY
2024-11-14 00:00:00-05:00,11.170032501220703,1737600,BYD,BYDDY
2024-11-15 00:00:00-05:00,11.188176155090332,1150800,BYD,BYDDY
2024-11-18 00:00:00-05:00,11.386109352111816,1162200,BYD,BYDDY
2024-11-19 00:00:00-05:00,11.283843994140625,624600,BYD,BYDDY
2024-11-20 00:00:00-05:00,11.193124771118164,1978800,BYD,BYDDY
2024-11-21 00:00:00-05:00,11.155186653137207,1173600,BYD,BYDDY
2024-11-22 00:00:00-05:00,11.014984130859375,3099600,BYD,BYDDY
2024-11-25 00:00:00-05:00,10.995190620422363,1103400,BYD,BYDDY
2024-11-26 00:00:00-05:00,10.840143203735352,1708200,BYD,BYDDY
2024-11-27 00:00:00-05:00,10.998489379882812,1536000,BYD,BYDDY
2024-11-29 00:00:00-05:00,10.871482849121094,869400,BYD,BYDDY
2024-12-02 00:00:00-05:00,11.097455978393555,1090800,BYD,BYDDY
2024-12-03 00:00:00-05:00,11.067766189575195,2203800,BYD,BYDDY
2024-12-04 00:00:00-05:00,10.98364543914795,2109000,BYD,BYDDY
2024-12-05 00:00:00-05:00,10.858287811279297,998400,BYD,BYDDY
2024-12-06 00:00:00-05:00,11.216216087341309,1331400,BYD,BYDDY
2024-12-09 00:00:00-05:00,11.984856605529785,3418800,BYD,BYDDY
2024-12-10 00:00:00-05:00,11.569196701049805,1330800,BYD,BYDDY
2024-12-11 00:00:00-05:00,11.60218620300293,1135800,BYD,BYDDY
2024-12-12 00:00:00-05:00,11.755584716796875,816600,BYD,BYDDY
2024-12-13 00:00:00-05:00,11.410850524902344,952200,BYD,BYDDY
2024-12-16 00:00:00-05:00,11.080962181091309,1371000,BYD,BYDDY
2024-12-17 00:00:00-05:00,11.379510879516602,1060200,BYD,BYDDY
2024-12-18 00:00:00-05:00,11.191474914550781,1321800,BYD,BYDDY
2024-12-19 00:00:00-05:00,11.33002758026123,1132800,BYD,BYDDY
2024-12-20 00:00:00-05:00,11.397656440734863,1851600,BYD,BYDDY
2024-12-23 00:00:00-05:00,11.39600658416748,676800,BYD,BYDDY
2024-12-24 00:00:00-05:00,11.735790252685547,697800,BYD,BYDDY
2024-12-26 00:00:00-05:00,11.725894927978516,571800,BYD,BYDDY
2024-12-27 00:00:00-05:00,11.552702903747559,1712400,BYD,BYDDY
2024-12-30 00:00:00-05:00,11.303637504577637,1009800,BYD,BYDDY
